cell_id,true_label,pred_label,model
GTCCTCACAGCGTCCA_JIA_CD7_3,Cycling NK,Cycling NK,geneformer_mlp_probe
GGATGTTGTAAATGTG_JIA_CD7_5,Cycling NK,Cycling NK,geneformer_mlp_probe
TGTGTTTTCGCTGATA_JIA_Total_25,CD56dim NK,CD56dim NK,geneformer_mlp_probe
CGTCCATCAATCTACG_JIA_CD7_5,Cycling NK,Cycling NK,geneformer_mlp_probe
AGGGATGAGGACAGAA_JIA_CD7_3,C1,CD56bright NK,geneformer_mlp_probe
GACTAACCACTACAGT_JIA_CD7_5,CD56bright NK,Cycling NK,geneformer_mlp_probe
TCATGTTAGTCACTAC_JIA_DC_1,C2,C1,geneformer_mlp_probe
AGGGTGACAGTCACTA_JIA_CD7_5,Cycling NK,Cycling NK,geneformer_mlp_probe
CATCGAACACTCTGTC_JIA_CD7_4,CD56dim NK,C2,geneformer_mlp_probe
GTTCTCGCACCTCGGA_JIA_CD7_5,Cycling NK,Cycling NK,geneformer_mlp_probe
CTACCCATCTGCAAGT_JIA_CD7_5,Cycling NK,Cycling NK,geneformer_mlp_probe
TGCGCAGTCGGTGTCG_JIA_CD7_4,CD56dim NK,CD56dim NK,geneformer_mlp_probe
ACGGAGACACGGCTAC_JIA_CD7_2,C1,CD56bright NK,geneformer_mlp_probe
CGGCTAGAGGTAGCTG_JIA_CD7_5,C2,C2,geneformer_mlp_probe
CTGCGAGTCCTCACTG_JIA_DC_2,C3,C3,geneformer_mlp_probe
CCTTCGAGTTATCCGA_JIA_CD7_3,C1,C1,geneformer_mlp_probe
CTGGTCTGTCGCGTGT_JIA_CD7_5,ILC2,ILC2,geneformer_mlp_probe
TCTATTGTCACAACGT_JIA_CD7_4,CD56bright NK,C1,geneformer_mlp_probe
TCTGGAATCCGTAGTA_JIA_CD7_2,ILC2,ILC2,geneformer_mlp_probe
TGATTTCAGTGACATA_JIA_CD7_1,CD56dim NK,CD56dim NK,geneformer_mlp_probe
CTAATGGCAATAGCAA_JIA_CD7_3,C3,C1,geneformer_mlp_probe
TCTGGAACACAGACAG_JIA_CD7_5,C1,C1,geneformer_mlp_probe
AGCGGTCCAATGGTCT_JIA_Total_7,Cycling NK,Cycling NK,geneformer_mlp_probe
ACATTTCCACAGCATT_JIA_DC_1,C1,C1,geneformer_mlp_probe
CGGAGTCTCTCGCATC_JIA_CD7_2,C2,Cycling NK,geneformer_mlp_probe
ACGGGCTTCAGTTGAC_JIA_Total_1,CD56bright NK,CD56bright NK,geneformer_mlp_probe
CGCTATCCATAACCTG_JIA_CD7_3,CD56dim NK,CD56dim NK,geneformer_mlp_probe
GCAGCCAGTCCGAACC_JIA_CD7_4,C2,C2,geneformer_mlp_probe
GAGTCCGAGCGCTCCA_JIA_CD7_5,Cycling NK,Cycling NK,geneformer_mlp_probe
CGCTTCATCTCATTCA_JIA_CD7_4,C2,Naïve-like ILC,geneformer_mlp_probe
ACATCAGAGCGATGAC_JIA_CD7_1,C2,C2,geneformer_mlp_probe
CTCTACGCAAGGACTG_JIA_CD7_3,ILC2,ILC2,geneformer_mlp_probe
CCACTACTCAGAAATG_JIA_CD7_4,C1,C1,geneformer_mlp_probe
AGGCCACTCTACGAGT_JIA_Total_1,CD56dim NK,CD56dim NK,geneformer_mlp_probe
TCAGCAAAGCGTAATA_JIA_CD7_4,CD56dim NK,CD56bright NK,geneformer_mlp_probe
GTAACGTAGCGATGAC_JIA_CD7_4,C1,C1,geneformer_mlp_probe
CCGGGTAAGTTCGCAT_JIA_DC_1,C2,C1,geneformer_mlp_probe
CTACGTCCAATCTGCA_JIA_Total_24,Cycling NK,Cycling NK,geneformer_mlp_probe
TCTCACGGTCCGGTCA_JIA_DC_3,C1,C1,geneformer_mlp_probe
CGAACATGTGTGTGCC_JIA_CD7_4,C1,C1,geneformer_mlp_probe
CGGAGTCTCGGTCCGA_JIA_CD7_1,C2,C1,geneformer_mlp_probe
GGACATTAGATCGATA_JIA_CD7_2,Cycling NK,Cycling NK,geneformer_mlp_probe
AGGAGGTTCCCTTCCC_JIA_CD45_2,C2,CD56bright NK,geneformer_mlp_probe
CCACCTACAGATCCAT_JIA_CD7_4,CD56bright NK,CD56bright NK,geneformer_mlp_probe
TGCCCATTCACCATAG_JIA_CD7_3,Cycling NK,Cycling NK,geneformer_mlp_probe
GACAGAGCACAAGACG_JIA_CD7_3,C2,C1,geneformer_mlp_probe
ATTCTACTCACCATAG_JIA_Total_14,C1,C1,geneformer_mlp_probe
ACAGCTAGTGATAAAC_JIA_CD7_3,C3,C3,geneformer_mlp_probe
AGGTCATGTTACCAGT_JIA_CD7_5,C2,C1,geneformer_mlp_probe
CTTGGCTGTGGTCCGT_JIA_Total_1,Cycling NK,Cycling NK,geneformer_mlp_probe
CATATTCAGTTAGCGG_JIA_CD7_5,Cycling NK,Cycling NK,geneformer_mlp_probe
GTTTCTAGTAGCGTAG_JIA_CD7_5,C2,C2,geneformer_mlp_probe
GTGAAGGCATAGTAAG_JIA_CD7_2,Cycling NK,Cycling NK,geneformer_mlp_probe
GACCCTTGTGCGCTCA_JIA_DC_1,C1,C1,geneformer_mlp_probe
AGGGTGAGTCTAGAGG_JIA_Total_20,C1,C1,geneformer_mlp_probe
AAGGCAGCAAGAGGCT_JIA_CD7_5,Cycling NK,Cycling NK,geneformer_mlp_probe
CGAGCCAAGAATTGTG_JIA_CD7_2,CD56bright NK,CD56bright NK,geneformer_mlp_probe
CTCGGAGTCCGCATCT_JIA_CD7_2,CD56bright NK,C1,geneformer_mlp_probe
CCGGGATGTACCGGCT_JIA_CD7_3,C2,CD56bright NK,geneformer_mlp_probe
GACGGCTAGAGCTGCA_JIA_CD7_2,CD56dim NK,CD56dim NK,geneformer_mlp_probe
CCTATTATCAGAGCTT_JIA_CD7_4,C3,C2,geneformer_mlp_probe
CATTCGCCACTAAGTC_JIA_CD7_2,CD56bright NK,CD56bright NK,geneformer_mlp_probe
TACCTTATCGCTGATA_JIA_CD7_1,Cycling NK,Cycling NK,geneformer_mlp_probe
TAGAGCTGTAAGAGAG_JIA_CD7_4,C2,C2,geneformer_mlp_probe
GCTGCTTGTTTCCACC_JIA_CD7_1,C2,C3,geneformer_mlp_probe
AAGCCGCCACAAGTAA_JIA_CD7_5,C1,C1,geneformer_mlp_probe
GATGAGGAGACCTAGG_JIA_CD7_5,Cycling NK,Cycling NK,geneformer_mlp_probe
TCGGTAATCTAGCACA_JIA_Total_24,Cycling NK,Cycling NK,geneformer_mlp_probe
AGCATACTCATATCGG_JIA_CD7_4,ILC2,ILC2,geneformer_mlp_probe
CATGACATCAATACCG_JIA_CD7_4,C1,C1,geneformer_mlp_probe
TGCGTGGGTCTAGCCG_JIA_CD7_1,Cycling NK,Cycling NK,geneformer_mlp_probe
GTGGTTAGTATCGCTA_JIA_DC_3,Cycling NK,Cycling NK,geneformer_mlp_probe
ATTATCCTCAACGGGA_JIA_CD7_3,C2,C2,geneformer_mlp_probe
CGGACACCATTTCACT_JIA_CD7_1,Cycling NK,Cycling NK,geneformer_mlp_probe
TACGGATTCCGTCAAA_JIA_CD7_5,Cycling NK,Cycling NK,geneformer_mlp_probe
CGTTGGGAGGAGTAGA_JIA_CD7_4,C2,C2,geneformer_mlp_probe
GGTGTTACAGACAAGC_JIA_CD7_4,Cycling NK,C2,geneformer_mlp_probe
GTTTCTACATGACATC_JIA_CD7_3,ILC2,ILC2,geneformer_mlp_probe
GCAGCCAGTCCGTCAG_JIA_CD7_2,CD56bright NK,CD56bright NK,geneformer_mlp_probe
ACAGCTATCATGCAAC_JIA_CD7_5,Cycling NK,Cycling NK,geneformer_mlp_probe
GTCCTCACACATCCGG_JIA_CD7_3,C1,Cycling NK,geneformer_mlp_probe
AAGACAAGTGAATGTA_JIA_DC_2,C1,C1,geneformer_mlp_probe
TTACCGCAGCTTCTAG_JIA_CD45_1,ILC2,ILC2,geneformer_mlp_probe
CAGCCGAAGAGGTTAT_JIA_CD7_5,C1,C2,geneformer_mlp_probe
ACGCCGAAGCTCAACT_JIA_CD7_4,C3,C3,geneformer_mlp_probe
CTACGTCAGGGCTTCC_JIA_CD7_4,C1,C1,geneformer_mlp_probe
CACCTTGAGCCCAACC_JIA_Total_1,Cycling NK,Cycling NK,geneformer_mlp_probe
GTGCGGTGTATAGGTA_JIA_CD7_5,ILC3,ILC3,geneformer_mlp_probe
GAAGCAGTCACCTTAT_JIA_CD7_4,Naïve-like ILC,Naïve-like ILC,geneformer_mlp_probe
TCGTAGATCGTGGTCG_JIA_CD7_4,C2,C2,geneformer_mlp_probe
ATCATGGAGCCACCTG_JIA_CD7_4,C2,CD56bright NK,geneformer_mlp_probe
TTGACTTTCATTTGGG_JIA_Total_24,C2,C2,geneformer_mlp_probe
AGGGAGTCAACACCTA_JIA_CD7_5,C2,CD56bright NK,geneformer_mlp_probe
GACGTGCGTCTGGAGA_JIA_CD7_1,C1,C1,geneformer_mlp_probe
CTGTTTAGTGGCGAAT_JIA_Total_23,CD56bright NK,CD56bright NK,geneformer_mlp_probe
TGACTTTAGAGACGAA_JIA_CD7_5,Cycling NK,Cycling NK,geneformer_mlp_probe
GGAATAAGTCACACGC_JIA_CD7_3,CD56bright NK,Cycling NK,geneformer_mlp_probe
GACTACAAGATCGATA_JIA_CD7_3,C3,C2,geneformer_mlp_probe
GGGCATCAGAGACTTA_JIA_Total_24,C3,C3,geneformer_mlp_probe
ACCAGTAAGTGGGCTA_JIA_CD7_4,Cycling NK,Cycling NK,geneformer_mlp_probe
AGATTGCTCAGTTAGC_JIA_CD7_5,Cycling NK,Cycling NK,geneformer_mlp_probe
TATCAGGAGCTGAAAT_JIA_Total_10,Cycling NK,CD56dim NK,geneformer_mlp_probe
ACTGCTCAGTGCTGCC_JIA_CD7_2,CD56bright NK,CD56bright NK,geneformer_mlp_probe
CCTCAGTAGTCAAGGC_JIA_CD7_4,C2,C2,geneformer_mlp_probe
GCACTCTCAGTGACAG_JIA_CD7_4,CD56dim NK,CD56dim NK,geneformer_mlp_probe
ACTGATGCAAGTAGTA_JIA_CD7_5,C1,C1,geneformer_mlp_probe
AGAGCGAAGGGTCGAT_JIA_CD7_4,Cycling NK,Cycling NK,geneformer_mlp_probe
GACGTGCAGTGCCAGA_JIA_CD7_4,C2,C2,geneformer_mlp_probe
TCGGGACAGGGAACGG_JIA_CD7_2,Cycling NK,Cycling NK,geneformer_mlp_probe
CTGCCTACATTCCTGC_JIA_CD7_5,CD56bright NK,C2,geneformer_mlp_probe
TAAGAGAGTCCAGTGC_JIA_Total_25,Cycling NK,Cycling NK,geneformer_mlp_probe
TCAATCTCACATGACT_JIA_CD7_3,CD56dim NK,C3,geneformer_mlp_probe
CCTAGCTTCTGCCAGG_JIA_CD7_2,CD56bright NK,CD56bright NK,geneformer_mlp_probe
ACATACGGTAACGTTC_JIA_CD7_4,C2,C1,geneformer_mlp_probe
GCAAACTTCGCCAGCA_JIA_CD7_4,C2,C2,geneformer_mlp_probe
CTCTGGTAGGGTTTCT_JIA_CD7_4,C2,C2,geneformer_mlp_probe
CGGACTGCAGTCACTA_JIA_CD7_4,CD56bright NK,C1,geneformer_mlp_probe
ATCTACTAGTCCATAC_JIA_CD7_4,C1,C1,geneformer_mlp_probe
TTAGGACAGGGTCGAT_JIA_CD7_4,C1,C1,geneformer_mlp_probe
TGGCTGGTCATTGCGA_JIA_CD7_3,C1,C1,geneformer_mlp_probe
GACGGCTTCCTCAACC_JIA_CD7_3,C1,CD56bright NK,geneformer_mlp_probe
TGGTTAGGTCGGATCC_JIA_CD7_3,ILC2,ILC2,geneformer_mlp_probe
CATCCACAGCTAACAA_JIA_Total_23,CD56bright NK,C1,geneformer_mlp_probe
ACTGATGTCCAAACAC_JIA_Total_10,CD56dim NK,CD56dim NK,geneformer_mlp_probe
CATGGCGTCGGCTTGG_JIA_Total_24,C1,C1,geneformer_mlp_probe
ATCTGCCCACTTCGAA_JIA_CD7_5,Cycling NK,Cycling NK,geneformer_mlp_probe
GACGTGCTCTTCATGT_JIA_CD7_2,CD56dim NK,CD56dim NK,geneformer_mlp_probe
AACTGGTCAGGGTATG_JIA_CD7_4,CD56bright NK,C1,geneformer_mlp_probe
TTTGTCATCATTGCGA_JIA_CD7_5,Cycling NK,Cycling NK,geneformer_mlp_probe
ACTATCTTCACGAAGG_JIA_CD7_5,C2,C2,geneformer_mlp_probe
TTCTACATCAACGGCC_JIA_CD7_5,C2,C1,geneformer_mlp_probe
GTAGGCCCAGACACTT_JIA_CD7_4,CD56bright NK,C1,geneformer_mlp_probe
CACACAAGTTCATGGT_JIA_CD7_5,Cycling NK,Cycling NK,geneformer_mlp_probe
TACGGATCATACTACG_JIA_CD7_5,Cycling NK,Cycling NK,geneformer_mlp_probe
CTAGTGACATGTAGTC_JIA_CD7_5,C2,C1,geneformer_mlp_probe
CTAGTGATCCGTACAA_JIA_CD7_2,CD56bright NK,CD56bright NK,geneformer_mlp_probe
TGACAACGTTATTCTC_JIA_CD7_5,CD56bright NK,CD56bright NK,geneformer_mlp_probe
CTGTGCTCAATGACCT_JIA_Total_13,CD56bright NK,CD56bright NK,geneformer_mlp_probe
GATCAGTTCCCAAGAT_JIA_CD7_1,ILC2,C2,geneformer_mlp_probe
GCATGCGGTCTCTTTA_JIA_CD7_4,C2,C2,geneformer_mlp_probe
TTGACTTGTCCGAGTC_JIA_CD7_4,C1,C1,geneformer_mlp_probe
GCGAGAAAGTACCGGA_JIA_CD7_1,Cycling NK,Cycling NK,geneformer_mlp_probe
ATGCCTCCATACCGTA_JIA_DC_1,C1,CD56bright NK,geneformer_mlp_probe
TTTCCTCTCCGAATGT_JIA_CD7_4,Cycling NK,Cycling NK,geneformer_mlp_probe
AGGGTGACAGCCTATA_JIA_CD7_4,C2,C2,geneformer_mlp_probe
ATGCGATTCAGGCCCA_JIA_CD7_4,C3,C3,geneformer_mlp_probe
TTAACTCCAATTCCTT_JIA_Total_2,Cycling NK,C1,geneformer_mlp_probe
AACGTTGGTTCGGCAC_JIA_CD7_3,C1,CD56bright NK,geneformer_mlp_probe
TTCTCCTTCAACACTG_JIA_Total_4,Cycling NK,Cycling NK,geneformer_mlp_probe
ACGAGGATCACCGTAA_JIA_CD7_4,C1,C1,geneformer_mlp_probe
GTGCTTCAGATCTGAA_JIA_CD7_2,ILC2,ILC2,geneformer_mlp_probe
AACTCAGTCTTACCTA_JIA_CD7_2,CD56bright NK,CD56bright NK,geneformer_mlp_probe
ATGAGGGCACACGCTG_JIA_CD7_2,C1,CD56bright NK,geneformer_mlp_probe
CCATGTCGTAGCGATG_JIA_CD7_5,Cycling NK,Cycling NK,geneformer_mlp_probe
AGTTGGTGTTGGAGGT_JIA_CD7_4,CD56dim NK,CD56dim NK,geneformer_mlp_probe
TGCCAAAAGGGCACTA_JIA_CD7_5,C2,C2,geneformer_mlp_probe
TGCCCTAAGATTACCC_JIA_CD7_4,C1,C1,geneformer_mlp_probe
CATATGGTCGGGAGTA_JIA_CD7_4,ILC2,ILC2,geneformer_mlp_probe
GCATCTCAGCCTCAGC_JIA_DC_1,C1,C1,geneformer_mlp_probe
TCACGAATCGAGCCCA_JIA_CD7_4,CD56dim NK,CD56dim NK,geneformer_mlp_probe
CTAATGGAGGCATTGG_JIA_CD7_5,Cycling NK,C1,geneformer_mlp_probe
ATCATCTGTTGATTCG_JIA_CD7_4,C2,C2,geneformer_mlp_probe
GAGTCCGTCATCACCC_JIA_CD7_5,ILC3,C1,geneformer_mlp_probe
CTACGTCTCCGCTGTT_JIA_CD7_5,Cycling NK,Cycling NK,geneformer_mlp_probe
TGGGAAGGTCCGTTAA_JIA_CD7_1,C2,C2,geneformer_mlp_probe
GCACTCTCACGAGGTA_JIA_CD7_4,Cycling NK,ILC3,geneformer_mlp_probe
GGGACCTTCTTACCGC_JIA_CD7_3,C1,C2,geneformer_mlp_probe
ACATCAGTCCCTAATT_JIA_CD7_2,CD56bright NK,CD56bright NK,geneformer_mlp_probe
TATCTCAGTCCGACGT_JIA_CD7_2,Cycling NK,Cycling NK,geneformer_mlp_probe
ATCATGGGTTCATGGT_JIA_Total_10,CD56bright NK,CD56bright NK,geneformer_mlp_probe
AACTTTCGTTACGCGC_JIA_CD7_4,C1,C2,geneformer_mlp_probe
AAGTCTGAGGACTGGT_JIA_CD7_3,Cycling NK,Cycling NK,geneformer_mlp_probe
CTAGAGTAGTACGCGA_JIA_CD7_4,C3,C3,geneformer_mlp_probe
CTCCTAGCAGCAGTTT_JIA_CD7_1,CD56dim NK,CD56dim NK,geneformer_mlp_probe
GTCGGGTGTGTCCTCT_JIA_CD7_3,C2,C2,geneformer_mlp_probe
GGCTGGTAGCAGGCTA_JIA_CD7_1,CD56dim NK,CD56dim NK,geneformer_mlp_probe
TGGTTCCTCCGCTGTT_JIA_CD7_4,C3,C3,geneformer_mlp_probe
CAACTAGCACTTCGAA_JIA_CD7_2,CD56bright NK,CD56bright NK,geneformer_mlp_probe
GAATGAACATAGGATA_JIA_CD7_2,ILC2,ILC2,geneformer_mlp_probe
CGTTGGGTCATTGCGA_JIA_CD7_3,Cycling NK,Cycling NK,geneformer_mlp_probe
TGGACGCCAGAGTGTG_JIA_CD7_2,C1,C1,geneformer_mlp_probe
CGTGTAACACATGGGA_JIA_CD7_4,C2,C1,geneformer_mlp_probe
AGCTTGACATGACGGA_JIA_CD7_4,C3,C3,geneformer_mlp_probe
CTACCCATCCAAGTAC_JIA_CD7_4,C2,CD56bright NK,geneformer_mlp_probe
GGCCGATCAGCGTAAG_JIA_CD7_5,C2,Cycling NK,geneformer_mlp_probe
GGTGCGTTCGTGGGAA_JIA_CD7_1,Cycling NK,C2,geneformer_mlp_probe
TGCTGCTAGCACGCCT_JIA_CD7_3,Cycling NK,C1,geneformer_mlp_probe
ATGGGAGTCACTATTC_JIA_CD7_5,Cycling NK,Cycling NK,geneformer_mlp_probe
GCTCTGTTCGCTGATA_JIA_CD7_1,Cycling NK,Cycling NK,geneformer_mlp_probe
ACGAGCCTCGTCACGG_JIA_CD7_2,ILC2,ILC2,geneformer_mlp_probe
TCGCGTTGTACTCAAC_JIA_CD7_2,CD56bright NK,CD56bright NK,geneformer_mlp_probe
ATTGGTGCAACTGCGC_JIA_CD7_4,CD56dim NK,CD56dim NK,geneformer_mlp_probe
TCGAGGCCAATAAGCA_JIA_CD7_2,Cycling NK,Cycling NK,geneformer_mlp_probe
TTCTCAACATGGGACA_JIA_CD7_4,C2,C2,geneformer_mlp_probe
CTCATTAAGTTTGCGT_JIA_CD7_5,Cycling NK,Cycling NK,geneformer_mlp_probe
ACGGAGAGTATAGGTA_JIA_CD7_2,C1,CD56bright NK,geneformer_mlp_probe
GCAAACTAGCCAGAAC_JIA_CD7_2,C1,CD56bright NK,geneformer_mlp_probe
CATCAGAAGCTCCTTC_JIA_CD7_4,CD56dim NK,CD56dim NK,geneformer_mlp_probe
GCTTCCATCAACCATG_JIA_CD7_2,ILC2,ILC2,geneformer_mlp_probe
AAGGAGCTCAAAGTAG_JIA_Total_14,C1,C1,geneformer_mlp_probe
CTTGGCTGTTCGCTAA_JIA_Total_10,Cycling NK,Cycling NK,geneformer_mlp_probe
CATGCCTCAGTCAGAG_JIA_CD7_2,CD56dim NK,CD56dim NK,geneformer_mlp_probe
ACTGAACTCGCCAGCA_JIA_CD7_4,C1,C1,geneformer_mlp_probe
AAGCGTTTCCGTAGGC_JIA_DC_1,C1,C1,geneformer_mlp_probe
AGGCCACTCGCTGATA_JIA_CD7_3,CD56dim NK,CD56dim NK,geneformer_mlp_probe
ATAACGCTCAGAAATG_JIA_CD7_2,C1,CD56bright NK,geneformer_mlp_probe
ACATACGTCGCAAACT_JIA_CD7_5,C2,C2,geneformer_mlp_probe
TGTGTTTAGATCCGAG_JIA_CD7_2,ILC2,ILC2,geneformer_mlp_probe
CAGCAGCGTAGTACCT_JIA_CD7_4,C1,C2,geneformer_mlp_probe
CCGGTAGCACGAAGCA_JIA_CD7_2,CD56bright NK,C1,geneformer_mlp_probe
CGTTAGAAGGGCTTGA_JIA_CD7_5,Cycling NK,Cycling NK,geneformer_mlp_probe
GTTACAGTCACGACTA_JIA_Total_24,C1,C1,geneformer_mlp_probe
TCAGGTAGTATAGGTA_JIA_CD7_2,CD56dim NK,CD56dim NK,geneformer_mlp_probe
CGACTTCGTTGGAGGT_JIA_CD7_3,C2,C1,geneformer_mlp_probe
AGTGTCAGTTCGTCTC_JIA_CD7_1,Cycling NK,Cycling NK,geneformer_mlp_probe
AAGGTTCCACCTGGTG_JIA_CD7_5,C1,C1,geneformer_mlp_probe
TTCTTAGGTCATCCCT_JIA_CD7_5,C2,C3,geneformer_mlp_probe
TGAGCATGTCGGCATC_JIA_CD7_2,Cycling NK,Cycling NK,geneformer_mlp_probe
ACGGCCAGTTCCAACA_JIA_CD7_4,C1,C2,geneformer_mlp_probe
GGGATGAAGGAGCGTT_JIA_CD7_4,C1,C1,geneformer_mlp_probe
TTCGAAGCACACAGAG_JIA_CD7_5,Cycling NK,Cycling NK,geneformer_mlp_probe
TACGGGCGTCGCATCG_JIA_Total_14,C1,C2,geneformer_mlp_probe
GATGAAAGTTCGGCAC_JIA_CD7_4,C3,Naïve-like ILC,geneformer_mlp_probe
TTTGCGCCAAGAAAGG_JIA_CD7_5,C3,C2,geneformer_mlp_probe
CAGAATCTCCGTAGTA_JIA_CD7_3,C3,C3,geneformer_mlp_probe
CCTACCAAGGCTCAGA_JIA_CD7_5,CD56dim NK,CD56dim NK,geneformer_mlp_probe
CAGATCACACCGAATT_JIA_CD7_2,C1,C1,geneformer_mlp_probe
AACCATGGTTCGGCAC_JIA_CD7_4,ILC2,ILC2,geneformer_mlp_probe
CCGTTCAAGCGATGAC_JIA_CD7_4,Cycling NK,Cycling NK,geneformer_mlp_probe
AGTGAGGCATTCGACA_JIA_CD7_4,ILC2,ILC2,geneformer_mlp_probe
CGGAGTCCACAACGTT_JIA_CD7_4,ILC2,ILC2,geneformer_mlp_probe
CAGGGCTCAGCTCGGT_JIA_DC_2,C3,C3,geneformer_mlp_probe
CTGAAGTGTTCCAACA_JIA_CD7_2,C1,CD56bright NK,geneformer_mlp_probe
GTCTTCGCAGTGAGTG_JIA_CD7_4,C1,C1,geneformer_mlp_probe
CTAATGGGTATGAATG_JIA_CD7_4,C1,C1,geneformer_mlp_probe
CTCGAAACAGCTGTGC_JIA_CD7_2,CD56bright NK,CD56bright NK,geneformer_mlp_probe
CAGGTGCCATCGGAAG_JIA_CD7_3,ILC2,ILC2,geneformer_mlp_probe
GGGATGAGTGCATCTA_JIA_CD7_4,C1,C1,geneformer_mlp_probe
GACACGCTCAGTTGAC_JIA_CD7_4,C1,C1,geneformer_mlp_probe
TTTGGTTGTTCCAACA_JIA_CD7_2,Cycling NK,Cycling NK,geneformer_mlp_probe
GTAGTCATCATATCGG_JIA_CD7_3,Cycling NK,Cycling NK,geneformer_mlp_probe
GGGACCTTCTATCCTA_JIA_Total_24,C1,C1,geneformer_mlp_probe
CGTGTCTTCCACGAAT_JIA_Total_24,C3,C1,geneformer_mlp_probe
GGTGTTACACTACAGT_JIA_CD7_4,ILC3,ILC3,geneformer_mlp_probe
TATCAGGCAGTCTTCC_JIA_CD7_1,Cycling NK,Cycling NK,geneformer_mlp_probe
AGGTCATCATCACCCT_JIA_Total_14,C1,C1,geneformer_mlp_probe
TTCCCAGCAAGCCATT_JIA_CD7_3,CD56bright NK,Cycling NK,geneformer_mlp_probe
GGAAAGCAGAGACGAA_JIA_Total_1,Cycling NK,Cycling NK,geneformer_mlp_probe
GTGCATATCTTAGCCC_JIA_Total_23,Cycling NK,Cycling NK,geneformer_mlp_probe
GCGCCAACAATGTAAG_JIA_CD7_5,Cycling NK,Cycling NK,geneformer_mlp_probe
CGTTCTGAGTGTCCCG_JIA_CD7_4,Cycling NK,Cycling NK,geneformer_mlp_probe
ACTATCTCATACCATG_JIA_CD7_1,Cycling NK,Cycling NK,geneformer_mlp_probe
CTGCTGTCAAACGCGA_JIA_Total_24,Naïve-like ILC,C3,geneformer_mlp_probe
CAGAATCGTGTCAATC_JIA_CD7_1,C2,C2,geneformer_mlp_probe
CGTTGGGGTCTCTCTG_JIA_CD7_5,C1,C2,geneformer_mlp_probe
GAAATGAAGTGTGAAT_JIA_CD7_1,Cycling NK,Cycling NK,geneformer_mlp_probe
TCAGCTCAGAGGGATA_JIA_CD7_3,C1,ILC2,geneformer_mlp_probe
AGCGTATCACACATGT_JIA_CD7_5,ILC2,ILC3,geneformer_mlp_probe
TGTGGTAGTCAGAAGC_JIA_CD7_4,C2,CD56bright NK,geneformer_mlp_probe
GTTCATTCACGGTAGA_JIA_CD7_5,C1,ILC2,geneformer_mlp_probe
GGAGCAACATTCTCAT_JIA_CD7_3,C1,C1,geneformer_mlp_probe
AAGACCTCATAAAGGT_JIA_Total_24,C3,C3,geneformer_mlp_probe
GAGGTGAGTCCTCTTG_JIA_CD7_4,C1,C1,geneformer_mlp_probe
GTCCTCATCCTCAATT_JIA_CD7_4,C1,C1,geneformer_mlp_probe
CGGACTGAGCAATATG_JIA_CD7_4,CD56bright NK,CD56bright NK,geneformer_mlp_probe
ACTGAACTCTGCTGTC_JIA_CD7_2,CD56dim NK,CD56dim NK,geneformer_mlp_probe
GTCTCGTGTCGTCTTC_JIA_CD7_5,Cycling NK,Cycling NK,geneformer_mlp_probe
CATATGGTCGCACTCT_JIA_CD7_1,C2,C2,geneformer_mlp_probe
TTGAACGTCTACTCAT_JIA_CD7_5,C2,C2,geneformer_mlp_probe
AGAGCTTTCCTCATTA_JIA_CD7_2,C1,CD56bright NK,geneformer_mlp_probe
GGTATTGGTTTCGCTC_JIA_CD7_1,CD56dim NK,C2,geneformer_mlp_probe
CTCGGAGCAATTCCTT_JIA_CD7_4,CD56dim NK,C2,geneformer_mlp_probe
GTCAAGTTCGGATGGA_JIA_CD7_5,Cycling NK,Cycling NK,geneformer_mlp_probe
GGGAGATCAGTATGCT_JIA_CD7_2,CD56dim NK,CD56dim NK,geneformer_mlp_probe
GTCCTCAGTCTCTTAT_JIA_CD7_2,CD56dim NK,CD56dim NK,geneformer_mlp_probe
CATCCACGTAAACCTC_JIA_CD7_4,CD56bright NK,CD56bright NK,geneformer_mlp_probe
TTTATGCTCTCGCTTG_JIA_CD7_4,Cycling NK,Cycling NK,geneformer_mlp_probe
TGAGCATCATATACCG_JIA_CD7_4,Cycling NK,Cycling NK,geneformer_mlp_probe
CCTTCCCTCTTGTTTG_JIA_Total_4,CD56dim NK,CD56bright NK,geneformer_mlp_probe
CTGAAACAGCACAGGT_JIA_CD7_3,Cycling NK,Cycling NK,geneformer_mlp_probe
CGTCTACCACATTTCT_JIA_CD7_3,Cycling NK,Cycling NK,geneformer_mlp_probe
AGCAGCCCACCAGGCT_JIA_CD7_2,CD56bright NK,C1,geneformer_mlp_probe
GATCGCGGTAGGACAC_JIA_CD7_1,C2,C2,geneformer_mlp_probe
TAGACCACACTGCCAG_JIA_CD7_2,ILC2,ILC2,geneformer_mlp_probe
ACCGTAAAGATCTGCT_JIA_CD7_3,ILC2,ILC2,geneformer_mlp_probe
AAGACCTTCCTAGTGA_JIA_CD7_4,CD56dim NK,CD56dim NK,geneformer_mlp_probe
GCACTCTCAATCACAC_JIA_Total_24,C2,C2,geneformer_mlp_probe
GACAGAGTCATGCAAC_JIA_CD7_1,C2,C2,geneformer_mlp_probe
GCGCAGTGTAGTAGTA_JIA_Total_26,Cycling NK,Cycling NK,geneformer_mlp_probe
CGATGTAAGTGTCCCG_JIA_CD7_1,C3,C2,geneformer_mlp_probe
CGGACTGCAATCCGAT_JIA_CD7_2,C1,C1,geneformer_mlp_probe
CACATAGGTATGCTTG_JIA_CD7_2,ILC2,ILC2,geneformer_mlp_probe
GGCAATTTCGCTAGCG_JIA_CD7_4,C2,C2,geneformer_mlp_probe
CTGCGGACAATGAAAC_JIA_CD7_2,Cycling NK,Cycling NK,geneformer_mlp_probe
GACCTGGCAGAAGCAC_JIA_Total_24,Naïve-like ILC,C1,geneformer_mlp_probe
CCTACACTCAAGAAGT_JIA_CD7_4,CD56dim NK,CD56dim NK,geneformer_mlp_probe
TGCGGGTCAGAGTGTG_JIA_CD7_4,ILC2,ILC2,geneformer_mlp_probe
CCTTCCCAGATGGCGT_JIA_CD7_4,C2,C2,geneformer_mlp_probe
TATCAGGCAGCTGTAT_JIA_CD7_3,CD56bright NK,CD56bright NK,geneformer_mlp_probe
ACGCAGCTCATGTCCC_JIA_CD7_5,Cycling NK,Cycling NK,geneformer_mlp_probe
CTAATGGAGACCTTTG_JIA_CD7_5,C1,C1,geneformer_mlp_probe
AGTGAGGGTTTGTTTC_JIA_CD7_1,Cycling NK,Cycling NK,geneformer_mlp_probe
TGATTTCAGTAGTGCG_JIA_CD7_5,Cycling NK,Cycling NK,geneformer_mlp_probe
CTCGGGACATTGGTAC_JIA_CD7_4,CD56dim NK,CD56dim NK,geneformer_mlp_probe
CATGCCTTCAAACCAC_JIA_CD7_3,C1,CD56bright NK,geneformer_mlp_probe
AGTAGTCAGGGCACTA_JIA_CD7_3,ILC2,ILC2,geneformer_mlp_probe
TCAGCTCGTATAGGTA_JIA_CD7_4,C2,C2,geneformer_mlp_probe
ATCCGAATCCGGGTGT_JIA_CD7_4,C2,C2,geneformer_mlp_probe
GCGCAGTAGTGCCATT_JIA_Total_24,C1,C2,geneformer_mlp_probe
CGTAGGCGTGCACTTA_JIA_CD7_4,ILC2,ILC3,geneformer_mlp_probe
CTACGTCAGGATGGTC_JIA_CD7_5,ILC3,ILC3,geneformer_mlp_probe
GGCTGGTAGAGCTATA_JIA_CD7_4,C1,C1,geneformer_mlp_probe
GCTGCTTAGCGATTCT_JIA_CD7_5,Cycling NK,Cycling NK,geneformer_mlp_probe
ACTGATGTCGAATCCA_JIA_CD7_5,C1,CD56bright NK,geneformer_mlp_probe
TGACTTTTCTACTCAT_JIA_CD7_3,C2,C2,geneformer_mlp_probe
TCAGGATGTTGGTAAA_JIA_CD7_4,Cycling NK,Cycling NK,geneformer_mlp_probe
CCTACACAGTCTTGCA_JIA_CD7_3,C2,C2,geneformer_mlp_probe
AGAATAGAGGCCCGTT_JIA_CD7_1,C3,C3,geneformer_mlp_probe
GTGGAAGCAGCTGGTC_JIA_DC_2,Cycling NK,Cycling NK,geneformer_mlp_probe
AGGTCCGTCCAAGCCG_JIA_Total_24,C1,C1,geneformer_mlp_probe
AGGGAGTCACGTTGGC_JIA_CD7_4,C3,C3,geneformer_mlp_probe
CGATGGCTCCGTAGTA_JIA_CD7_2,Cycling NK,Cycling NK,geneformer_mlp_probe
GTGCAGCAGACGCACA_JIA_CD7_4,C3,C1,geneformer_mlp_probe
GGGCACTGTTCCAACA_JIA_CD7_3,ILC2,ILC2,geneformer_mlp_probe
GCGCCAAAGAATTCCC_JIA_Total_14,C1,C1,geneformer_mlp_probe
CATTATCAGATCTGCT_JIA_CD7_4,C1,C1,geneformer_mlp_probe
TTCTTAGAGGCCCGTT_JIA_CD7_5,C2,C2,geneformer_mlp_probe
CCTTCGATCTGATACG_JIA_CD7_3,Cycling NK,Cycling NK,geneformer_mlp_probe
CTGATAGTCCAAGTAC_JIA_Total_23,CD56bright NK,CD56bright NK,geneformer_mlp_probe
ATGCGATTCACTTATC_JIA_CD7_3,CD56bright NK,C1,geneformer_mlp_probe
CACACCTTCACATACG_JIA_CD7_4,C3,CD56bright NK,geneformer_mlp_probe
CCAGCGAAGCCCGAAA_JIA_CD7_3,CD56bright NK,CD56bright NK,geneformer_mlp_probe
CGAGCCAAGGAGTAGA_JIA_CD7_4,CD56bright NK,CD56bright NK,geneformer_mlp_probe
GACACGCTCTGATTCT_JIA_CD7_4,C2,C2,geneformer_mlp_probe
ACTGAACGTACAAGTA_JIA_CD7_4,C2,C1,geneformer_mlp_probe
CGATGGCAGAAGCCCA_JIA_CD7_4,CD56bright NK,CD56bright NK,geneformer_mlp_probe
CAGAGAGAGTTGTAGA_JIA_CD7_3,CD56bright NK,CD56bright NK,geneformer_mlp_probe
CGTGAGCAGTTAACGA_JIA_CD7_3,Cycling NK,Cycling NK,geneformer_mlp_probe
TGCGTGGTCCACGCAG_JIA_CD7_1,C2,C2,geneformer_mlp_probe
ATTGGTGGTTCAGACT_JIA_CD7_3,C2,C2,geneformer_mlp_probe
TGGCGCAAGCAGACTG_JIA_CD7_5,ILC3,ILC3,geneformer_mlp_probe
CAGAGAGCATGCAATC_JIA_CD7_5,Naïve-like ILC,ILC2,geneformer_mlp_probe
CCGGGATAGCCACGCT_JIA_CD7_3,Naïve-like ILC,ILC2,geneformer_mlp_probe
CGGTTAATCAAACGGG_JIA_CD7_3,Cycling NK,Cycling NK,geneformer_mlp_probe
CAGAATCAGGTACTCT_JIA_CD7_4,C2,C1,geneformer_mlp_probe
AGCTCTCTCCACTCCA_JIA_Total_7,CD56bright NK,C1,geneformer_mlp_probe
CAGGTGCAGAACAACT_JIA_CD7_2,CD56dim NK,CD56bright NK,geneformer_mlp_probe
AACTGGTGTAGCTGCC_JIA_CD7_4,C1,C3,geneformer_mlp_probe
TCAGGATTCATTGCCC_JIA_CD7_5,Cycling NK,Cycling NK,geneformer_mlp_probe
GAGTCCGAGCTGAACG_JIA_CD7_1,Cycling NK,Cycling NK,geneformer_mlp_probe
ATGCGATCACTGTCGG_JIA_CD7_4,Cycling NK,Cycling NK,geneformer_mlp_probe
ATCATGGGTTTACTCT_JIA_CD7_3,C1,Cycling NK,geneformer_mlp_probe
CCTCAGTAGTAGCCGA_JIA_CD7_3,C1,C2,geneformer_mlp_probe
AGGGATGAGTGGAGTC_JIA_CD7_5,C2,C3,geneformer_mlp_probe
CGCTTCATCTTGCATT_JIA_CD7_5,C3,C3,geneformer_mlp_probe
TCAGGTAGTCGACTAT_JIA_CD7_3,CD56bright NK,C1,geneformer_mlp_probe
TGTGTTTAGATGTAAC_JIA_CD7_5,Cycling NK,Cycling NK,geneformer_mlp_probe
TCTGGCTTCTTAGCCC_JIA_DC_1,C1,C1,geneformer_mlp_probe
GGCTCGAGTAAAGTCA_JIA_CD7_2,CD56dim NK,CD56dim NK,geneformer_mlp_probe
CTCATTATCGCCAGCA_JIA_CD7_2,C1,C1,geneformer_mlp_probe
TACACGAGTCACAAGG_JIA_CD7_2,CD56bright NK,CD56bright NK,geneformer_mlp_probe
AACTTTCAGTACACCT_JIA_CD7_2,C1,CD56bright NK,geneformer_mlp_probe
CGTTAGATCACCATAG_JIA_CD7_5,CD56bright NK,CD56bright NK,geneformer_mlp_probe
AACCGCGTCATCATTC_JIA_CD7_4,Cycling NK,Cycling NK,geneformer_mlp_probe
CAACCTCAGGATATAC_JIA_CD7_5,C2,C2,geneformer_mlp_probe
TGGCGCAAGGATTCGG_JIA_CD7_5,Cycling NK,Cycling NK,geneformer_mlp_probe
GGTATTGGTATCTGCA_JIA_CD7_5,C2,C2,geneformer_mlp_probe
CTGCGGATCGGCGCTA_JIA_CD7_4,C1,C2,geneformer_mlp_probe
GTGTGCGAGGCTACGA_JIA_CD7_5,Cycling NK,Cycling NK,geneformer_mlp_probe
TCAGGTACAGGCGATA_JIA_CD7_4,C2,C2,geneformer_mlp_probe
ACCTTTACAGACTCGC_JIA_Total_24,C1,C1,geneformer_mlp_probe
CTCAGAACACATTTCT_JIA_CD7_5,CD56bright NK,CD56bright NK,geneformer_mlp_probe
ACCTTTACACATGTGT_JIA_CD7_1,ILC3,ILC3,geneformer_mlp_probe
CCAGCGAAGAAGGTTT_JIA_CD7_5,ILC3,ILC3,geneformer_mlp_probe
TCGTAGATCACGAAGG_JIA_CD7_5,Cycling NK,Cycling NK,geneformer_mlp_probe
CTGATCCTCCTGTAGA_JIA_CD7_4,C1,C1,geneformer_mlp_probe
GGAATAATCAGCACAT_JIA_CD7_2,Cycling NK,Cycling NK,geneformer_mlp_probe
GTTCGGGAGCTCCTCT_JIA_CD7_3,Cycling NK,Cycling NK,geneformer_mlp_probe
GGTGCGTCAATACGCT_JIA_Total_14,C1,CD56bright NK,geneformer_mlp_probe
GGCAATTTCTCCAGGG_JIA_CD7_4,C2,C2,geneformer_mlp_probe
CGGTTAAGTCTTCTCG_JIA_CD7_4,C1,C1,geneformer_mlp_probe
TACTGCCAGTAACGAT_JIA_DC_1,CD56bright NK,C1,geneformer_mlp_probe
GCATACAAGGATGCGT_JIA_CD7_4,C1,C2,geneformer_mlp_probe
CCGTGGATCTCATTCA_JIA_CD7_5,C1,C2,geneformer_mlp_probe
CACACTCCACGCTTTC_JIA_CD7_3,CD56dim NK,CD56dim NK,geneformer_mlp_probe
AGCATACAGCACGCCT_JIA_Total_24,C1,CD56bright NK,geneformer_mlp_probe
CTGAAACTCAGTCCCT_JIA_CD7_1,Cycling NK,Cycling NK,geneformer_mlp_probe
CTCGTCAAGCCGCCTA_JIA_CD7_4,Naïve-like ILC,C2,geneformer_mlp_probe
CTCGGGAAGAGACTTA_JIA_CD7_4,C3,C3,geneformer_mlp_probe
TCGAACAAGCGATCGA_JIA_DC_1,C1,C1,geneformer_mlp_probe
GCATGCGGTTGCTCCT_JIA_CD7_2,Cycling NK,Cycling NK,geneformer_mlp_probe
ACGATACAGTGACATA_JIA_CD7_3,C2,C2,geneformer_mlp_probe
ACACCAATCTGTTGAG_JIA_CD7_3,Cycling NK,Cycling NK,geneformer_mlp_probe
CACCACTTCTGCGGCA_JIA_Total_26,ILC3,ILC3,geneformer_mlp_probe
CGATTGATCTAACTGG_JIA_CD7_1,C2,C2,geneformer_mlp_probe
AGACGTTCAGCCACCA_JIA_CD7_4,CD56bright NK,CD56bright NK,geneformer_mlp_probe
TGAGCATTCTCCAACC_JIA_CD7_4,ILC2,ILC2,geneformer_mlp_probe
GTCAAGTTCAATACCG_JIA_CD7_2,CD56bright NK,CD56bright NK,geneformer_mlp_probe
GCGCGATGTCGAACAG_JIA_CD7_4,Cycling NK,Cycling NK,geneformer_mlp_probe
TCGTAGAGTGACGCCT_JIA_CD7_3,Cycling NK,Cycling NK,geneformer_mlp_probe
CTGCCTACACAGGTTT_JIA_CD7_3,CD56dim NK,C2,geneformer_mlp_probe
TAGAGCTCACCGGAAA_JIA_CD7_3,C1,ILC2,geneformer_mlp_probe
ACTATCTCACCGATAT_JIA_CD7_2,ILC2,ILC2,geneformer_mlp_probe
TTGAACGTCGGTTAAC_JIA_CD7_5,Cycling NK,Cycling NK,geneformer_mlp_probe
ACGAGGACACAGCCCA_JIA_CD7_2,C3,C3,geneformer_mlp_probe
GAGGTGAGTAAGGATT_JIA_CD7_5,Cycling NK,Cycling NK,geneformer_mlp_probe
CAACTAGCAATCACAC_JIA_CD7_3,C1,CD56bright NK,geneformer_mlp_probe
TCGTAGAAGGCGTACA_JIA_CD7_3,C1,CD56bright NK,geneformer_mlp_probe
AGTAGTCTCTAACCGA_JIA_CD7_3,CD56dim NK,C2,geneformer_mlp_probe
TATCAGGGTACCGTAT_JIA_CD7_4,C2,C2,geneformer_mlp_probe
CACCAGGAGAAACGAG_JIA_CD7_3,Cycling NK,Cycling NK,geneformer_mlp_probe
TAGTGGTAGACAAAGG_JIA_CD7_4,C2,C1,geneformer_mlp_probe
TCAGCTCTCCTTTCTC_JIA_CD7_4,C2,C2,geneformer_mlp_probe
GGCCGATTCATACGGT_JIA_CD7_4,ILC2,ILC2,geneformer_mlp_probe
CGAGCCAGTGATGTCT_JIA_CD7_4,CD56bright NK,CD56bright NK,geneformer_mlp_probe
TTCTACAGTGTGGTTT_JIA_CD7_1,Cycling NK,Cycling NK,geneformer_mlp_probe
GATAGCTCAGTCTGGC_JIA_DC_3,C1,C1,geneformer_mlp_probe
ACACCAACACGAGAGT_JIA_CD7_5,Cycling NK,Cycling NK,geneformer_mlp_probe
TTCTTAGCAAGCGCTC_JIA_CD7_4,Cycling NK,Cycling NK,geneformer_mlp_probe
TAGTTGGCACTAGTAC_JIA_CD7_5,C2,C2,geneformer_mlp_probe
CCTACACGTAGTGAAT_JIA_CD7_5,Cycling NK,Cycling NK,geneformer_mlp_probe
TCAGATGAGATAGCAT_JIA_CD7_2,C3,C3,geneformer_mlp_probe
AACTCTTTCACCTTAT_JIA_Total_25,CD56dim NK,CD56dim NK,geneformer_mlp_probe
GTCAAGTCATACGCCG_JIA_CD7_4,C1,C1,geneformer_mlp_probe
ATCTACTAGACAATAC_JIA_CD7_2,C1,C3,geneformer_mlp_probe
GCCTCTACATCTCCCA_JIA_CD7_3,C1,C1,geneformer_mlp_probe
AGCTCCTTCACGCGGT_JIA_CD7_2,CD56dim NK,CD56dim NK,geneformer_mlp_probe
ATGGGAGAGATCCTGT_JIA_CD7_5,CD56dim NK,CD56dim NK,geneformer_mlp_probe
AGCCTAACATTTCACT_JIA_CD7_2,ILC2,ILC2,geneformer_mlp_probe
CTCACACAGACAATAC_JIA_CD7_3,C2,C1,geneformer_mlp_probe
ATCTGCCCAGACTCGC_JIA_CD7_3,Cycling NK,Cycling NK,geneformer_mlp_probe
TCTCTAACAAAGCGGT_JIA_CD7_3,C1,C1,geneformer_mlp_probe
CGTTGGGAGTATGACA_JIA_CD7_5,C3,C2,geneformer_mlp_probe
CGCTTCACAACTGGCC_JIA_Total_26,C1,CD56bright NK,geneformer_mlp_probe
GGACAGAAGGATGCGT_JIA_Total_17,Cycling NK,Cycling NK,geneformer_mlp_probe
CTCGGAGGTATAAACG_JIA_CD7_3,CD56dim NK,CD56dim NK,geneformer_mlp_probe
GCATGTACAAAGAATC_JIA_CD7_1,Cycling NK,Cycling NK,geneformer_mlp_probe
GGGCACTCATCGGAAG_JIA_CD7_5,ILC3,ILC3,geneformer_mlp_probe
CTTACCGTCGATCCCT_JIA_CD7_5,Cycling NK,Cycling NK,geneformer_mlp_probe
GAAGCAGAGCTAGTCT_JIA_CD7_4,C2,C1,geneformer_mlp_probe
CCGTGGATCTGTTTGT_JIA_CD7_2,CD56bright NK,CD56bright NK,geneformer_mlp_probe
GTCGGGTCATGACGGA_JIA_CD7_4,CD56dim NK,CD56dim NK,geneformer_mlp_probe
AAAGTAGGTCTCTTAT_JIA_CD7_2,C3,C1,geneformer_mlp_probe
TAGAGCTAGCGCTCCA_JIA_CD7_2,Cycling NK,C2,geneformer_mlp_probe
GTGTTAGAGTGTACGG_JIA_CD7_5,C3,C3,geneformer_mlp_probe
CGCTATCAGCGATTCT_JIA_CD7_1,Cycling NK,Cycling NK,geneformer_mlp_probe
AGCTCCTAGTACGTAA_JIA_CD7_3,C2,CD56dim NK,geneformer_mlp_probe
TGCGGGTCACCGGAAA_JIA_CD7_4,C2,C2,geneformer_mlp_probe
TCACGAAAGGAATGGA_JIA_CD7_2,CD56dim NK,C2,geneformer_mlp_probe
TACTCATAGCCTATGT_JIA_CD7_2,CD56bright NK,CD56bright NK,geneformer_mlp_probe
ATCATCTAGTGGAGAA_JIA_CD7_3,C1,C1,geneformer_mlp_probe
CATATTCCAAACGCGA_JIA_CD7_2,Cycling NK,CD56dim NK,geneformer_mlp_probe
CGAGCACTCTAACTCT_JIA_CD7_4,C1,C2,geneformer_mlp_probe
TAAGCGTAGCGTTTAC_JIA_CD7_3,Cycling NK,Cycling NK,geneformer_mlp_probe
TATTACCGTCAGATAA_JIA_CD7_4,CD56bright NK,CD56bright NK,geneformer_mlp_probe
GCGCAACCATTGGTAC_JIA_CD7_5,C2,C2,geneformer_mlp_probe
CGATGGCAGCCGGTAA_JIA_Total_23,CD56bright NK,C1,geneformer_mlp_probe
CGGAGTCTCTGGCGAC_JIA_CD7_1,Cycling NK,Cycling NK,geneformer_mlp_probe
CAACCAACATAACCTG_JIA_CD7_5,C2,Cycling NK,geneformer_mlp_probe
TTCCCAGGTATTCGTG_JIA_CD7_3,Cycling NK,Cycling NK,geneformer_mlp_probe
CTCCTAGCAGGATCGA_JIA_CD7_5,Cycling NK,Cycling NK,geneformer_mlp_probe
TCTATTGTCAGTGTTG_JIA_CD7_2,CD56dim NK,C2,geneformer_mlp_probe
TACGGTAAGGTGCACA_JIA_CD7_3,ILC2,ILC2,geneformer_mlp_probe
TATTACCCACTCTGTC_JIA_CD7_2,CD56bright NK,CD56bright NK,geneformer_mlp_probe
GGACAAGAGGATTCGG_JIA_CD7_4,C1,C2,geneformer_mlp_probe
TGGGAAGAGTGTGGCA_JIA_CD7_2,CD56bright NK,CD56bright NK,geneformer_mlp_probe
CAGCTGGAGAGAGCTC_JIA_CD7_5,Cycling NK,C2,geneformer_mlp_probe
AGCAGCCGTCCGACGT_JIA_CD7_4,C2,C1,geneformer_mlp_probe
CCTACACTCGGCTACG_JIA_CD7_4,C1,C2,geneformer_mlp_probe
CTCAGAATCGTACGGC_JIA_CD7_4,C2,C2,geneformer_mlp_probe
ACCCACTAGTACACCT_JIA_CD7_3,C1,C1,geneformer_mlp_probe
TTTGTCAGTAGAAGGA_JIA_CD7_5,C2,C2,geneformer_mlp_probe
CACCTTGAGCGTTTAC_JIA_CD7_2,ILC2,ILC2,geneformer_mlp_probe
TCGCGTTAGGCATTGG_JIA_CD7_3,C3,C3,geneformer_mlp_probe
ATGCGATTCCTGTACC_JIA_CD7_2,ILC2,ILC2,geneformer_mlp_probe
ATCCGAACATACGCTA_JIA_CD7_4,C3,C3,geneformer_mlp_probe
GACGTGCGTTTGTTGG_JIA_CD7_2,Cycling NK,Cycling NK,geneformer_mlp_probe
ACTTTCAGTACTTGAC_JIA_CD7_4,CD56dim NK,CD56dim NK,geneformer_mlp_probe
CTTTGCGTCTCCTATA_JIA_CD7_4,CD56bright NK,CD56bright NK,geneformer_mlp_probe
CGGACTGCAATGGACG_JIA_CD7_5,Cycling NK,Cycling NK,geneformer_mlp_probe
CAGCCGATCAGGCCCA_JIA_CD7_2,C1,CD56bright NK,geneformer_mlp_probe
GTGGGTCTCACAACGT_JIA_CD7_3,CD56dim NK,CD56dim NK,geneformer_mlp_probe
GGGCACTTCGCCTGTT_JIA_CD7_4,C2,C3,geneformer_mlp_probe
GACCTGGGTTTGACTG_JIA_CD7_5,Cycling NK,Cycling NK,geneformer_mlp_probe
CTCACACCATAAAGGT_JIA_CD7_3,CD56dim NK,C1,geneformer_mlp_probe
TCGTACCCATTGGTAC_JIA_CD7_4,C2,C2,geneformer_mlp_probe
ATTCTACGTTCAGACT_JIA_CD7_3,C2,C3,geneformer_mlp_probe
GCCTCTAGTGTGGCTC_JIA_CD7_4,C1,C1,geneformer_mlp_probe
CATTATCAGAGTTGGC_JIA_CD7_5,C2,CD56bright NK,geneformer_mlp_probe
GGTGTTATCTTGGGTA_JIA_Total_10,CD56bright NK,CD56bright NK,geneformer_mlp_probe
GTACTCCTCTAACGGT_JIA_Total_20,C1,C3,geneformer_mlp_probe
CACCTTGCACCCATGG_JIA_CD7_5,C2,C2,geneformer_mlp_probe
CGTCCATCATGCTGGC_JIA_CD7_4,Cycling NK,Cycling NK,geneformer_mlp_probe
CCTATTATCAACACAC_JIA_CD7_4,CD56dim NK,CD56dim NK,geneformer_mlp_probe
CTTCTCTCAAATCCGT_JIA_CD7_5,C2,C3,geneformer_mlp_probe
TACCTTACACGGATAG_JIA_CD7_1,C2,Cycling NK,geneformer_mlp_probe
TACCTTAAGCCACGCT_JIA_CD7_4,C1,C1,geneformer_mlp_probe
CCAGCGATCCCAAGAT_JIA_CD7_2,ILC2,ILC2,geneformer_mlp_probe
GCAGTTATCCACTCCA_JIA_CD7_2,ILC3,ILC3,geneformer_mlp_probe
TGTATTCGTAGAGCTG_JIA_CD7_3,C3,C3,geneformer_mlp_probe
GCTTGAATCTTGGGTA_JIA_CD7_2,CD56dim NK,CD56dim NK,geneformer_mlp_probe
CGATGGCGTCTTGCGG_JIA_CD7_5,Cycling NK,Cycling NK,geneformer_mlp_probe
GTAACTGTCAACGAAA_JIA_CD7_3,ILC2,ILC2,geneformer_mlp_probe
CGGGTCAGTTCTGTTT_JIA_CD7_4,CD56bright NK,CD56bright NK,geneformer_mlp_probe
GGGAGATAGTACCGGA_JIA_CD7_2,C2,C1,geneformer_mlp_probe
ATTACTCGTGAGGGTT_JIA_CD7_4,C1,C1,geneformer_mlp_probe
TTGACTTAGCTTATCG_JIA_CD7_2,C3,Cycling NK,geneformer_mlp_probe
TCTGAGACAGCTCGAC_JIA_CD7_4,C1,C1,geneformer_mlp_probe
CGATTGACACGGTAGA_JIA_CD7_1,Cycling NK,Cycling NK,geneformer_mlp_probe
CAAGGCCCACAGTCGC_JIA_CD7_4,C1,C1,geneformer_mlp_probe
GCTGCGAGTTTGACAC_JIA_CD7_2,Cycling NK,Cycling NK,geneformer_mlp_probe
CACACAACAGGTCTCG_JIA_CD7_4,CD56dim NK,CD56dim NK,geneformer_mlp_probe
TGACGGCAGACCTTTG_JIA_CD7_4,Naïve-like ILC,Naïve-like ILC,geneformer_mlp_probe
ACGGGCTAGGAGTTTA_JIA_Total_10,CD56bright NK,CD56bright NK,geneformer_mlp_probe
CTCGTCAGTTCATGGT_JIA_CD7_4,C2,C1,geneformer_mlp_probe
AACTTTCCATGGTAGG_JIA_CD7_5,Cycling NK,Cycling NK,geneformer_mlp_probe
TCGGTAATCTGCTTGC_JIA_Total_14,ILC3,Naïve-like ILC,geneformer_mlp_probe
TGAAAGATCTGCTGTC_JIA_CD7_4,C1,C1,geneformer_mlp_probe
CTTTGCGGTTCCACTC_JIA_CD7_5,C2,C2,geneformer_mlp_probe
TCAGCAATCATCGATG_JIA_CD7_3,CD56bright NK,CD56bright NK,geneformer_mlp_probe
CGTTAGACATCTGGTA_JIA_Total_23,CD56dim NK,CD56dim NK,geneformer_mlp_probe
AAAGCAACACCCATTC_JIA_CD7_3,C2,C2,geneformer_mlp_probe
GGGTCTGAGATGTCGG_JIA_CD7_4,ILC3,ILC3,geneformer_mlp_probe
CTACATTCACTATCTT_JIA_CD7_4,C1,C1,geneformer_mlp_probe
CCTCAGTTCTAAGCCA_JIA_CD7_1,CD56dim NK,CD56dim NK,geneformer_mlp_probe
TGCCAAAGTCCTGCTT_JIA_CD7_4,C2,C1,geneformer_mlp_probe
TTGGGTATCGGTAGGA_JIA_DC_2,ILC3,C1,geneformer_mlp_probe
GCAAACTCAGTCAGCC_JIA_CD7_3,Cycling NK,Cycling NK,geneformer_mlp_probe
TCACGAACAAGTCATC_JIA_CD7_4,Naïve-like ILC,C1,geneformer_mlp_probe
GAGTCCGCATAGTAAG_JIA_CD7_3,C1,CD56bright NK,geneformer_mlp_probe
CTTCTCTCAAGTAATG_JIA_CD7_3,C2,C1,geneformer_mlp_probe
TACCTTACAAACCCAT_JIA_CD7_2,ILC2,ILC2,geneformer_mlp_probe
TGATTTCAGCGGATCA_JIA_CD7_4,CD56bright NK,C1,geneformer_mlp_probe
CATCAAGTCTCTAGGA_JIA_Total_24,C1,CD56bright NK,geneformer_mlp_probe
CGGACTGTCTGCGACG_JIA_CD7_5,C3,C3,geneformer_mlp_probe
GTGCGGTGTATGCTTG_JIA_CD7_4,C1,C1,geneformer_mlp_probe
ACGCCAGCAAGAGTCG_JIA_CD7_4,Cycling NK,Cycling NK,geneformer_mlp_probe
CTGGTCTGTGTTCGAT_JIA_CD7_4,C2,C2,geneformer_mlp_probe
TCTTCGGGTTCGGCAC_JIA_CD7_4,ILC2,ILC2,geneformer_mlp_probe
CGCTATCAGTTGAGAT_JIA_CD7_3,C1,C2,geneformer_mlp_probe
ACCCACTAGAAGATTC_JIA_CD7_4,C1,CD56bright NK,geneformer_mlp_probe
ACTGATGTCGGCCGAT_JIA_CD7_4,C1,C2,geneformer_mlp_probe
AGCTTGAGTGGTACAG_JIA_CD7_2,ILC2,ILC2,geneformer_mlp_probe
TGGAACTGTTAGGGTG_JIA_CD45_1,C1,C1,geneformer_mlp_probe
CGAGCCAGTGCAGTAG_JIA_CD7_4,C3,C1,geneformer_mlp_probe
TGGCCAGTCAGAGGTG_JIA_CD7_2,CD56dim NK,CD56dim NK,geneformer_mlp_probe
AGCGTATCACCACGTG_JIA_CD7_5,Cycling NK,Cycling NK,geneformer_mlp_probe
GAAATGAAGGATGGTC_JIA_CD7_1,Cycling NK,Cycling NK,geneformer_mlp_probe
ACACCGGGTCGTCTTC_JIA_CD7_3,C2,C2,geneformer_mlp_probe
GGGAATGCATTAACCG_JIA_CD7_4,Cycling NK,CD56dim NK,geneformer_mlp_probe
CCTCTGAGTATATGGA_JIA_CD7_5,ILC3,C3,geneformer_mlp_probe
TTCTCCTTCCACTGGG_JIA_Total_24,C2,C2,geneformer_mlp_probe
CGACCTTGTCCAGTAT_JIA_CD7_5,Naïve-like ILC,ILC2,geneformer_mlp_probe
CGCCAAGGTTCTCATT_JIA_CD7_5,C2,C2,geneformer_mlp_probe
TCTTCGGTCAGCATGT_JIA_Total_24,C1,C1,geneformer_mlp_probe
GGCTGGTTCGCTTGTC_JIA_CD7_5,Cycling NK,C2,geneformer_mlp_probe
ATCCGAAAGAATCTCC_JIA_CD7_4,C1,C1,geneformer_mlp_probe
TGAGCCGGTGAGGCTA_JIA_CD7_2,CD56bright NK,CD56bright NK,geneformer_mlp_probe
GTCACGGTCTGGTATG_JIA_CD7_1,CD56dim NK,CD56dim NK,geneformer_mlp_probe
ATCACGACAAGTTGTC_JIA_CD7_4,CD56bright NK,CD56bright NK,geneformer_mlp_probe
CGAGCCATCCCTTGTG_JIA_CD7_4,Naïve-like ILC,C1,geneformer_mlp_probe
TTCGAAGTCAAGATCC_JIA_CD7_1,Cycling NK,C1,geneformer_mlp_probe
GAATAAGTCACCACCT_JIA_CD7_5,Cycling NK,Cycling NK,geneformer_mlp_probe
CTGTGCTGTTTCCACC_JIA_Total_5,Cycling NK,Cycling NK,geneformer_mlp_probe
GGGTTGCGTGCAACGA_JIA_CD7_5,C2,C1,geneformer_mlp_probe
GAAGCAGTCACGGTTA_JIA_CD7_2,CD56bright NK,CD56bright NK,geneformer_mlp_probe
AGTGTCATCTGATTCT_JIA_CD7_3,Cycling NK,Cycling NK,geneformer_mlp_probe
ACACCAACAAGGGTCA_JIA_CD7_3,Cycling NK,Cycling NK,geneformer_mlp_probe
GCGCAACTCCCTTGTG_JIA_CD7_2,C1,CD56bright NK,geneformer_mlp_probe
ACTATCTAGATGAGAG_JIA_CD7_5,C2,C2,geneformer_mlp_probe
CATTATCGTGACTACT_JIA_CD7_2,ILC2,ILC2,geneformer_mlp_probe
GACGTTACAGGAATCG_JIA_CD7_1,CD56dim NK,CD56dim NK,geneformer_mlp_probe
CCAATCCCACTCTGTC_JIA_CD7_4,C2,C2,geneformer_mlp_probe
TACCTTAGTGCAACGA_JIA_CD7_3,C1,C1,geneformer_mlp_probe
GCATGTATCTGCCCTA_JIA_CD7_1,C3,C2,geneformer_mlp_probe
AGGCCGTAGGCGTACA_JIA_CD7_2,CD56dim NK,CD56dim NK,geneformer_mlp_probe
TACGGATAGTTGTCGT_JIA_CD7_4,C1,C1,geneformer_mlp_probe
AAGTCTGTCACCTTAT_JIA_CD7_4,CD56dim NK,CD56dim NK,geneformer_mlp_probe
TATCAGGGTGGTCCGT_JIA_CD7_4,Naïve-like ILC,C1,geneformer_mlp_probe
GCTTCCATCAAACCAC_JIA_CD7_2,CD56dim NK,CD56dim NK,geneformer_mlp_probe
AGGGATGCAAAGTCAA_JIA_CD7_4,CD56bright NK,CD56bright NK,geneformer_mlp_probe
ACTGATGCACGAAGCA_JIA_CD7_5,Cycling NK,Cycling NK,geneformer_mlp_probe
TCGCGTTGTCTAGGTT_JIA_CD7_4,C1,C1,geneformer_mlp_probe
GATCTAGGTTACAGAA_JIA_Total_23,CD56bright NK,CD56bright NK,geneformer_mlp_probe
CAAGTTGCATGCATGT_JIA_Total_24,C2,C2,geneformer_mlp_probe
GTCGTAACAGACACTT_JIA_CD7_1,C3,C3,geneformer_mlp_probe
CTCTACGAGCGGCTTC_JIA_CD7_4,Naïve-like ILC,Naïve-like ILC,geneformer_mlp_probe
AGGCCACGTATATGAG_JIA_Total_26,Cycling NK,Cycling NK,geneformer_mlp_probe
TATCTCACACACGCTG_JIA_CD7_4,C1,C1,geneformer_mlp_probe
CCTACACTCCATGAGT_JIA_CD7_5,C2,C1,geneformer_mlp_probe
TTCGAAGAGATGGGTC_JIA_CD7_5,C2,C2,geneformer_mlp_probe
ACGAGGATCATCGATG_JIA_CD7_3,CD56dim NK,CD56dim NK,geneformer_mlp_probe
AGGCCGTCAGGCAGTA_JIA_CD7_5,ILC2,ILC2,geneformer_mlp_probe
CCTAGCTGTAAAGTCA_JIA_CD7_4,C2,C2,geneformer_mlp_probe
CCTTACGTCCTCCTAG_JIA_CD7_1,C2,C2,geneformer_mlp_probe
CATTCGCAGAGTACAT_JIA_CD7_3,C2,C2,geneformer_mlp_probe
CACATAGGTATAGTAG_JIA_CD7_1,Cycling NK,Cycling NK,geneformer_mlp_probe
ACGATACAGAGTGAGA_JIA_CD7_2,ILC2,ILC2,geneformer_mlp_probe
CGGGTCATCGACCAGC_JIA_CD7_2,ILC2,ILC2,geneformer_mlp_probe
CGATGTACATGTAGTC_JIA_CD7_4,Cycling NK,C1,geneformer_mlp_probe
CATCCACGTCCGAAGA_JIA_CD7_3,C2,C1,geneformer_mlp_probe
CAACCTCGTAGCGTGA_JIA_CD7_5,Cycling NK,Cycling NK,geneformer_mlp_probe
CACACTCGTGTGGCTC_JIA_CD7_5,ILC3,ILC3,geneformer_mlp_probe
AGCATACAGATGTGTA_JIA_CD7_4,CD56dim NK,CD56dim NK,geneformer_mlp_probe
GTGTGCGTCGGATGTT_JIA_CD7_1,Cycling NK,Cycling NK,geneformer_mlp_probe
TGCTGCTTCCGCAAGC_JIA_CD7_5,C2,C2,geneformer_mlp_probe
TGCTACCCAGTACACT_JIA_CD7_3,C1,C1,geneformer_mlp_probe
TCGGGACCATCCAACA_JIA_CD7_1,Cycling NK,Cycling NK,geneformer_mlp_probe
TACAGTGCATTCTCAT_JIA_CD7_2,C2,C2,geneformer_mlp_probe
GCATACAGTTAAGAAC_JIA_CD7_4,C1,C1,geneformer_mlp_probe
ACCAGTACAATAGCAA_JIA_CD7_3,CD56bright NK,CD56bright NK,geneformer_mlp_probe
TGGCTGGTCCGCGTTT_JIA_CD7_4,C3,C2,geneformer_mlp_probe
CAGGTGCCAAAGCGGT_JIA_CD7_4,C2,C2,geneformer_mlp_probe
ACGCAGCTCACCATAG_JIA_CD7_2,ILC2,ILC2,geneformer_mlp_probe
CCGTGGACATAACCTG_JIA_CD7_4,C3,C3,geneformer_mlp_probe
ACAGCCGTCTGGTATG_JIA_CD7_2,ILC2,ILC2,geneformer_mlp_probe
CACCACTGTTAAGTAG_JIA_CD7_4,C3,C3,geneformer_mlp_probe
GGAGCAAAGTTGTCGT_JIA_CD7_2,CD56bright NK,CD56bright NK,geneformer_mlp_probe
TGGGATTGTAGTCGTT_JIA_CD45_1,CD56dim NK,CD56dim NK,geneformer_mlp_probe
ACCAGTAAGCTACCTA_JIA_CD7_4,C1,C1,geneformer_mlp_probe
CTTGGCTCACTGCCAG_JIA_CD7_4,C1,C1,geneformer_mlp_probe
ACATACGGTTTCCACC_JIA_CD7_1,CD56dim NK,C2,geneformer_mlp_probe
ATTGGGTCAGAAACCG_JIA_CD45_2,CD56dim NK,CD56dim NK,geneformer_mlp_probe
ATCCACCCAGGGATTG_JIA_CD7_5,Cycling NK,Cycling NK,geneformer_mlp_probe
ATCGTAGAGGAACGAA_JIA_DC_1,C1,C1,geneformer_mlp_probe
AAAGCAAAGCCCAACC_JIA_CD7_3,C2,C2,geneformer_mlp_probe
GCGCCAAAGGAGTACC_JIA_CD7_4,C2,C2,geneformer_mlp_probe
CACCAGGAGGAGTTTA_JIA_CD7_5,C1,C1,geneformer_mlp_probe
GTTCTCGGTCTAGAGG_JIA_CD7_5,Naïve-like ILC,ILC3,geneformer_mlp_probe
GCACTCTGTCCAGTAT_JIA_CD7_5,C1,C1,geneformer_mlp_probe
TTAACTCAGTAACCCT_JIA_CD7_5,CD56bright NK,CD56bright NK,geneformer_mlp_probe
CGTCTACAGCGATATA_JIA_CD7_4,C1,C2,geneformer_mlp_probe
TGGCCAGTCGCCTGTT_JIA_CD7_5,Cycling NK,Cycling NK,geneformer_mlp_probe
TTTGTTGAGCATATGA_JIA_DC_2,C1,C1,geneformer_mlp_probe
GTGCAGCAGTATCTCG_JIA_Total_10,Cycling NK,Cycling NK,geneformer_mlp_probe
TGCACCTTCTCTGTCG_JIA_CD7_4,Cycling NK,CD56dim NK,geneformer_mlp_probe
GCGGGTTAGACTCGGA_JIA_CD7_4,C2,C2,geneformer_mlp_probe
TTCTCAAAGTTCGATC_JIA_CD7_5,CD56bright NK,CD56bright NK,geneformer_mlp_probe
GCGCAGTAGACTAAGT_JIA_CD7_3,CD56bright NK,Cycling NK,geneformer_mlp_probe
GCAAACTTCGGATGGA_JIA_CD7_4,C1,C1,geneformer_mlp_probe
GAGCAGACAGTAAGAT_JIA_Total_7,CD56bright NK,CD56bright NK,geneformer_mlp_probe
ACGGGTCCAAGGACAC_JIA_CD7_5,C3,C2,geneformer_mlp_probe
ACATCAGTCACTTCAT_JIA_CD7_4,C2,C1,geneformer_mlp_probe
ACGTCAAAGACAAGCC_JIA_CD7_4,ILC2,ILC2,geneformer_mlp_probe
AAAGCAAAGAATGTTG_JIA_Total_24,C1,C3,geneformer_mlp_probe
TCTTTCCCAGCCACCA_JIA_CD7_4,C3,C2,geneformer_mlp_probe
ACGCCAGCATCACGTA_JIA_CD7_2,ILC2,ILC2,geneformer_mlp_probe
AGGTCCGCATGGTCAT_JIA_CD7_5,Cycling NK,Cycling NK,geneformer_mlp_probe
ACAGCCGTCAGGCCCA_JIA_CD7_2,ILC2,ILC2,geneformer_mlp_probe
CGACTTCCAAGTAGTA_JIA_CD7_4,C2,C2,geneformer_mlp_probe
GCACTCTCATTAGGCT_JIA_CD7_4,C1,CD56bright NK,geneformer_mlp_probe
CCTTACGTCAGGCGAA_JIA_CD7_2,C1,C1,geneformer_mlp_probe
TACTCGCCAGATCTGT_JIA_CD7_2,CD56dim NK,CD56dim NK,geneformer_mlp_probe
TCTCATACATTCACTT_JIA_CD7_4,Cycling NK,Cycling NK,geneformer_mlp_probe
GTCGTAAGTAGTGAAT_JIA_Total_23,CD56bright NK,CD56bright NK,geneformer_mlp_probe
TGTATTCAGTAGTGCG_JIA_CD7_4,ILC2,ILC2,geneformer_mlp_probe
GTACTTTCACCGAATT_JIA_CD7_4,Cycling NK,Cycling NK,geneformer_mlp_probe
GGCTCGACAGAAGCAC_JIA_CD7_4,C2,C2,geneformer_mlp_probe
CATATTCGTCCATGAT_JIA_Total_13,CD56bright NK,CD56bright NK,geneformer_mlp_probe
TGGCTGGAGTAGCGGT_JIA_CD7_4,C1,C2,geneformer_mlp_probe
CTGCCTACATACCATG_JIA_CD7_5,Cycling NK,Cycling NK,geneformer_mlp_probe
AGCTCTCTCGTCTGCT_JIA_CD7_5,CD56bright NK,CD56bright NK,geneformer_mlp_probe
CGGTTAATCAAGCCTA_JIA_CD7_4,C1,CD56bright NK,geneformer_mlp_probe
GCAATCAAGCAATCTC_JIA_CD7_4,C1,C1,geneformer_mlp_probe
GCTGCGAGTGAGGCTA_JIA_CD7_5,Cycling NK,Cycling NK,geneformer_mlp_probe
CACACCTGTCACACGC_JIA_CD7_2,ILC2,ILC2,geneformer_mlp_probe
TCGCGAGAGACCTTTG_JIA_Total_26,ILC3,ILC2,geneformer_mlp_probe
CACACAATCGTTTATC_JIA_CD7_5,CD56bright NK,C2,geneformer_mlp_probe
GGGACCTTCCTTTCTC_JIA_CD7_5,Cycling NK,Cycling NK,geneformer_mlp_probe
CACAGTAAGATCTGCT_JIA_CD7_5,C1,C1,geneformer_mlp_probe
GCTGCTTGTCTCCACT_JIA_CD7_3,C1,C1,geneformer_mlp_probe
CATCGAAAGGCAATTA_JIA_CD7_2,ILC2,ILC2,geneformer_mlp_probe
AGCGGTCCATCCAACA_JIA_CD7_4,C1,C1,geneformer_mlp_probe
GCTGCGATCTGCAGTA_JIA_CD7_4,Cycling NK,Cycling NK,geneformer_mlp_probe
TCAGATGGTGAGGCTA_JIA_Total_2,Cycling NK,Cycling NK,geneformer_mlp_probe
GGAACTTTCGTATCAG_JIA_CD7_1,Cycling NK,Cycling NK,geneformer_mlp_probe
TAGCCGGAGATCACGG_JIA_CD7_4,C2,C2,geneformer_mlp_probe
CACCTTGAGTGGTAGC_JIA_CD7_3,C1,CD56bright NK,geneformer_mlp_probe
CTCGTACGTTAAGTAG_JIA_CD7_2,Cycling NK,Cycling NK,geneformer_mlp_probe
GTAACTGGTTTAGGAA_JIA_CD7_4,Naïve-like ILC,ILC3,geneformer_mlp_probe
TTGAACGCATGCCTTC_JIA_CD7_5,C1,Cycling NK,geneformer_mlp_probe
TCTCTAACATCACCCT_JIA_Total_24,C1,C2,geneformer_mlp_probe
GAATAAGCACCGAAAG_JIA_CD7_2,CD56bright NK,CD56bright NK,geneformer_mlp_probe
CACACTCGTAGGACAC_JIA_CD7_5,Cycling NK,Cycling NK,geneformer_mlp_probe
CGGACGTCATAAGACA_JIA_CD7_3,C2,C1,geneformer_mlp_probe
AGCAGCCCAAATCCGT_JIA_CD7_5,C2,Cycling NK,geneformer_mlp_probe
TCTCTAATCCGCGCAA_JIA_CD7_5,CD56bright NK,CD56bright NK,geneformer_mlp_probe
GACCTGGCAACAACCT_JIA_CD7_2,C1,CD56bright NK,geneformer_mlp_probe
AGACGTTAGCTAACTC_JIA_CD7_3,Cycling NK,Cycling NK,geneformer_mlp_probe
CTGATCCAGATATGGT_JIA_Total_17,Cycling NK,Cycling NK,geneformer_mlp_probe
TCTGAGATCTGATTCT_JIA_CD7_4,CD56dim NK,CD56dim NK,geneformer_mlp_probe
GAAACTCGTAAATACG_JIA_CD7_3,C1,C1,geneformer_mlp_probe
CTCGTCACACTTGGAT_JIA_CD7_5,C2,C2,geneformer_mlp_probe
CTGCTGTGTGCCTGGT_JIA_Total_26,C2,C1,geneformer_mlp_probe
TTCTTAGAGGAGTACC_JIA_CD7_1,C2,C2,geneformer_mlp_probe
TTGACTTAGTCATGCT_JIA_CD7_4,C1,C2,geneformer_mlp_probe
CGTAGCGCAACTTGAC_JIA_CD7_4,CD56dim NK,CD56dim NK,geneformer_mlp_probe
ATGCGATAGCCAACAG_JIA_CD7_2,C1,CD56bright NK,geneformer_mlp_probe
TTGCGTCTCCTCAATT_JIA_CD7_3,C1,C2,geneformer_mlp_probe
GTACTCCGTTTGTTTC_JIA_CD7_2,C1,C1,geneformer_mlp_probe
GCAGTTACAAGACACG_JIA_Total_25,Cycling NK,Cycling NK,geneformer_mlp_probe
CTGGTCTGTGGAAAGA_JIA_CD7_2,Cycling NK,Cycling NK,geneformer_mlp_probe
GACAGAGGTGTGGTTT_JIA_CD7_3,CD56dim NK,CD56dim NK,geneformer_mlp_probe
TACTCATAGATCCGAG_JIA_CD7_4,C1,C2,geneformer_mlp_probe
TCACAAGTCTAAGCCA_JIA_CD7_4,Cycling NK,Cycling NK,geneformer_mlp_probe
AAACGGGCAGACTCGC_JIA_CD7_3,ILC2,ILC2,geneformer_mlp_probe
GGGTTGCGTCCATCCT_JIA_CD7_5,Cycling NK,Cycling NK,geneformer_mlp_probe
GTGCATATCGTTACAG_JIA_CD7_4,CD56dim NK,CD56dim NK,geneformer_mlp_probe
TTGGCAAGTCGCATAT_JIA_CD7_3,Cycling NK,Cycling NK,geneformer_mlp_probe
CTGTTTATCGGTTCGG_JIA_CD7_2,C1,C2,geneformer_mlp_probe
GGTATTGAGAATTCCC_JIA_CD7_3,CD56dim NK,CD56dim NK,geneformer_mlp_probe
TCGGTAAAGCGAGAAA_JIA_CD7_4,C2,C2,geneformer_mlp_probe
CGGACACAGCCCGAAA_JIA_CD7_3,C3,C1,geneformer_mlp_probe
AGGTCCGAGGACTGGT_JIA_CD7_5,Naïve-like ILC,C1,geneformer_mlp_probe
CGTCACTTCCGCATCT_JIA_CD7_5,Cycling NK,Cycling NK,geneformer_mlp_probe
ATCACGATCAAACCAC_JIA_CD7_3,ILC2,ILC2,geneformer_mlp_probe
GTTCGGGTCACCTCGT_JIA_CD7_2,CD56bright NK,CD56dim NK,geneformer_mlp_probe
AAGTCTGGTCCGAACC_JIA_CD7_5,Cycling NK,Cycling NK,geneformer_mlp_probe
TCTGAGATCCCTTGCA_JIA_CD7_1,CD56dim NK,CD56dim NK,geneformer_mlp_probe
GATGCTACAGATCCAT_JIA_CD7_4,CD56bright NK,C1,geneformer_mlp_probe
ACTTGTTAGGGCTTGA_JIA_CD7_5,Cycling NK,Cycling NK,geneformer_mlp_probe
CACAGTAAGACCACGA_JIA_CD7_4,C2,C2,geneformer_mlp_probe
CCTACCATCTGCTGCT_JIA_CD7_1,CD56dim NK,CD56dim NK,geneformer_mlp_probe
ATCCACCAGTGTACTC_JIA_Total_7,CD56bright NK,CD56bright NK,geneformer_mlp_probe
CGTCCATAGCCAACAG_JIA_CD7_4,C2,C1,geneformer_mlp_probe
GGCTGGTCAGGTCGTC_JIA_CD7_5,C1,C1,geneformer_mlp_probe
GACCTGGAGGGTCTCC_JIA_CD7_4,CD56bright NK,CD56bright NK,geneformer_mlp_probe
TTTATGCGTGCATCTA_JIA_CD7_3,CD56bright NK,CD56bright NK,geneformer_mlp_probe
CTGTGCTAGACAAAGG_JIA_CD7_3,CD56dim NK,CD56dim NK,geneformer_mlp_probe
GCGCAGTGTGTAATGA_JIA_CD7_3,Cycling NK,Cycling NK,geneformer_mlp_probe
AGACACTAGGTGTGAC_JIA_CD45_2,Naïve-like ILC,C1,geneformer_mlp_probe
TTCGGTCAGCCTTGAT_JIA_CD7_5,Cycling NK,Cycling NK,geneformer_mlp_probe
TACGGTAGTTGGGACA_JIA_CD7_4,C1,C1,geneformer_mlp_probe
AATCGGTAGAAACCAT_JIA_CD7_1,Cycling NK,Cycling NK,geneformer_mlp_probe
TGGCTGGGTCGGGTCT_JIA_CD7_4,C1,C1,geneformer_mlp_probe
GCAAACTAGTGAACGC_JIA_CD7_4,CD56dim NK,CD56dim NK,geneformer_mlp_probe
CAGCTGGTCCACGACG_JIA_CD7_1,C2,C1,geneformer_mlp_probe
TCGTACCGTCGCATAT_JIA_CD7_3,C2,C2,geneformer_mlp_probe
CACACCTTCGAACTGT_JIA_CD7_4,C2,C2,geneformer_mlp_probe
GCACTCTAGCGCTCCA_JIA_CD7_4,C3,C3,geneformer_mlp_probe
GAAATGATCGTGGTCG_JIA_CD7_5,Cycling NK,Cycling NK,geneformer_mlp_probe
GAACACTGTGGACTGA_JIA_DC_1,C2,C1,geneformer_mlp_probe
ACTTTCATCCTCTAGC_JIA_CD7_4,Cycling NK,Cycling NK,geneformer_mlp_probe
GTGCGGTGTCGCGTGT_JIA_CD7_2,C1,CD56bright NK,geneformer_mlp_probe
CGTGTCTTCAAACAAG_JIA_CD7_4,CD56bright NK,CD56bright NK,geneformer_mlp_probe
GGACATTGTGTCGCTG_JIA_CD7_3,ILC2,ILC2,geneformer_mlp_probe
GGACAGAAGGTGTTAA_JIA_CD7_3,C1,C1,geneformer_mlp_probe
TGACTTTAGTATCGAA_JIA_CD7_2,ILC2,ILC2,geneformer_mlp_probe
GAAATGAGTAGCGTGA_JIA_CD7_4,C1,C1,geneformer_mlp_probe
AACCATGGTTCTGGTA_JIA_CD7_5,C2,C1,geneformer_mlp_probe
AATCCAGAGTGGACGT_JIA_CD7_3,C3,Cycling NK,geneformer_mlp_probe
GACGTTACATATGGTC_JIA_Total_2,Cycling NK,Cycling NK,geneformer_mlp_probe
CCGTGGAGTCTAAACC_JIA_Total_26,C1,C1,geneformer_mlp_probe
ATTTCTGAGTACACCT_JIA_CD7_4,CD56bright NK,C2,geneformer_mlp_probe
GAACATCAGTTGTAGA_JIA_CD7_3,C1,C1,geneformer_mlp_probe
TAGTGGTAGTAAGTAC_JIA_CD7_3,Naïve-like ILC,Naïve-like ILC,geneformer_mlp_probe
GACTCAAGTCCGGTGT_JIA_DC_2,C1,C1,geneformer_mlp_probe
TGCGGGTTCATTCACT_JIA_CD7_5,C2,C1,geneformer_mlp_probe
TGTTCCGGTTGTCTTT_JIA_CD7_4,C1,C1,geneformer_mlp_probe
AACGTTGTCATAGCAC_JIA_CD7_3,Cycling NK,Cycling NK,geneformer_mlp_probe
AGCGTATCAGCTGTTA_JIA_CD7_4,Cycling NK,Cycling NK,geneformer_mlp_probe
TGCGGGTAGAAACGAG_JIA_CD7_3,Cycling NK,Cycling NK,geneformer_mlp_probe
GTTTCTATCCGAATGT_JIA_CD7_2,Naïve-like ILC,C1,geneformer_mlp_probe
CTCTGGTAGCCTTGAT_JIA_CD7_1,C1,C1,geneformer_mlp_probe
CCCAATCCAGTTTACG_JIA_CD7_4,Cycling NK,Cycling NK,geneformer_mlp_probe
CTGGACGCATACAGAA_JIA_DC_2,C1,C1,geneformer_mlp_probe
GGACAGACACCAGTTA_JIA_CD7_4,ILC2,ILC2,geneformer_mlp_probe
TTTGCGCGTCTGATTG_JIA_CD7_4,C2,C1,geneformer_mlp_probe
CTTGGCTAGTTAACGA_JIA_CD7_5,Cycling NK,Cycling NK,geneformer_mlp_probe
GGAATAATCAACACAC_JIA_CD7_3,Cycling NK,Cycling NK,geneformer_mlp_probe
CTTACCGAGGCTCAGA_JIA_CD7_4,ILC2,ILC2,geneformer_mlp_probe
CTGTTTATCTCGCTTG_JIA_CD7_4,C1,CD56bright NK,geneformer_mlp_probe
CATTATCCACGCCAGT_JIA_CD7_1,Cycling NK,Cycling NK,geneformer_mlp_probe
GTAATCGCATCTAGAC_JIA_DC_1,C1,C1,geneformer_mlp_probe
GTTCATTGTTTGTTTC_JIA_CD7_2,Cycling NK,Cycling NK,geneformer_mlp_probe
CTGCTGTAGCTCCCAG_JIA_CD7_1,Cycling NK,Cycling NK,geneformer_mlp_probe
GTGAGGAGTATAGCTC_JIA_DC_2,C1,C1,geneformer_mlp_probe
TCTATTGTCGAGAACG_JIA_CD7_4,CD56bright NK,C1,geneformer_mlp_probe
GTTTCTAAGGTAAACT_JIA_CD7_4,Cycling NK,Cycling NK,geneformer_mlp_probe
GTACTTTGTCAGCTAT_JIA_CD7_2,CD56dim NK,CD56dim NK,geneformer_mlp_probe
ACGGGCTTCGTATCAG_JIA_CD7_3,Cycling NK,CD56dim NK,geneformer_mlp_probe
CGTAGGCAGATCCGAG_JIA_CD7_5,C2,C1,geneformer_mlp_probe
AAGACCTTCCTATTCA_JIA_CD7_4,ILC3,Naïve-like ILC,geneformer_mlp_probe
ATCGAGTCACAGACAG_JIA_CD7_5,Cycling NK,Cycling NK,geneformer_mlp_probe
CAAGATCCAGACGCAA_JIA_CD7_2,ILC2,C1,geneformer_mlp_probe
CAAGTTGCAGCTCGCA_JIA_CD7_3,ILC2,ILC2,geneformer_mlp_probe
TGGTTAGAGGTTACCT_JIA_CD7_5,C2,C2,geneformer_mlp_probe
CCACCTATCCGCTGTT_JIA_CD7_5,ILC3,ILC3,geneformer_mlp_probe
CACCACTGTCAATACC_JIA_CD7_3,CD56dim NK,CD56dim NK,geneformer_mlp_probe
TAGACCATCCGAATGT_JIA_CD7_4,C1,C1,geneformer_mlp_probe
TCCACACCAATAGCAA_JIA_CD7_2,CD56bright NK,CD56bright NK,geneformer_mlp_probe
GTCTTCGCAAGCTGTT_JIA_Total_23,CD56bright NK,CD56bright NK,geneformer_mlp_probe
GTCGTAAGTCTGCCAG_JIA_CD7_5,C2,C2,geneformer_mlp_probe
CATGGCGAGCGTGAAC_JIA_CD7_5,Cycling NK,Cycling NK,geneformer_mlp_probe
GTATCTTGTCTCTCTG_JIA_CD7_3,C1,C1,geneformer_mlp_probe
CGTCAGGAGAAGATTC_JIA_CD7_3,Cycling NK,Cycling NK,geneformer_mlp_probe
TTCACGCCATGGAATA_JIA_DC_1,C1,C1,geneformer_mlp_probe
ATAGACCTCATCTGCC_JIA_CD7_4,C2,C1,geneformer_mlp_probe
CTAAGACCAGACGCTC_JIA_CD7_2,CD56dim NK,CD56dim NK,geneformer_mlp_probe
CACACAATCTGCGACG_JIA_CD7_1,Cycling NK,Cycling NK,geneformer_mlp_probe
AAAGATGCAGTGGAGT_JIA_CD7_5,Cycling NK,Cycling NK,geneformer_mlp_probe
GCATGATAGATGTAAC_JIA_CD7_2,C1,C1,geneformer_mlp_probe
TACTTGTGTTGATTCG_JIA_CD7_5,ILC3,ILC3,geneformer_mlp_probe
TTGCGTCTCCCAGGTG_JIA_CD7_4,Cycling NK,Cycling NK,geneformer_mlp_probe
ACCGTAAAGCCCGAAA_JIA_CD7_3,C1,CD56bright NK,geneformer_mlp_probe
GCAGTTATCCCGGATG_JIA_CD7_2,ILC2,ILC2,geneformer_mlp_probe
CAGCTGGCATGCAATC_JIA_CD7_4,C3,C1,geneformer_mlp_probe
CGTCTACAGTAGTGCG_JIA_CD7_5,C1,C1,geneformer_mlp_probe
ATTACTCAGGGCTCTC_JIA_CD7_3,CD56dim NK,CD56dim NK,geneformer_mlp_probe
AACTCAGTCCAGAGGA_JIA_CD7_4,C1,C1,geneformer_mlp_probe
ACATACGGTTCGTGAT_JIA_CD7_3,Cycling NK,Cycling NK,geneformer_mlp_probe
CAGCGACCAAGGTTTC_JIA_CD7_4,C1,CD56bright NK,geneformer_mlp_probe
CATGCCTCAAGGTTTC_JIA_CD7_4,CD56dim NK,CD56dim NK,geneformer_mlp_probe
CTGGTCTAGGGATACC_JIA_CD7_5,Cycling NK,Cycling NK,geneformer_mlp_probe
ACAGCCGCAACGCACC_JIA_CD7_4,C2,C2,geneformer_mlp_probe
TGACAACGTGACGGTA_JIA_CD7_4,Naïve-like ILC,Naïve-like ILC,geneformer_mlp_probe
CTAACTTCAGATAATG_JIA_CD7_4,CD56bright NK,C1,geneformer_mlp_probe
GTGGGTCAGAAGCCCA_JIA_CD7_4,Cycling NK,Cycling NK,geneformer_mlp_probe
ACGAGGACAGGCGATA_JIA_CD7_1,C1,C1,geneformer_mlp_probe
AACACGTCACGAGGTA_JIA_Total_26,Cycling NK,Cycling NK,geneformer_mlp_probe
CGGCTAGTCATAACCG_JIA_CD7_3,ILC2,ILC2,geneformer_mlp_probe
TGAAAGATCGTTGACA_JIA_CD7_4,C3,CD56bright NK,geneformer_mlp_probe
TTAACTCTCTTACCTA_JIA_CD7_1,Cycling NK,Cycling NK,geneformer_mlp_probe
TTCCCAGCATTCCTGC_JIA_CD7_5,C2,C2,geneformer_mlp_probe
GTGCGGTGTCTCTCGT_JIA_CD7_5,CD56bright NK,CD56bright NK,geneformer_mlp_probe
TCTATTGTCAGCTGGC_JIA_CD7_4,CD56bright NK,CD56bright NK,geneformer_mlp_probe
TGAAAGACAGGGTACA_JIA_CD7_3,Cycling NK,Cycling NK,geneformer_mlp_probe
CTCGTACAGATGCGAC_JIA_CD7_5,Cycling NK,Cycling NK,geneformer_mlp_probe
TATCAGGAGACCTTTG_JIA_CD7_4,C1,C1,geneformer_mlp_probe
GGCAATTTCATTGCGA_JIA_CD7_5,C2,CD56bright NK,geneformer_mlp_probe
CTCGTCATCCAGTAGT_JIA_CD7_2,C1,C2,geneformer_mlp_probe
AGTAGTCCAGCCAGAA_JIA_CD7_2,CD56dim NK,CD56bright NK,geneformer_mlp_probe
TCAGGTATCTCGATGA_JIA_CD7_3,C1,C1,geneformer_mlp_probe
CGCTTCAAGCGAGAAA_JIA_CD7_4,CD56bright NK,C2,geneformer_mlp_probe
GATCTAGGTTGGTGGA_JIA_CD7_4,CD56dim NK,CD56dim NK,geneformer_mlp_probe
CTGAAACAGAGCTGGT_JIA_CD7_1,C3,C3,geneformer_mlp_probe
GTGCAGCCAGCTTTCC_JIA_CD45_2,Cycling NK,C3,geneformer_mlp_probe
ACACCAAGTTGCGCAC_JIA_CD7_2,ILC2,ILC2,geneformer_mlp_probe
CTACCCACACTAAGTC_JIA_Total_13,ILC2,ILC2,geneformer_mlp_probe
TTGGAACAGGTGATTA_JIA_CD7_5,Cycling NK,Cycling NK,geneformer_mlp_probe
AGCTTGACATGGTCAT_JIA_Total_23,ILC2,CD56bright NK,geneformer_mlp_probe
TACGGGCTCCTGCAGG_JIA_CD7_5,ILC3,ILC3,geneformer_mlp_probe
CATCAAGTCCGCGGTA_JIA_Total_14,C2,C1,geneformer_mlp_probe
GCTCCTAAGAGGTTGC_JIA_CD7_3,C2,C2,geneformer_mlp_probe
CATCAAGCAAGCTGGA_JIA_CD7_4,CD56dim NK,CD56dim NK,geneformer_mlp_probe
GTTAAGCCAAGTTAAG_JIA_CD7_3,C3,C2,geneformer_mlp_probe
GTGGGTCTCACTCCTG_JIA_CD7_4,C1,C1,geneformer_mlp_probe
CGTCACTGTACTTCTT_JIA_CD7_2,ILC2,ILC2,geneformer_mlp_probe
TAGAGCTAGATCGGGT_JIA_CD7_4,Naïve-like ILC,Naïve-like ILC,geneformer_mlp_probe
GCGAGAACACGGCTAC_JIA_CD7_5,Cycling NK,Cycling NK,geneformer_mlp_probe
TTGACTTTCTGGCGTG_JIA_CD7_4,C1,C1,geneformer_mlp_probe
ATGGGAGTCTTCTGGC_JIA_CD7_4,CD56dim NK,CD56dim NK,geneformer_mlp_probe
CATCAGAAGGACTGGT_JIA_Total_7,CD56bright NK,CD56bright NK,geneformer_mlp_probe
AACTCAGCACGAAACG_JIA_Total_13,ILC2,ILC2,geneformer_mlp_probe
CCGGGATCAGGCTGAA_JIA_CD7_4,ILC2,ILC2,geneformer_mlp_probe
TTGGCAAGTAGGCTGA_JIA_CD7_1,C2,C2,geneformer_mlp_probe
GTCGTAACACTGTTAG_JIA_CD7_4,C1,C1,geneformer_mlp_probe
CTGATAGTCCACGAAT_JIA_CD7_4,C3,C1,geneformer_mlp_probe
TGAGCATCATGCTAGT_JIA_CD7_4,C1,C2,geneformer_mlp_probe
GCAGGCTGTTGCATCA_JIA_CD45_1,C1,C3,geneformer_mlp_probe
AGAGCGAAGATAGGAG_JIA_CD7_1,C2,C2,geneformer_mlp_probe
TGCTGCTCACGACTCG_JIA_Total_24,C2,C1,geneformer_mlp_probe
ATAACGCGTTGCGTTA_JIA_CD7_2,Cycling NK,Cycling NK,geneformer_mlp_probe
CCACTACTCGCCAGCA_JIA_CD7_2,C1,C1,geneformer_mlp_probe
CTTAACTGTGATAAAC_JIA_CD7_3,C1,C1,geneformer_mlp_probe
AGCCTAAAGCGCCTCA_JIA_CD7_4,CD56bright NK,CD56bright NK,geneformer_mlp_probe
GTCATTTCACGAAGCA_JIA_CD7_4,C2,C2,geneformer_mlp_probe
CAGAATCTCTTATCTG_JIA_CD7_1,C1,ILC3,geneformer_mlp_probe
GGGAATGTCCAGAAGG_JIA_CD7_5,CD56bright NK,CD56bright NK,geneformer_mlp_probe
GAACATCAGTTACGGG_JIA_CD7_4,C1,C1,geneformer_mlp_probe
GTCATCCCATGAAGGC_JIA_CD45_1,CD56bright NK,C1,geneformer_mlp_probe
TGGGCGTTCTAGCACA_JIA_CD7_4,C2,C2,geneformer_mlp_probe
AGAGTGGCAGCAGTTT_JIA_CD7_4,C2,C2,geneformer_mlp_probe
TGACTAGGTCTTCGTC_JIA_CD7_2,CD56bright NK,CD56bright NK,geneformer_mlp_probe
CGATCGGGTAGAAGGA_JIA_CD7_3,Cycling NK,Cycling NK,geneformer_mlp_probe
TACAGTGCACAGACAG_JIA_CD7_4,CD56bright NK,CD56bright NK,geneformer_mlp_probe
TCTTTCCCACCTCGTT_JIA_CD7_4,C1,C1,geneformer_mlp_probe
TGCTACCCAGACACTT_JIA_CD7_4,ILC2,ILC2,geneformer_mlp_probe
CTGAAGTAGAGACTAT_JIA_Total_24,C1,C2,geneformer_mlp_probe
ACCGTAAGTTTGACTG_JIA_CD7_3,C3,C1,geneformer_mlp_probe
GTTTCTAGTGTAAGTA_JIA_CD7_5,Cycling NK,Cycling NK,geneformer_mlp_probe
TGTATTCAGAGCAATT_JIA_CD7_4,C3,C3,geneformer_mlp_probe
TGACTCCAGGTATTGA_JIA_DC_1,C3,C3,geneformer_mlp_probe
GTCATTTGTAGTACCT_JIA_CD7_5,C2,C2,geneformer_mlp_probe
ATTTACCTCGGAGTAG_JIA_CD45_2,CD56bright NK,CD56bright NK,geneformer_mlp_probe
CAGCATAAGATGAGAG_JIA_CD7_3,C1,C1,geneformer_mlp_probe
AGTTGGTAGTAGGCCA_JIA_CD7_4,CD56dim NK,CD56dim NK,geneformer_mlp_probe
CTACACCAGAAGGCCT_JIA_CD7_4,ILC3,ILC3,geneformer_mlp_probe
CGCTTCATCTTAGCCC_JIA_CD7_1,C2,C3,geneformer_mlp_probe
CTTAACTCACCTCGTT_JIA_CD7_3,C1,CD56bright NK,geneformer_mlp_probe
GATCTAGCAAGACACG_JIA_CD7_3,Cycling NK,Cycling NK,geneformer_mlp_probe
CAGAGAGGTTTCCACC_JIA_CD7_3,C3,C2,geneformer_mlp_probe
CGTAGCGAGTACATGA_JIA_CD7_2,C1,C1,geneformer_mlp_probe
CACATTTGTGCGCTTG_JIA_CD7_3,Cycling NK,C2,geneformer_mlp_probe
ATTATCCTCAGTGTTG_JIA_CD7_4,C1,C1,geneformer_mlp_probe
GCAAACTAGCAACGGT_JIA_CD7_1,Cycling NK,Cycling NK,geneformer_mlp_probe
CACACTCTCGCATGGC_JIA_CD7_4,C2,C2,geneformer_mlp_probe
TTCCCAGAGACTCGGA_JIA_Total_10,CD56bright NK,Cycling NK,geneformer_mlp_probe
GCAGCCAGTTAGAACA_JIA_CD7_5,C2,C2,geneformer_mlp_probe
TAAGCCAGTATCGGTT_JIA_DC_2,Cycling NK,Cycling NK,geneformer_mlp_probe
ACACCGGCATGGAATA_JIA_CD7_4,CD56bright NK,C1,geneformer_mlp_probe
GAATGAATCAGAGCTT_JIA_CD7_1,Cycling NK,Cycling NK,geneformer_mlp_probe
TTCTCAAGTCACTTCC_JIA_CD7_3,C2,C2,geneformer_mlp_probe
CTTAGGAAGAGGGATA_JIA_CD7_3,Cycling NK,Cycling NK,geneformer_mlp_probe
CCATGTCGTACGCTGC_JIA_CD7_2,Cycling NK,Cycling NK,geneformer_mlp_probe
TCTGAGAGTAAATGAC_JIA_CD7_2,ILC2,ILC2,geneformer_mlp_probe
CGGCTAGTCCAGTATG_JIA_CD7_2,ILC2,ILC2,geneformer_mlp_probe
GGACGTCTCTAACTGG_JIA_Total_8,Cycling NK,CD56bright NK,geneformer_mlp_probe
TGCACCTGTATAGGTA_JIA_CD7_5,Cycling NK,Cycling NK,geneformer_mlp_probe
GAAGCAGGTGGGTATG_JIA_CD7_4,CD56bright NK,CD56bright NK,geneformer_mlp_probe
TTAATCCTCATTGCTT_JIA_DC_1,C1,C1,geneformer_mlp_probe
CGTTCTGCATTGCGGC_JIA_CD7_5,Cycling NK,Cycling NK,geneformer_mlp_probe
TACGGATTCGTCACGG_JIA_CD7_4,C2,C2,geneformer_mlp_probe
GCGCAGTCAGTATGCT_JIA_CD7_1,Cycling NK,Cycling NK,geneformer_mlp_probe
TATTACCGTACAGTGG_JIA_CD7_3,C2,C3,geneformer_mlp_probe
AGTCACAGTCGACTTA_JIA_DC_3,C1,CD56dim NK,geneformer_mlp_probe
GTGCGGTCAATTCCTT_JIA_CD7_1,C1,C2,geneformer_mlp_probe
GTGTGCGGTTGGGACA_JIA_CD7_1,Cycling NK,Cycling NK,geneformer_mlp_probe
GTTCGGGAGACAGACC_JIA_CD7_5,Cycling NK,Cycling NK,geneformer_mlp_probe
CTCTGGTCACTTCGAA_JIA_CD7_5,Cycling NK,Cycling NK,geneformer_mlp_probe
TCTTCGGCACTTCGAA_JIA_Total_25,CD56bright NK,CD56bright NK,geneformer_mlp_probe
CTGATCCTCATACGGT_JIA_CD7_5,Cycling NK,Cycling NK,geneformer_mlp_probe
GAATGAAAGCTAGGCA_JIA_CD7_4,C1,C1,geneformer_mlp_probe
TCTTTCCGTGGGTATG_JIA_CD7_5,ILC2,ILC2,geneformer_mlp_probe
AAATGCCCAGGCAGTA_JIA_CD7_2,CD56bright NK,CD56bright NK,geneformer_mlp_probe
TACACGATCCAATGGT_JIA_CD7_4,C2,C1,geneformer_mlp_probe
AACTCAGGTTGACGTT_JIA_Total_24,C2,C2,geneformer_mlp_probe
ACTGATGGTTCAGACT_JIA_CD7_5,Cycling NK,Cycling NK,geneformer_mlp_probe
GATCGATAGACCTAGG_JIA_CD7_2,C1,CD56bright NK,geneformer_mlp_probe
GTCTCGTGTTCCACTC_JIA_CD7_3,CD56dim NK,CD56dim NK,geneformer_mlp_probe
CACCAGGTCCTCTAGC_JIA_CD7_3,C2,C1,geneformer_mlp_probe
AGCTTGACAATGGATA_JIA_CD7_2,C3,C3,geneformer_mlp_probe
TCTCATAGTAACGTTC_JIA_CD7_5,Cycling NK,Cycling NK,geneformer_mlp_probe
AAAGATGAGATACACA_JIA_CD7_4,Cycling NK,C1,geneformer_mlp_probe
CTCTAATCAAACTGTC_JIA_CD7_1,Cycling NK,Cycling NK,geneformer_mlp_probe
GACCTGGTCTTCGAGA_JIA_CD7_2,ILC2,ILC2,geneformer_mlp_probe
CTCGAGGGTAAGTAGT_JIA_CD7_4,C2,C2,geneformer_mlp_probe
AGGCCACAGAATAGGG_JIA_CD7_1,C2,C1,geneformer_mlp_probe
AACCATGCACTTGGAT_JIA_CD7_2,C1,C1,geneformer_mlp_probe
CACAGTAAGTGAACGC_JIA_CD7_1,Cycling NK,Cycling NK,geneformer_mlp_probe
CGACTTCCAAGGCTCC_JIA_CD7_3,ILC2,ILC2,geneformer_mlp_probe
GCATACAGTAAGGATT_JIA_CD7_4,C1,C2,geneformer_mlp_probe
AGTCTTTAGGCACATG_JIA_CD7_2,ILC2,ILC2,geneformer_mlp_probe
GCTGCGACACGTCTCT_JIA_CD7_4,Naïve-like ILC,C1,geneformer_mlp_probe
GCTCCTATCTGGCGAC_JIA_Total_10,Cycling NK,Cycling NK,geneformer_mlp_probe
GCAGTTAAGACCTTTG_JIA_CD7_3,Cycling NK,Cycling NK,geneformer_mlp_probe
TCGAGGCAGCGCTCCA_JIA_CD7_5,C2,Cycling NK,geneformer_mlp_probe
CACCAGGTCTTACCGC_JIA_CD7_4,Naïve-like ILC,C1,geneformer_mlp_probe
GATCAGTGTACTTAGC_JIA_CD7_3,CD56bright NK,CD56bright NK,geneformer_mlp_probe
GCGCCAAAGGCTAGCA_JIA_CD7_4,CD56dim NK,CD56dim NK,geneformer_mlp_probe
TCAGCTCTCCACTGGG_JIA_CD7_4,C2,C1,geneformer_mlp_probe
GAATAAGAGCGATATA_JIA_CD7_2,Naïve-like ILC,C1,geneformer_mlp_probe
TCTTCGGCACAGGAGT_JIA_Total_13,Cycling NK,Cycling NK,geneformer_mlp_probe
CTTTGCGGTTCAGGCC_JIA_CD7_2,C2,C2,geneformer_mlp_probe
TGACAACCAGGTCCAC_JIA_Total_24,C3,C3,geneformer_mlp_probe
CGTTAGACAAGGTTCT_JIA_CD7_2,CD56bright NK,CD56bright NK,geneformer_mlp_probe
CCACTACGTACGCTGC_JIA_CD7_3,C2,C2,geneformer_mlp_probe
GCTGGGTCATTTCACT_JIA_CD7_4,C1,C1,geneformer_mlp_probe
TCGGGACGTACCGCTG_JIA_CD7_3,CD56bright NK,CD56bright NK,geneformer_mlp_probe
CAGCCGACATTCTTAC_JIA_CD7_3,C1,C1,geneformer_mlp_probe
GACAGAGCATCAGTAC_JIA_Total_14,C1,C1,geneformer_mlp_probe
TTCTACATCCTCCTAG_JIA_CD7_5,Cycling NK,Cycling NK,geneformer_mlp_probe
CTCGGGATCGATAGAA_JIA_CD7_4,C2,C1,geneformer_mlp_probe
GTACTCCGTTACGTCA_JIA_CD7_3,Cycling NK,Cycling NK,geneformer_mlp_probe
TACTCGCAGGTGATTA_JIA_CD7_5,C3,C2,geneformer_mlp_probe
TGAGCATTCAGAGCTT_JIA_CD7_2,C1,C1,geneformer_mlp_probe
TACAGTGGTTGCGCAC_JIA_CD7_4,CD56bright NK,CD56bright NK,geneformer_mlp_probe
AGCGGTCAGGCAGTCA_JIA_CD7_2,CD56dim NK,CD56dim NK,geneformer_mlp_probe
ACGATGTTCGCCCTTA_JIA_CD7_4,C2,C1,geneformer_mlp_probe
CGACCTTAGGGAAACA_JIA_CD7_5,Cycling NK,Cycling NK,geneformer_mlp_probe
GTACTCCAGCCTATGT_JIA_CD7_1,Cycling NK,Cycling NK,geneformer_mlp_probe
AAGGTTCCACAACGTT_JIA_Total_14,C3,C1,geneformer_mlp_probe
GGATTACGTGGAAAGA_JIA_CD7_2,CD56bright NK,CD56dim NK,geneformer_mlp_probe
GGCGTGTCATCAGTCA_JIA_CD7_4,Cycling NK,Cycling NK,geneformer_mlp_probe
GGTATTGAGCCGATTT_JIA_CD7_4,C2,C2,geneformer_mlp_probe
GATGCTAGTCAAACTC_JIA_CD7_4,C2,C2,geneformer_mlp_probe
ACGGCCAAGGAACTGC_JIA_CD7_4,C1,C1,geneformer_mlp_probe
CCTTCGATCCAAATGC_JIA_CD7_1,C2,C2,geneformer_mlp_probe
GAAGGGTGTCTTCATT_JIA_DC_1,C1,C1,geneformer_mlp_probe
GACCAATAGTATCTCG_JIA_CD7_3,CD56bright NK,CD56bright NK,geneformer_mlp_probe
GTTCATTAGCTCCTTC_JIA_CD7_4,CD56dim NK,CD56dim NK,geneformer_mlp_probe
CACCACTCAGGGTACA_JIA_CD7_4,C1,C1,geneformer_mlp_probe
GGAGCAATCACTTACT_JIA_CD7_4,ILC2,ILC2,geneformer_mlp_probe
GAACATCCAAGCGTAG_JIA_CD7_3,C1,CD56bright NK,geneformer_mlp_probe
GAACATCGTTAAGGGC_JIA_CD7_5,Cycling NK,Cycling NK,geneformer_mlp_probe
CAGATCATCAGGTTCA_JIA_CD7_4,C2,C1,geneformer_mlp_probe
CATCGGGAGATAGCAT_JIA_DC_3,Cycling NK,Cycling NK,geneformer_mlp_probe
ACGCCAGCATGCTAGT_JIA_CD7_5,ILC3,ILC3,geneformer_mlp_probe
CACCACTCACTATCTT_JIA_CD7_4,C2,CD56bright NK,geneformer_mlp_probe
GGGACCTCATCAGTAC_JIA_CD7_4,CD56bright NK,CD56dim NK,geneformer_mlp_probe
CCATCACGTACGTTCA_JIA_DC_1,C1,C1,geneformer_mlp_probe
TGTGTTTGTTGGGACA_JIA_CD7_3,CD56bright NK,CD56bright NK,geneformer_mlp_probe
CTCGAGGAGTGCGTGA_JIA_CD7_5,C2,C2,geneformer_mlp_probe
CAACTAGCAACACCCG_JIA_CD7_2,CD56bright NK,C1,geneformer_mlp_probe
GCTGCGAGTACTTCTT_JIA_CD7_4,C1,CD56bright NK,geneformer_mlp_probe
ACATACGAGTGTTAGA_JIA_CD7_2,Cycling NK,C1,geneformer_mlp_probe
CATGGCGAGTAAGTAC_JIA_CD7_5,Cycling NK,Cycling NK,geneformer_mlp_probe
TCAACGATCGGAAATA_JIA_CD7_2,ILC2,ILC2,geneformer_mlp_probe
ATCCACCTCCAGATCA_JIA_CD7_4,C3,C3,geneformer_mlp_probe
ACACTGATCCTAGTGA_JIA_Total_23,CD56bright NK,CD56bright NK,geneformer_mlp_probe
GAATAAGTCAACACAC_JIA_CD7_2,CD56dim NK,CD56dim NK,geneformer_mlp_probe
GGAAAGCTCTTAGCCC_JIA_CD7_4,Cycling NK,Cycling NK,geneformer_mlp_probe
TGTTCCGGTACAGTTC_JIA_CD7_2,CD56bright NK,CD56bright NK,geneformer_mlp_probe
GTACGTACACAGATTC_JIA_Total_14,C3,C3,geneformer_mlp_probe
CGATTGAAGCACACAG_JIA_CD7_4,ILC2,ILC2,geneformer_mlp_probe
GGGTCTGAGGCATTGG_JIA_CD7_5,Cycling NK,Cycling NK,geneformer_mlp_probe
GGGCATCCAAGGACTG_JIA_CD7_4,CD56bright NK,CD56bright NK,geneformer_mlp_probe
TGACAACGTTATCGGT_JIA_CD7_2,CD56bright NK,CD56bright NK,geneformer_mlp_probe
AAGGTTCAGTGACATA_JIA_CD7_2,C3,C3,geneformer_mlp_probe
GGGAGATGTGCTAGCC_JIA_CD7_4,CD56bright NK,CD56bright NK,geneformer_mlp_probe
TTATGCTTCGTTGACA_JIA_CD7_5,C2,CD56bright NK,geneformer_mlp_probe
ATTCTACAGTAGCGGT_JIA_CD7_4,C3,C3,geneformer_mlp_probe
TCACGAACACAACGTT_JIA_CD7_4,CD56dim NK,CD56dim NK,geneformer_mlp_probe
AGCCTAATCAGCAACT_JIA_CD7_3,Cycling NK,Cycling NK,geneformer_mlp_probe
CAGCTGGTCTGTCTAT_JIA_CD7_5,C3,C3,geneformer_mlp_probe
CTTTGCGCACATGTGT_JIA_CD7_5,CD56bright NK,C3,geneformer_mlp_probe
ACTGCTCCATTAGGCT_JIA_CD7_4,CD56dim NK,CD56dim NK,geneformer_mlp_probe
TTCGAAGAGAAACCTA_JIA_CD7_3,C2,CD56bright NK,geneformer_mlp_probe
TTCTCAATCCTTCAAT_JIA_CD7_4,Cycling NK,C2,geneformer_mlp_probe
CTCATTACAATAGCAA_JIA_Total_24,C3,C1,geneformer_mlp_probe
CACAGTAAGTTGAGTA_JIA_CD7_1,C2,C2,geneformer_mlp_probe
CAGCAGCAGTGTGAAT_JIA_CD7_1,CD56dim NK,CD56dim NK,geneformer_mlp_probe
CAAGGCCTCCAAACTG_JIA_CD7_3,C1,C1,geneformer_mlp_probe
CAAGAAATCACCACCT_JIA_CD7_5,Cycling NK,Cycling NK,geneformer_mlp_probe
CCGTACTTCGAATGGG_JIA_CD7_5,Cycling NK,Cycling NK,geneformer_mlp_probe
TCGCGAGGTGCGGTAA_JIA_CD7_4,CD56bright NK,CD56bright NK,geneformer_mlp_probe
CACAGTAGTACTTAGC_JIA_CD7_3,C2,C1,geneformer_mlp_probe
CGCTTCATCATTGCCC_JIA_CD7_2,ILC2,ILC2,geneformer_mlp_probe
CAGCAGCCAAACTGCT_JIA_CD7_3,C2,C2,geneformer_mlp_probe
GTCAAGTTCGCCATAA_JIA_CD7_3,C1,C2,geneformer_mlp_probe
CTCTAATGTAGCTCCG_JIA_Total_10,CD56dim NK,CD56dim NK,geneformer_mlp_probe
GTGGGTCCATACCATG_JIA_CD7_2,ILC2,C2,geneformer_mlp_probe
ACGCAGCTCTAACGGT_JIA_CD7_3,C1,C1,geneformer_mlp_probe
CCACCTATCGCCAAAT_JIA_CD7_5,C1,C1,geneformer_mlp_probe
ACCCACTCATGGAATA_JIA_CD7_5,Cycling NK,Cycling NK,geneformer_mlp_probe
ACCTTTAAGCTACCGC_JIA_CD7_4,CD56dim NK,CD56dim NK,geneformer_mlp_probe
GTAGTCAAGTGGACGT_JIA_CD7_1,Cycling NK,Cycling NK,geneformer_mlp_probe
CAACTAGCAGTCCTTC_JIA_CD7_3,C1,C1,geneformer_mlp_probe
CCTAAAGTCGTACGGC_JIA_CD7_4,CD56dim NK,C3,geneformer_mlp_probe
CTCGAAATCCTGTACC_JIA_CD7_4,Cycling NK,Cycling NK,geneformer_mlp_probe
AAAGTAGAGGTACTCT_JIA_CD7_4,C2,C3,geneformer_mlp_probe
GGGATGAAGAGCTGGT_JIA_CD7_4,C1,C2,geneformer_mlp_probe
CATTCTAAGACCATTC_JIA_DC_1,C1,CD56bright NK,geneformer_mlp_probe
TCGGTAAGTAGGCTGA_JIA_CD7_4,Naïve-like ILC,Naïve-like ILC,geneformer_mlp_probe
CGGAGCTGTAAATACG_JIA_CD7_4,C2,C2,geneformer_mlp_probe
TGATTTCTCAGGCCCA_JIA_Total_14,C1,Cycling NK,geneformer_mlp_probe
CGCGGTACATGGGAAC_JIA_CD7_1,C1,C1,geneformer_mlp_probe
CAGATCACAAGAGGCT_JIA_Total_24,C2,C2,geneformer_mlp_probe
ATTACTCAGTACATGA_JIA_CD7_2,Cycling NK,Cycling NK,geneformer_mlp_probe
GGCAATTGTAGCGCTC_JIA_CD7_4,C1,C2,geneformer_mlp_probe
ACTTGTTTCCAATGGT_JIA_CD7_4,C1,C1,geneformer_mlp_probe
AGCGTATCAGACGTAG_JIA_CD7_4,CD56dim NK,CD56dim NK,geneformer_mlp_probe
GATGAGGGTTATGTCG_JIA_DC_1,C1,C1,geneformer_mlp_probe
CCTACACTCTTGAGGT_JIA_CD7_2,ILC2,ILC2,geneformer_mlp_probe
AGAATAGGTAATAGCA_JIA_Total_17,Cycling NK,Cycling NK,geneformer_mlp_probe
AAGGCAGGTAGCGTGA_JIA_CD7_2,CD56bright NK,CD56bright NK,geneformer_mlp_probe
CGCTGGAAGCGATTCT_JIA_CD7_5,Cycling NK,Cycling NK,geneformer_mlp_probe
GATCGCGAGATATGGT_JIA_CD7_3,CD56bright NK,C2,geneformer_mlp_probe
GTAGGCCTCTATCGCC_JIA_CD7_5,Naïve-like ILC,Naïve-like ILC,geneformer_mlp_probe
GTCTCGTTCGATAGAA_JIA_CD7_3,ILC3,ILC3,geneformer_mlp_probe
TGAGCATCATTATCTC_JIA_CD7_4,Naïve-like ILC,C3,geneformer_mlp_probe
GTCGTAAGTGCCTGTG_JIA_CD7_4,CD56dim NK,CD56dim NK,geneformer_mlp_probe
TAGGCATAGGAGCGAG_JIA_CD7_4,C1,C1,geneformer_mlp_probe
GGGTTGCCAGTTTACG_JIA_CD7_3,C3,C3,geneformer_mlp_probe
CCACCTATCACCTCGT_JIA_Total_24,C1,C1,geneformer_mlp_probe
CCTTCGAAGTCTCAAC_JIA_Total_13,CD56bright NK,CD56bright NK,geneformer_mlp_probe
TACACGAAGAAACGAG_JIA_CD7_3,C2,C2,geneformer_mlp_probe
CGAGCACTCATCTGCC_JIA_CD7_3,CD56bright NK,C1,geneformer_mlp_probe
CGGACGTTCTCAAACG_JIA_CD7_4,C2,C2,geneformer_mlp_probe
CAGCTAAGTAGTACCT_JIA_CD7_3,C2,C2,geneformer_mlp_probe
TTTGTCATCACTATTC_JIA_Total_24,C1,C1,geneformer_mlp_probe
AGCGTATCAGGAATGC_JIA_CD7_2,CD56bright NK,CD56bright NK,geneformer_mlp_probe
AAATGCCAGTACTTGC_JIA_CD7_5,CD56bright NK,CD56bright NK,geneformer_mlp_probe
ACACCAATCAACACTG_JIA_CD7_5,CD56bright NK,CD56bright NK,geneformer_mlp_probe
ATGGGAGGTTCGTCTC_JIA_CD7_3,C3,C3,geneformer_mlp_probe
GAACCTAAGATGCGAC_JIA_CD7_5,ILC2,ILC2,geneformer_mlp_probe
GAACACTTCAAGCCAT_JIA_DC_1,CD56bright NK,CD56bright NK,geneformer_mlp_probe
GGGCACTCACGGTGTC_JIA_CD7_5,Cycling NK,Cycling NK,geneformer_mlp_probe
GGACATTAGACCTTTG_JIA_CD7_3,C1,C1,geneformer_mlp_probe
CAGCGACCATATACGC_JIA_CD7_4,CD56dim NK,CD56dim NK,geneformer_mlp_probe
CGATGTAGTATCTGCA_JIA_CD7_1,Cycling NK,Cycling NK,geneformer_mlp_probe
CTGATCCGTGACTCAT_JIA_CD7_1,Cycling NK,Cycling NK,geneformer_mlp_probe
CTGATCCAGACACTAA_JIA_CD7_3,C1,C1,geneformer_mlp_probe
TGGCGCATCCACGACG_JIA_CD7_5,C2,C1,geneformer_mlp_probe
TACTCGCTCGTCCAGG_JIA_CD7_5,Cycling NK,Cycling NK,geneformer_mlp_probe
TTCTCCTCATGACATC_JIA_CD7_3,C1,C2,geneformer_mlp_probe
GAGCAGATCCATGAAC_JIA_CD7_5,C2,C2,geneformer_mlp_probe
CACAAACAGATTACCC_JIA_CD7_4,CD56bright NK,CD56bright NK,geneformer_mlp_probe
GTTCTCGCATTGTGCA_JIA_CD7_4,C3,C3,geneformer_mlp_probe
GGACAGACAAGTCTGT_JIA_Total_14,C3,Cycling NK,geneformer_mlp_probe
GGCTCGAAGGGAGTAA_JIA_CD7_5,Cycling NK,Cycling NK,geneformer_mlp_probe
CGAATGTTCGCGATCG_JIA_CD7_5,C2,C2,geneformer_mlp_probe
TTCAGGATCCGGCTTT_JIA_CD45_2,C2,CD56bright NK,geneformer_mlp_probe
AAGCATCCATGGCCAC_JIA_DC_1,Cycling NK,Cycling NK,geneformer_mlp_probe
GCATGATGTAATCACC_JIA_CD7_1,C2,C2,geneformer_mlp_probe
CACAAACAGCTAACTC_JIA_CD7_4,C2,C2,geneformer_mlp_probe
GACAGAGTCACTGGGC_JIA_Total_8,C1,Naïve-like ILC,geneformer_mlp_probe
GATTCAGCATCACGTA_JIA_CD7_3,CD56dim NK,CD56dim NK,geneformer_mlp_probe
TACTCATTCACTCCTG_JIA_CD7_3,Cycling NK,Cycling NK,geneformer_mlp_probe
TACGGTACAGCTGCTG_JIA_CD7_4,C3,C3,geneformer_mlp_probe
TGTTCCGCAGTCGTGC_JIA_CD7_4,CD56bright NK,CD56bright NK,geneformer_mlp_probe
TCGCGTTCAGCCAGAA_JIA_CD7_4,C2,C3,geneformer_mlp_probe
CTGAAACCACTGAAGG_JIA_CD7_1,C2,C3,geneformer_mlp_probe
ACTGTCCAGAATGTTG_JIA_CD7_5,CD56bright NK,CD56bright NK,geneformer_mlp_probe
AGATCTGCATACGCTA_JIA_CD7_3,C3,C3,geneformer_mlp_probe
GTCATTTAGGTGACCA_JIA_Total_26,Cycling NK,Cycling NK,geneformer_mlp_probe
GATCGCGTCCGCTGTT_JIA_CD7_3,C1,C1,geneformer_mlp_probe
CGGAGCTCATTGTGCA_JIA_CD7_4,C1,C1,geneformer_mlp_probe
CACCTTGAGTCAAGGC_JIA_CD7_4,C1,C1,geneformer_mlp_probe
CTCGTCAAGACACGAC_JIA_CD7_5,Cycling NK,Cycling NK,geneformer_mlp_probe
AACTGGTCATTGGTAC_JIA_CD7_4,C2,C1,geneformer_mlp_probe
AGGTCATTCAGCACAT_JIA_CD7_4,C1,C1,geneformer_mlp_probe
AAGGCAGCACGAAAGC_JIA_CD7_5,Cycling NK,Cycling NK,geneformer_mlp_probe
AGACGTTTCAGCGATT_JIA_Total_10,CD56dim NK,CD56dim NK,geneformer_mlp_probe
CGGGTCACAACACCTA_JIA_Total_23,CD56bright NK,CD56bright NK,geneformer_mlp_probe
CAGCTAAGTGCACGAA_JIA_CD7_5,C1,C1,geneformer_mlp_probe
CTGGTCTCAATTCCTT_JIA_CD7_3,ILC2,ILC2,geneformer_mlp_probe
GTCACAACACCCATTC_JIA_CD7_4,C2,C2,geneformer_mlp_probe
GGGATGACAACGATCT_JIA_Total_14,C1,C1,geneformer_mlp_probe
CCACCTATCCAACCAA_JIA_Total_24,C2,C3,geneformer_mlp_probe
ATTATCCAGTTTAGGA_JIA_CD7_2,CD56dim NK,CD56dim NK,geneformer_mlp_probe
GCTTCCAGTACTCGCG_JIA_CD7_3,C2,C1,geneformer_mlp_probe
TGCGCAGAGTGGTAAT_JIA_CD7_4,C3,C1,geneformer_mlp_probe
AAGACCTAGATCTGAA_JIA_CD7_5,C2,C2,geneformer_mlp_probe
TGTTCCGAGGCGTACA_JIA_CD7_3,C1,ILC2,geneformer_mlp_probe
GACGTTACAATGAATG_JIA_CD7_3,CD56dim NK,CD56bright NK,geneformer_mlp_probe
CATCAGAAGTGGTAGC_JIA_CD7_1,Cycling NK,Cycling NK,geneformer_mlp_probe
AGAATAGTCGCTAGCG_JIA_CD7_4,CD56bright NK,C2,geneformer_mlp_probe
GCAATCAGTCTCAACA_JIA_CD7_5,C2,C3,geneformer_mlp_probe
AGAGCGACAATAGAGT_JIA_CD7_3,Cycling NK,Cycling NK,geneformer_mlp_probe
TACGGGCTCAAGGCTT_JIA_CD7_2,CD56bright NK,CD56bright NK,geneformer_mlp_probe
GTATCTTCAAGCGTAG_JIA_CD7_3,CD56bright NK,C2,geneformer_mlp_probe
TTGAACGGTAGCTTGT_JIA_Total_26,Cycling NK,Cycling NK,geneformer_mlp_probe
CTCGTACTCGCAAGCC_JIA_CD7_3,C1,C1,geneformer_mlp_probe
TACCTATTCTGAGGGA_JIA_CD7_1,CD56dim NK,CD56dim NK,geneformer_mlp_probe
TAAGCGTGTTATGCGT_JIA_CD7_4,Naïve-like ILC,Naïve-like ILC,geneformer_mlp_probe
TTAGGACTCAACACGT_JIA_CD7_5,Cycling NK,Cycling NK,geneformer_mlp_probe
AAAGATGCACCAGGTC_JIA_CD7_5,C3,C3,geneformer_mlp_probe
CTCGAGGTCTTTACAC_JIA_CD7_3,C1,C1,geneformer_mlp_probe
GGCCGATAGCATGGCA_JIA_CD7_1,C3,Cycling NK,geneformer_mlp_probe
CGTCAGGGTATTAGCC_JIA_CD7_1,C2,C2,geneformer_mlp_probe
GCACATAGTACTTCTT_JIA_CD7_1,C2,C2,geneformer_mlp_probe
GCTCTGTGTCTAAACC_JIA_CD7_2,CD56bright NK,CD56bright NK,geneformer_mlp_probe
CTTCTCTTCTCACATT_JIA_Total_23,CD56bright NK,CD56bright NK,geneformer_mlp_probe
GTCAAGTCAGGATTGG_JIA_CD7_2,Cycling NK,Cycling NK,geneformer_mlp_probe
CAGTCCTCATCGACGC_JIA_CD7_5,C2,C1,geneformer_mlp_probe
CTCGAGGGTGAGGGAG_JIA_CD7_1,Cycling NK,C1,geneformer_mlp_probe
ATCTGCCGTAATCGTC_JIA_CD7_4,C1,C2,geneformer_mlp_probe
CCTAAAGGTCACCCAG_JIA_CD7_4,Cycling NK,Cycling NK,geneformer_mlp_probe
ACGATACGTCTAGGTT_JIA_CD7_3,Cycling NK,Cycling NK,geneformer_mlp_probe
CGAACATGTCCTAGCG_JIA_Total_26,C2,C1,geneformer_mlp_probe
TATCAGGGTGTCTTGA_JIA_DC_2,C1,C1,geneformer_mlp_probe
TCACGAACAGGTGCCT_JIA_CD7_1,C2,C2,geneformer_mlp_probe
CATCAGAAGTGTCTCA_JIA_CD7_4,C3,C3,geneformer_mlp_probe
CGCTTCATCTCTTGAT_JIA_CD7_3,Cycling NK,Cycling NK,geneformer_mlp_probe
ATTGGACTCGTCACGG_JIA_CD7_4,C1,C1,geneformer_mlp_probe
CTGGTCTAGCTTATCG_JIA_CD7_5,ILC3,ILC3,geneformer_mlp_probe
TGGGAAGTCTTGCATT_JIA_CD7_2,ILC2,C1,geneformer_mlp_probe
CATCAGATCTGGAGCC_JIA_CD7_4,C2,C2,geneformer_mlp_probe
CCTTACGCATGGTCTA_JIA_CD7_4,C1,C2,geneformer_mlp_probe
GGCTCGATCCAGTATG_JIA_CD7_2,CD56dim NK,CD56dim NK,geneformer_mlp_probe
AGTTGGTTCTTGCCGT_JIA_CD7_4,C3,C2,geneformer_mlp_probe
TGCTGCTTCGCACTCT_JIA_CD7_4,C1,C1,geneformer_mlp_probe
GCTCCTATCAGCTGGC_JIA_CD7_4,CD56dim NK,CD56dim NK,geneformer_mlp_probe
GCCTCTAGTAAATGAC_JIA_CD7_3,C1,C1,geneformer_mlp_probe
ACAGCCGGTTTCCACC_JIA_CD7_2,ILC2,ILC2,geneformer_mlp_probe
TTTATGCCATTCTCAT_JIA_CD7_4,Cycling NK,C1,geneformer_mlp_probe
CCGTACTGTATCAGTC_JIA_CD7_4,C2,C1,geneformer_mlp_probe
CCTATTACACACTGCG_JIA_CD7_3,C1,C1,geneformer_mlp_probe
CAGATCAGTATTCTCT_JIA_Total_26,C1,C1,geneformer_mlp_probe
AGGTCATAGATGCGAC_JIA_CD7_4,C1,C1,geneformer_mlp_probe
GTGCAGCCATTATCTC_JIA_CD7_5,C2,C1,geneformer_mlp_probe
TCGCGAGCAGGCGATA_JIA_CD7_3,Cycling NK,C2,geneformer_mlp_probe
GCAGTTAAGGAGTTTA_JIA_CD7_4,Cycling NK,Cycling NK,geneformer_mlp_probe
TACTCATTCGTAGGAG_JIA_CD7_1,Cycling NK,Cycling NK,geneformer_mlp_probe
AAATGCCAGGTGCACA_JIA_Total_26,C1,CD56bright NK,geneformer_mlp_probe
AGAGCTTTCAGCACAT_JIA_CD7_4,C1,Cycling NK,geneformer_mlp_probe
CTGCCTACAGCTCGCA_JIA_CD7_3,CD56dim NK,CD56dim NK,geneformer_mlp_probe
GTGTTAGCATCCGGGT_JIA_CD7_4,Naïve-like ILC,Naïve-like ILC,geneformer_mlp_probe
AGGGTGATCGTCCAGG_JIA_CD7_4,C1,Naïve-like ILC,geneformer_mlp_probe
CGTCCATCATTCCTCG_JIA_CD7_5,Cycling NK,Cycling NK,geneformer_mlp_probe
CGAACATTCAGCGATT_JIA_CD7_5,Cycling NK,Cycling NK,geneformer_mlp_probe
GGCGACTCATTTCACT_JIA_CD7_4,C2,C2,geneformer_mlp_probe
ATCATGGCATGTTGAC_JIA_CD7_5,Cycling NK,Cycling NK,geneformer_mlp_probe
GTTTCTATCGAATGGG_JIA_Total_24,C3,C3,geneformer_mlp_probe
CATTCGCAGCCCAATT_JIA_CD7_4,ILC2,ILC2,geneformer_mlp_probe
CGCTTCACACCACGTG_JIA_Total_24,C1,C1,geneformer_mlp_probe
GTATTCTTCGTGGACC_JIA_CD7_3,C3,C2,geneformer_mlp_probe
CGACCTTTCGGAGGTA_JIA_CD7_5,Naïve-like ILC,ILC2,geneformer_mlp_probe
TACAGTGGTGGCTCCA_JIA_CD7_5,C3,Cycling NK,geneformer_mlp_probe
GGGATGAAGGTGGGTT_JIA_CD7_2,Cycling NK,Cycling NK,geneformer_mlp_probe
GTGTTAGTCTTTACAC_JIA_CD7_2,Cycling NK,Cycling NK,geneformer_mlp_probe
CATGCCTAGTGAAGAG_JIA_Total_14,C1,C1,geneformer_mlp_probe
GCTCCTAAGTTGTCGT_JIA_CD7_3,C2,C2,geneformer_mlp_probe
GGATTACGTTCAGGCC_JIA_CD7_3,ILC2,ILC2,geneformer_mlp_probe
GATAGAAAGCTCACTA_JIA_DC_1,C1,C1,geneformer_mlp_probe
GGGAATGCAAGTCTAC_JIA_CD7_3,C2,C2,geneformer_mlp_probe
CAGTAACGTCGGATCC_JIA_CD7_5,Cycling NK,Cycling NK,geneformer_mlp_probe
CTCGGAGGTGGTGTAG_JIA_CD7_5,CD56bright NK,CD56bright NK,geneformer_mlp_probe
TGTTCCGAGAGTACAT_JIA_CD7_4,C1,C1,geneformer_mlp_probe
ATCGAGTTCAAAGACA_JIA_CD7_4,C1,C1,geneformer_mlp_probe
GACTAACGTCCAGTGC_JIA_Total_23,CD56bright NK,CD56bright NK,geneformer_mlp_probe
CGCTGGAGTACTTAGC_JIA_Total_13,CD56bright NK,C1,geneformer_mlp_probe
TGACGGCAGCCGTCGT_JIA_CD7_5,Cycling NK,Cycling NK,geneformer_mlp_probe
GTTAAGCAGTTCGCAT_JIA_CD7_2,CD56dim NK,CD56bright NK,geneformer_mlp_probe
TGTGGTAAGCGAAGGG_JIA_Total_10,CD56bright NK,CD56bright NK,geneformer_mlp_probe
TCAGCTCAGATAGCAT_JIA_CD7_4,C2,C2,geneformer_mlp_probe
TTAGGCAAGTTGCAGG_JIA_CD7_2,CD56dim NK,CD56dim NK,geneformer_mlp_probe
GAAGCAGAGCTGATAA_JIA_CD7_4,C1,C1,geneformer_mlp_probe
TACGGGCAGCCAGTAG_JIA_CD7_4,Cycling NK,Cycling NK,geneformer_mlp_probe
ATAAGAGGTGCGAAAC_JIA_CD7_5,Cycling NK,Cycling NK,geneformer_mlp_probe
TACTCGCTCCATGAAC_JIA_CD7_5,CD56bright NK,C1,geneformer_mlp_probe
CACACAACATTTGCTT_JIA_Total_23,Cycling NK,Cycling NK,geneformer_mlp_probe
CAGATTGGTCACCGCA_JIA_DC_2,C1,C1,geneformer_mlp_probe
GGGACCTAGTCACGCC_JIA_CD7_4,ILC3,ILC3,geneformer_mlp_probe
TCAGGATGTTGAACTC_JIA_CD7_4,C1,C1,geneformer_mlp_probe
CCTCAGTGTTAAGGGC_JIA_CD7_1,C3,C3,geneformer_mlp_probe
CACACTCAGGACACCA_JIA_CD7_5,Cycling NK,Cycling NK,geneformer_mlp_probe
GGCCGATAGAGCTGCA_JIA_CD7_3,C1,C1,geneformer_mlp_probe
ACGCAGCAGGGCTCTC_JIA_Total_11,C1,C1,geneformer_mlp_probe
GATCGTACACTATCTT_JIA_CD7_4,Cycling NK,Cycling NK,geneformer_mlp_probe
GGTGAAGTCGGTGTCG_JIA_CD7_1,C2,C2,geneformer_mlp_probe
GAGTTGTTCACGGGCT_JIA_DC_2,Cycling NK,Cycling NK,geneformer_mlp_probe
TTTACTGTCTTACCGC_JIA_Total_14,C1,C1,geneformer_mlp_probe
GATTCAGAGGCTCTTA_JIA_CD7_3,Cycling NK,Cycling NK,geneformer_mlp_probe
TGAGCCGTCCACTCCA_JIA_CD7_5,Cycling NK,Cycling NK,geneformer_mlp_probe
CCTATTACACATTAGC_JIA_CD7_2,CD56dim NK,CD56dim NK,geneformer_mlp_probe
CTGTCGTCACTAGGCC_JIA_CD45_1,ILC2,Naïve-like ILC,geneformer_mlp_probe
CCTTACGGTAGGGTAC_JIA_CD7_4,C3,C3,geneformer_mlp_probe
TCGACCTAGAAGTATC_JIA_DC_1,CD56bright NK,C1,geneformer_mlp_probe
CTAAGACAGAGGGCTT_JIA_CD7_1,Cycling NK,Cycling NK,geneformer_mlp_probe
TATGCCCCAGCGAACA_JIA_CD7_2,C2,C3,geneformer_mlp_probe
CCATGTCTCATTCACT_JIA_Total_7,Cycling NK,Cycling NK,geneformer_mlp_probe
CCGTGGACAATCGAAA_JIA_CD7_5,Cycling NK,Cycling NK,geneformer_mlp_probe
TTTATGCTCCTACAGA_JIA_CD7_4,CD56dim NK,CD56dim NK,geneformer_mlp_probe
AGACGTTCACCCATGG_JIA_CD7_2,Cycling NK,Cycling NK,geneformer_mlp_probe
CACAGTATCTCCGGTT_JIA_CD7_1,C1,Cycling NK,geneformer_mlp_probe
ACACCAATCTGCTGCT_JIA_CD7_2,CD56dim NK,CD56dim NK,geneformer_mlp_probe
CATCCACCAATAAGCA_JIA_CD7_4,C2,C1,geneformer_mlp_probe
ACCTTTATCTCTTGAT_JIA_CD7_4,C3,C3,geneformer_mlp_probe
ACGAGGATCCTTAATC_JIA_CD7_3,C1,C1,geneformer_mlp_probe
AGTGAGGCACGAAATA_JIA_CD7_1,C2,C2,geneformer_mlp_probe
CTCTACGTCGTTTGCC_JIA_CD7_1,C3,C3,geneformer_mlp_probe
GTACGTAAGAATGTTG_JIA_CD7_5,CD56dim NK,CD56dim NK,geneformer_mlp_probe
CATATGGCAATTCCTT_JIA_CD7_3,Cycling NK,Cycling NK,geneformer_mlp_probe
ATGTGTGAGTCGTTTG_JIA_CD7_3,C1,CD56bright NK,geneformer_mlp_probe
CCATTCGAGTGTTAGA_JIA_CD7_4,CD56bright NK,CD56bright NK,geneformer_mlp_probe
CCACCTATCGCCAAAT_JIA_CD7_2,C2,CD56bright NK,geneformer_mlp_probe
GAGCAGATCACCATAG_JIA_Total_14,C2,C2,geneformer_mlp_probe
CCCAGTTTCCTGTACC_JIA_CD7_3,C2,C1,geneformer_mlp_probe
CCAATCCAGACTGGGT_JIA_CD7_2,ILC3,C1,geneformer_mlp_probe
AACCATGCAATGAAAC_JIA_Total_25,Cycling NK,Cycling NK,geneformer_mlp_probe
TGGACGCAGGGTTCCC_JIA_CD7_3,Cycling NK,Cycling NK,geneformer_mlp_probe
TGGTTCCCAAACTGTC_JIA_CD7_4,CD56bright NK,CD56bright NK,geneformer_mlp_probe
CGTCCATTCAACACAC_JIA_CD7_4,CD56bright NK,CD56bright NK,geneformer_mlp_probe
CCTATTAGTGTTAAGA_JIA_CD7_5,Cycling NK,Cycling NK,geneformer_mlp_probe
CACAGTACAGACGCCT_JIA_CD7_3,C2,C2,geneformer_mlp_probe
CTTCTCTAGTGTCCCG_JIA_CD7_2,Cycling NK,Cycling NK,geneformer_mlp_probe
TGCTACCCAACAACCT_JIA_CD7_1,C2,C3,geneformer_mlp_probe
GGGTCTGCATAAGACA_JIA_CD7_5,C3,C3,geneformer_mlp_probe
GATGCTATCCTTTACA_JIA_Total_25,Cycling NK,Cycling NK,geneformer_mlp_probe
CTGCGGATCATGCAAC_JIA_Total_23,CD56bright NK,CD56bright NK,geneformer_mlp_probe
AAATGCCGTCTAGCGC_JIA_CD7_2,CD56bright NK,CD56bright NK,geneformer_mlp_probe
GCTGGGTAGCGAAGGG_JIA_CD7_3,C1,C1,geneformer_mlp_probe
AAAGTAGGTTTGACTG_JIA_CD7_2,Cycling NK,Cycling NK,geneformer_mlp_probe
ATCTACTCATCGTCGG_JIA_CD7_2,C1,CD56bright NK,geneformer_mlp_probe
GGACATTAGGACAGCT_JIA_CD7_5,C1,Cycling NK,geneformer_mlp_probe
CACACAACATTCGACA_JIA_CD7_5,CD56bright NK,CD56bright NK,geneformer_mlp_probe
ACCTTTAGTTAGGGTG_JIA_CD7_2,CD56dim NK,CD56dim NK,geneformer_mlp_probe
CGGAGTCCACCAGTTA_JIA_CD7_3,C3,C2,geneformer_mlp_probe
GTACTCCAGTACGTTC_JIA_CD7_4,C3,C2,geneformer_mlp_probe
CTCATTACAGCTGTTA_JIA_CD7_2,ILC2,ILC2,geneformer_mlp_probe
TGAGGGAAGATGTAAC_JIA_CD7_4,ILC3,ILC3,geneformer_mlp_probe
GTTCATTCATTATCTC_JIA_CD7_4,ILC2,ILC2,geneformer_mlp_probe
AGAGCTTCATTAACCG_JIA_Total_23,CD56bright NK,CD56bright NK,geneformer_mlp_probe
CACACAACACTTGGAT_JIA_CD7_4,C2,C2,geneformer_mlp_probe
GTACTCCTCCTTTACA_JIA_CD7_4,C1,C2,geneformer_mlp_probe
CATCCACCAAGTACCT_JIA_CD7_2,ILC2,ILC2,geneformer_mlp_probe
TGAGCCGCATAAAGGT_JIA_CD7_3,Cycling NK,C3,geneformer_mlp_probe
ACGCCAGCAGATTGCT_JIA_CD7_4,Cycling NK,Cycling NK,geneformer_mlp_probe
TACACGATCTTCGAGA_JIA_CD7_2,CD56dim NK,CD56dim NK,geneformer_mlp_probe
TCATTTGGTGGTAACG_JIA_CD7_5,ILC3,ILC3,geneformer_mlp_probe
TACTTGTCAAGACACG_JIA_CD7_5,Cycling NK,Cycling NK,geneformer_mlp_probe
CCACTACGTTAAGACA_JIA_CD7_3,Cycling NK,Cycling NK,geneformer_mlp_probe
GACGCGTGTGCAACGA_JIA_Total_4,Cycling NK,Cycling NK,geneformer_mlp_probe
GCGCCAATCCAGAGGA_JIA_CD7_4,C1,Cycling NK,geneformer_mlp_probe
TAAGAGAGTACAAGTA_JIA_CD7_4,ILC2,Naïve-like ILC,geneformer_mlp_probe
GTATTCTCAGTAAGCG_JIA_CD7_4,C2,CD56bright NK,geneformer_mlp_probe
CACAGTATCGGAAATA_JIA_Total_26,Cycling NK,Cycling NK,geneformer_mlp_probe
TAAGAGAGTACACCGC_JIA_CD7_4,CD56dim NK,CD56dim NK,geneformer_mlp_probe
ACACCCTGTGAGCGAT_JIA_Total_24,ILC2,C2,geneformer_mlp_probe
GTAACTGTCAACACGT_JIA_Total_20,Cycling NK,Cycling NK,geneformer_mlp_probe
GTACTCCAGGATATAC_JIA_CD7_5,ILC3,C2,geneformer_mlp_probe
CCTACCATCGAATCCA_JIA_CD7_1,Cycling NK,Cycling NK,geneformer_mlp_probe
GTCGTAATCTTGTTTG_JIA_CD7_5,Cycling NK,Cycling NK,geneformer_mlp_probe
TCAGCAACAAGGTGTG_JIA_CD7_4,C1,C1,geneformer_mlp_probe
CGCTTCAGTCCAGTAT_JIA_CD7_4,Naïve-like ILC,Naïve-like ILC,geneformer_mlp_probe
GCACTCTAGATGCGAC_JIA_CD7_3,CD56bright NK,C1,geneformer_mlp_probe
TTTGGTTTCGAACGGA_JIA_CD7_4,C3,CD56bright NK,geneformer_mlp_probe
GAACGGAGTATAGTAG_JIA_CD7_1,CD56dim NK,CD56dim NK,geneformer_mlp_probe
CAGAGAGTCCCTCAGT_JIA_CD7_4,C2,C2,geneformer_mlp_probe
CGGCTAGCATGCTAGT_JIA_Total_4,Cycling NK,Cycling NK,geneformer_mlp_probe
CACAAACGTCACACGC_JIA_CD7_5,Cycling NK,Cycling NK,geneformer_mlp_probe
CGGTTAAGTGTGACGA_JIA_Total_23,CD56dim NK,CD56dim NK,geneformer_mlp_probe
CTTAACTGTGAAAGAG_JIA_CD7_2,Cycling NK,Cycling NK,geneformer_mlp_probe
GAAATGAGTCCAACTA_JIA_CD7_4,C1,C1,geneformer_mlp_probe
CTCGGGAAGTGTCTCA_JIA_CD7_5,Cycling NK,Cycling NK,geneformer_mlp_probe
GATTCAGTCACAGTAC_JIA_Total_24,Cycling NK,C1,geneformer_mlp_probe
GTTACAGGTCGACTAT_JIA_CD7_2,C2,C3,geneformer_mlp_probe
ATAACGCAGGTCGGAT_JIA_Total_24,Cycling NK,Cycling NK,geneformer_mlp_probe
TGCCCATAGCGTGTCC_JIA_CD7_5,Naïve-like ILC,C1,geneformer_mlp_probe
ACCACAAGTATGCTAC_JIA_DC_1,Naïve-like ILC,C1,geneformer_mlp_probe
TTCATTGCACTGTTCC_JIA_CD45_2,Cycling NK,Cycling NK,geneformer_mlp_probe
AGTAGTCTCCAAAGTC_JIA_Total_11,Cycling NK,Cycling NK,geneformer_mlp_probe
AACGTTGCATAAGACA_JIA_CD7_4,C2,C2,geneformer_mlp_probe
CAGCTAATCGGCGGTT_JIA_Total_23,CD56bright NK,CD56bright NK,geneformer_mlp_probe
CATTATCGTCAGAGGT_JIA_Total_25,CD56bright NK,CD56bright NK,geneformer_mlp_probe
CATCGAACAGATCTGT_JIA_CD7_4,CD56dim NK,CD56dim NK,geneformer_mlp_probe
AGCATACGTCACTGGC_JIA_CD7_4,Cycling NK,Cycling NK,geneformer_mlp_probe
AACCATGCAGCCTTTC_JIA_CD7_5,Cycling NK,Cycling NK,geneformer_mlp_probe
CTAGTGAGTCTTCAAG_JIA_CD7_4,Cycling NK,C1,geneformer_mlp_probe
CCACCTACACAAGCCC_JIA_CD7_5,C1,C2,geneformer_mlp_probe
TGAGCCGCATGGTCTA_JIA_CD7_2,ILC2,ILC2,geneformer_mlp_probe
AACACGTGTAAACGCG_JIA_CD7_5,C3,C3,geneformer_mlp_probe
TTAACTCCACCGAAAG_JIA_CD7_4,Cycling NK,Cycling NK,geneformer_mlp_probe
GGGCATCAGTATCTCG_JIA_CD7_1,CD56dim NK,C2,geneformer_mlp_probe
CTCAGAATCGGCATCG_JIA_CD7_4,ILC2,ILC2,geneformer_mlp_probe
CTACCCAGTTGCCTCT_JIA_CD7_3,C2,C3,geneformer_mlp_probe
AGCGGTCAGTGCGTGA_JIA_CD7_1,Cycling NK,Cycling NK,geneformer_mlp_probe
TCATTTGGTCTGCGGT_JIA_CD7_3,CD56bright NK,CD56bright NK,geneformer_mlp_probe
CGATGGCCACAACGTT_JIA_CD7_5,C3,C3,geneformer_mlp_probe
AAGGCAGGTTGGGACA_JIA_CD7_5,Cycling NK,Cycling NK,geneformer_mlp_probe
GATTCAGCACGAAGCA_JIA_Total_13,CD56bright NK,CD56bright NK,geneformer_mlp_probe
TTTGCGCCAGCATGAG_JIA_Total_14,Cycling NK,Cycling NK,geneformer_mlp_probe
CATCCACAGAATGTTG_JIA_CD7_4,C2,C2,geneformer_mlp_probe
ATCTACTTCTTGGGTA_JIA_CD7_5,ILC2,ILC2,geneformer_mlp_probe
CCTCTGAAGGAGTTGC_JIA_CD7_5,C2,C1,geneformer_mlp_probe
ATTGGTGTCTGTGCAA_JIA_CD7_4,C3,C3,geneformer_mlp_probe
TTGTAGGGTCCCTTGT_JIA_CD7_5,C1,ILC3,geneformer_mlp_probe
ACTGAGTTCTTGCAAG_JIA_CD7_2,ILC2,ILC2,geneformer_mlp_probe
GATGCTATCTGTACGA_JIA_CD7_3,C2,C2,geneformer_mlp_probe
TTCTTAGGTAGGACAC_JIA_CD7_4,ILC3,ILC2,geneformer_mlp_probe
GAACATCTCCTCAACC_JIA_CD7_4,C2,C3,geneformer_mlp_probe
AACTTTCAGCGATAGC_JIA_CD7_2,CD56bright NK,CD56bright NK,geneformer_mlp_probe
CTCTACGAGAGTTGGC_JIA_CD7_2,ILC2,ILC2,geneformer_mlp_probe
ACCAGTAAGTCATGCT_JIA_CD7_2,ILC2,ILC2,geneformer_mlp_probe
GCGCGATAGTTTCCTT_JIA_CD7_4,CD56dim NK,CD56dim NK,geneformer_mlp_probe
ACCAGTATCAGGCCCA_JIA_CD7_4,CD56dim NK,CD56dim NK,geneformer_mlp_probe
TCGCGAGGTACCGCTG_JIA_CD7_4,Naïve-like ILC,C1,geneformer_mlp_probe
CACACTCCAATCCGAT_JIA_CD7_2,CD56dim NK,CD56dim NK,geneformer_mlp_probe
GATTCAGTCTGCGTAA_JIA_CD7_2,CD56bright NK,C1,geneformer_mlp_probe
CATTATCTCCATGAAC_JIA_CD7_4,C2,C2,geneformer_mlp_probe
CGACTTCTCACATGCA_JIA_CD7_4,C1,C1,geneformer_mlp_probe
TGACTAGCATGGATGG_JIA_Total_26,C1,C1,geneformer_mlp_probe
TCGCGTTAGGCCATAG_JIA_CD7_4,ILC3,Naïve-like ILC,geneformer_mlp_probe
AAAGCAAAGTGTTGAA_JIA_CD7_5,CD56dim NK,CD56dim NK,geneformer_mlp_probe
CCTTACGGTGAGTATA_JIA_CD7_4,CD56bright NK,CD56bright NK,geneformer_mlp_probe
GCACATACAGGAATGC_JIA_CD7_1,Cycling NK,Cycling NK,geneformer_mlp_probe
CATGACAGTCCCGACA_JIA_CD7_1,Cycling NK,Cycling NK,geneformer_mlp_probe
CATTATCGTGCTAGCC_JIA_CD7_3,C2,C1,geneformer_mlp_probe
CCTTTCTCATTCTCAT_JIA_CD7_4,C2,C2,geneformer_mlp_probe
TCGATTTCAATGTCAC_JIA_DC_1,C1,C1,geneformer_mlp_probe
AAAGCAACACGACGAA_JIA_CD7_4,C1,C1,geneformer_mlp_probe
TTTCCTCAGGAGTAGA_JIA_CD7_5,Cycling NK,Cycling NK,geneformer_mlp_probe
GCACTAAGTCCGTTTC_JIA_CD45_2,CD56dim NK,CD56bright NK,geneformer_mlp_probe
CCGGGATCAAGCGAGT_JIA_CD7_4,C1,C1,geneformer_mlp_probe
ACATACGCAATCGGTT_JIA_CD7_4,C3,C3,geneformer_mlp_probe
ACTTACTGTCTAAACC_JIA_CD7_5,ILC3,ILC2,geneformer_mlp_probe
ACTTTCATCTGGGCCA_JIA_CD7_5,Cycling NK,Cycling NK,geneformer_mlp_probe
GGACAGAAGCGTGAAC_JIA_CD7_2,CD56bright NK,CD56bright NK,geneformer_mlp_probe
CTCGTACGTATAGTAG_JIA_CD7_5,Cycling NK,Cycling NK,geneformer_mlp_probe
CTCTAATGTAATCACC_JIA_Total_4,Cycling NK,Cycling NK,geneformer_mlp_probe
CTAGTGAGTGCACCAC_JIA_CD7_2,C1,C2,geneformer_mlp_probe
GTATCTTGTAATCGTC_JIA_CD7_4,Naïve-like ILC,Cycling NK,geneformer_mlp_probe
ACGGCCAAGTAGTGCG_JIA_CD7_3,ILC2,ILC2,geneformer_mlp_probe
ATCATCTTCTTGTCAT_JIA_CD7_5,C1,C1,geneformer_mlp_probe
GAGCTGCAGCCTCGTG_JIA_DC_1,C1,CD56bright NK,geneformer_mlp_probe
AGTAGTCTCAGTACGT_JIA_CD7_1,C1,CD56bright NK,geneformer_mlp_probe
TGGCCAGAGCATGGCA_JIA_CD7_3,Cycling NK,Cycling NK,geneformer_mlp_probe
CCTCTGAGTACCGCTG_JIA_Total_14,C1,C1,geneformer_mlp_probe
CACACTCTCTTGTTTG_JIA_Total_10,CD56bright NK,CD56bright NK,geneformer_mlp_probe
CTACATTTCAGTACGT_JIA_Total_23,CD56bright NK,CD56bright NK,geneformer_mlp_probe
CTTTGCGGTTTGACAC_JIA_CD7_4,CD56dim NK,CD56dim NK,geneformer_mlp_probe
ACGCCAGGTTAGATGA_JIA_CD7_5,Cycling NK,Cycling NK,geneformer_mlp_probe
TTTACTGCACATTTCT_JIA_CD7_5,C2,C2,geneformer_mlp_probe
ACCAGTATCACTCCTG_JIA_Total_24,C1,C2,geneformer_mlp_probe
GCGCAACCATGCCTAA_JIA_CD7_5,Cycling NK,Cycling NK,geneformer_mlp_probe
CTGGTCTTCTCTGAGA_JIA_CD7_3,Cycling NK,Cycling NK,geneformer_mlp_probe
ATTCGTTCACTGTCCT_JIA_DC_1,C1,C1,geneformer_mlp_probe
GCAGCCACACCTGGTG_JIA_CD7_5,Cycling NK,Cycling NK,geneformer_mlp_probe
ACGCAGCAGTAAGTAC_JIA_CD7_5,Cycling NK,Cycling NK,geneformer_mlp_probe
GTGCTTCTCTAACTTC_JIA_CD7_4,C3,C3,geneformer_mlp_probe
GCAGCCATCCGTACAA_JIA_CD7_4,CD56dim NK,CD56dim NK,geneformer_mlp_probe
TTGAACGTCCCTCAGT_JIA_CD7_2,ILC2,ILC2,geneformer_mlp_probe
TGCGGGTGTACTTAGC_JIA_CD7_5,Cycling NK,Cycling NK,geneformer_mlp_probe
TGGCGCAAGTGCAAGC_JIA_CD7_4,Cycling NK,Cycling NK,geneformer_mlp_probe
ACCGTAATCTTACCTA_JIA_CD7_1,Cycling NK,Cycling NK,geneformer_mlp_probe
GTTCGGGCAGTGGGAT_JIA_CD7_4,Naïve-like ILC,C2,geneformer_mlp_probe
ACGGCCAGTCCATCCT_JIA_CD7_2,CD56bright NK,CD56bright NK,geneformer_mlp_probe
TGCGTGGAGTGGTAAT_JIA_CD7_2,ILC2,ILC2,geneformer_mlp_probe
AACACGTAGTGAACGC_JIA_CD7_3,Cycling NK,Cycling NK,geneformer_mlp_probe
ATTCTACCAGTACACT_JIA_CD7_4,C2,C1,geneformer_mlp_probe
AAAGCAAGTGGCTCCA_JIA_CD7_4,C1,C1,geneformer_mlp_probe
CGGACTGGTCTCCCTA_JIA_CD7_4,C1,C1,geneformer_mlp_probe
TCGGTAAGTCTTGATG_JIA_CD7_4,C1,C1,geneformer_mlp_probe
CAACCTCCAGCCAATT_JIA_Total_20,C1,ILC2,geneformer_mlp_probe
TCATTACAGACTCGGA_JIA_CD7_4,C2,C2,geneformer_mlp_probe
CTGCCTAGTTCCGGCA_JIA_CD7_4,C1,C1,geneformer_mlp_probe
TCGTACCCACAGTCGC_JIA_CD7_4,Naïve-like ILC,C1,geneformer_mlp_probe
CTGCTGTCACCGCTAG_JIA_CD7_5,C2,C2,geneformer_mlp_probe
AAACGGGGTGCTAGCC_JIA_CD7_4,CD56dim NK,C2,geneformer_mlp_probe
TTTGCGCAGAGTCTGG_JIA_CD7_4,C2,C2,geneformer_mlp_probe
TGAAAGAAGCTAGCCC_JIA_CD7_5,C2,C2,geneformer_mlp_probe
AAACGGGTCCGGCACA_JIA_CD7_4,C1,C1,geneformer_mlp_probe
GGACATTGTCTAGCCG_JIA_CD7_4,C2,C2,geneformer_mlp_probe
GGTGTCGTCTATGTGG_JIA_DC_1,C2,C2,geneformer_mlp_probe
CGGACGTCAAAGGTGC_JIA_CD7_4,C2,C2,geneformer_mlp_probe
GAGTCCGAGGAGTTGC_JIA_CD7_3,C2,C2,geneformer_mlp_probe
TCGAGGCAGGGTCTCC_JIA_CD7_5,Cycling NK,Cycling NK,geneformer_mlp_probe
CATATGGAGCTTTGGT_JIA_CD7_4,C1,C1,geneformer_mlp_probe
ACCGTAACAACACCTA_JIA_CD7_5,Cycling NK,Cycling NK,geneformer_mlp_probe
TTAGTTCTCACATACG_JIA_CD7_4,ILC3,ILC3,geneformer_mlp_probe
TGTCCCACAGCGATCC_JIA_CD7_4,C1,C1,geneformer_mlp_probe
ACATGGTTCAGATAAG_JIA_CD7_5,Cycling NK,Cycling NK,geneformer_mlp_probe
CAGAATCCAAGAAGAG_JIA_Total_26,ILC3,Naïve-like ILC,geneformer_mlp_probe
TGGACGCCATTGGCGC_JIA_CD7_4,CD56bright NK,C1,geneformer_mlp_probe
GACTAACTCGCCAGCA_JIA_CD7_4,ILC2,ILC2,geneformer_mlp_probe
TGAGCCGAGGGCATGT_JIA_CD7_4,C2,C2,geneformer_mlp_probe
GGATTACTCACGCGGT_JIA_CD7_2,Cycling NK,Cycling NK,geneformer_mlp_probe
AAGTCTGAGGAGTTTA_JIA_CD7_1,ILC2,C2,geneformer_mlp_probe
CCACTACCATTTCACT_JIA_CD7_4,Cycling NK,Cycling NK,geneformer_mlp_probe
GACCAATCATGCAATC_JIA_CD7_3,Naïve-like ILC,Naïve-like ILC,geneformer_mlp_probe
CAACCAATCGAGTGGA_JIA_DC_1,ILC3,C1,geneformer_mlp_probe
GAGGTGACATTTCACT_JIA_CD7_2,ILC2,ILC2,geneformer_mlp_probe
ACTATCTTCAGAAATG_JIA_CD7_4,C2,C2,geneformer_mlp_probe
CGTGTCTTCTGCGACG_JIA_CD7_5,ILC3,C1,geneformer_mlp_probe
CTGTGAAGTACGACTT_JIA_CD45_2,CD56dim NK,C2,geneformer_mlp_probe
CAACCTCAGCAGACTG_JIA_Total_26,Cycling NK,CD56bright NK,geneformer_mlp_probe
TGACAACAGAAACCGC_JIA_CD7_3,CD56dim NK,CD56dim NK,geneformer_mlp_probe
TCGGGCACAAGCGATG_JIA_DC_1,C1,C1,geneformer_mlp_probe
GCATACATCAGGTAAA_JIA_CD7_5,ILC3,ILC3,geneformer_mlp_probe
TGACTAGGTTGATTCG_JIA_CD7_5,CD56bright NK,CD56bright NK,geneformer_mlp_probe
AGCTCCTGTGGTAACG_JIA_CD7_4,C2,C2,geneformer_mlp_probe
ACACCGGTCGACCAGC_JIA_CD7_4,C1,C1,geneformer_mlp_probe
TAGGCATAGAGAGCTC_JIA_CD7_4,C1,C1,geneformer_mlp_probe
CGTTGGGTCTCATTCA_JIA_Total_24,C1,CD56bright NK,geneformer_mlp_probe
GTTACAGTCGGCGCTA_JIA_Total_2,Cycling NK,Cycling NK,geneformer_mlp_probe
CTCTAATGTATAGGTA_JIA_CD7_4,CD56dim NK,CD56dim NK,geneformer_mlp_probe
GTTGTGAGTGGACTAG_JIA_CD45_1,CD56bright NK,CD56bright NK,geneformer_mlp_probe
GGCAATTAGAGAACAG_JIA_CD7_4,C1,C1,geneformer_mlp_probe
AGTCTTTCATATGGTC_JIA_CD7_5,C2,C1,geneformer_mlp_probe
GGCTCGACAAGGCTCC_JIA_CD7_2,C1,C1,geneformer_mlp_probe
GGGTCTGGTATAGTAG_JIA_Total_24,C1,C2,geneformer_mlp_probe
ACGAGCCTCACCTTAT_JIA_CD7_5,Cycling NK,Cycling NK,geneformer_mlp_probe
CTACGTCCAGGAATCG_JIA_CD7_2,CD56bright NK,CD56bright NK,geneformer_mlp_probe
TCAGATGGTGTGGTTT_JIA_Total_2,Cycling NK,Cycling NK,geneformer_mlp_probe
TCATTTGCATCTACGA_JIA_CD7_2,C1,CD56bright NK,geneformer_mlp_probe
ACTTACTCATGGTCTA_JIA_CD7_4,CD56bright NK,CD56bright NK,geneformer_mlp_probe
GCTGGGTAGATCGGGT_JIA_CD7_1,C2,C3,geneformer_mlp_probe
GACCAATAGCTTCGCG_JIA_CD7_1,Cycling NK,Cycling NK,geneformer_mlp_probe
AGGTCCGAGGGTATCG_JIA_CD7_5,C3,Cycling NK,geneformer_mlp_probe
CATATTCCATGGATGG_JIA_CD7_4,C2,C1,geneformer_mlp_probe
GCGGGTTCAGTATAAG_JIA_CD7_1,Cycling NK,Cycling NK,geneformer_mlp_probe
CTCGGGAGTAAAGTCA_JIA_CD7_3,Cycling NK,Cycling NK,geneformer_mlp_probe
TAGACCACATTACCTT_JIA_CD7_1,C2,C3,geneformer_mlp_probe
GACGGCTGTTGGTAAA_JIA_CD7_4,C1,C1,geneformer_mlp_probe
CTAATGGAGCTCCTCT_JIA_CD7_1,CD56dim NK,CD56dim NK,geneformer_mlp_probe
CACCACTCATTGCGGC_JIA_CD7_2,ILC2,ILC2,geneformer_mlp_probe
CCGTACTCAACACCCG_JIA_CD7_3,Cycling NK,Cycling NK,geneformer_mlp_probe
GCATGATGTAGGCATG_JIA_CD7_3,C2,C1,geneformer_mlp_probe
TTCGAAGGTATCGCAT_JIA_CD7_5,C3,Cycling NK,geneformer_mlp_probe
TCGGTAAAGCTCTCGG_JIA_CD7_4,C2,C2,geneformer_mlp_probe
CTCATTACACAGACTT_JIA_CD7_3,Cycling NK,C1,geneformer_mlp_probe
CACCACTGTTCCTCCA_JIA_CD7_4,C1,C1,geneformer_mlp_probe
TCGAGGCAGGGAGTAA_JIA_CD7_4,C3,CD56bright NK,geneformer_mlp_probe
TTATGCTCAAGCTGTT_JIA_CD7_4,ILC2,ILC2,geneformer_mlp_probe
CATATTCGTACAGACG_JIA_CD7_5,CD56dim NK,CD56dim NK,geneformer_mlp_probe
TAAGAGATCTGCTGCT_JIA_CD7_4,Cycling NK,Cycling NK,geneformer_mlp_probe
CAGCATACAGGGTATG_JIA_CD7_4,CD56bright NK,CD56bright NK,geneformer_mlp_probe
GATGAAACAGCATACT_JIA_Total_26,Cycling NK,Cycling NK,geneformer_mlp_probe
ACGTCAAAGGCTCTTA_JIA_Total_13,Cycling NK,Cycling NK,geneformer_mlp_probe
AGCGGTCCAGACGCTC_JIA_CD7_4,C1,C1,geneformer_mlp_probe
GTACTTTTCCAGTATG_JIA_CD7_5,Cycling NK,ILC3,geneformer_mlp_probe
TACTTACGTTGTCGCG_JIA_CD7_4,Naïve-like ILC,C1,geneformer_mlp_probe
CCATGTCAGGCCCGTT_JIA_CD7_1,C3,Cycling NK,geneformer_mlp_probe
GCAATCACACGGTTTA_JIA_CD7_2,ILC2,ILC2,geneformer_mlp_probe
TCCCGATGTCGAGTTT_JIA_CD7_4,Cycling NK,C1,geneformer_mlp_probe
GTCCTCATCGCGCCAA_JIA_Total_8,ILC2,ILC2,geneformer_mlp_probe
CTCCGATAGGCGTTGA_JIA_CD45_2,Cycling NK,Cycling NK,geneformer_mlp_probe
ACCTTTACAGGCGATA_JIA_CD7_5,C2,C2,geneformer_mlp_probe
TGGGCGTTCTTTACAC_JIA_CD7_5,C1,C1,geneformer_mlp_probe
AAACCTGTCGAATCCA_JIA_CD7_3,Cycling NK,Cycling NK,geneformer_mlp_probe
GCAGCCATCCAGGGCT_JIA_CD7_4,Cycling NK,C1,geneformer_mlp_probe
TGAGCCGAGAAGGTTT_JIA_CD7_5,Cycling NK,Cycling NK,geneformer_mlp_probe
CAAGATCAGAGGTTGC_JIA_CD7_3,Cycling NK,Cycling NK,geneformer_mlp_probe
TGCGGGTAGTACGTTC_JIA_Total_2,Cycling NK,Cycling NK,geneformer_mlp_probe
GCGACCAGTGCACGAA_JIA_CD7_2,ILC2,ILC2,geneformer_mlp_probe
CCTTTCTCACGCTTTC_JIA_CD7_5,Cycling NK,Cycling NK,geneformer_mlp_probe
CAGCAGCCATGGGACA_JIA_CD7_3,Cycling NK,Cycling NK,geneformer_mlp_probe
CATCGAAGTAGCTAAA_JIA_CD7_5,Cycling NK,Cycling NK,geneformer_mlp_probe
CTGATCCAGAGCTATA_JIA_CD7_4,C2,C2,geneformer_mlp_probe
ACTTACTGTACTCAAC_JIA_Total_25,Cycling NK,Cycling NK,geneformer_mlp_probe
AAACGGGGTTTGACTG_JIA_CD7_4,C2,C1,geneformer_mlp_probe
GTGCGGTAGGCTAGCA_JIA_CD7_3,C1,C1,geneformer_mlp_probe
TCTGTCGTCTTACTGT_JIA_DC_3,Cycling NK,Cycling NK,geneformer_mlp_probe
ACATGGTAGTGCTGCC_JIA_CD7_4,CD56dim NK,CD56dim NK,geneformer_mlp_probe
TCAGCAACATATGGTC_JIA_CD7_4,C2,C2,geneformer_mlp_probe
CACAGTACAGGACCCT_JIA_CD7_3,CD56dim NK,CD56dim NK,geneformer_mlp_probe
ACACTGACATGCCACG_JIA_Total_17,Cycling NK,Cycling NK,geneformer_mlp_probe
ACGCCAGGTACTCAAC_JIA_CD7_4,C3,C3,geneformer_mlp_probe
GAATAAGGTCTAAAGA_JIA_CD7_2,CD56dim NK,CD56bright NK,geneformer_mlp_probe
CAGCTGGAGAAGGTTT_JIA_CD7_5,Cycling NK,Cycling NK,geneformer_mlp_probe
CCATGTCTCTCGGACG_JIA_CD7_4,CD56dim NK,CD56dim NK,geneformer_mlp_probe
CCATGTCAGTGTGAAT_JIA_CD7_4,CD56bright NK,CD56bright NK,geneformer_mlp_probe
CTACCCACACAGGAGT_JIA_CD7_3,C1,C1,geneformer_mlp_probe
GTCCTCAGTCATGCCG_JIA_CD7_3,Cycling NK,Cycling NK,geneformer_mlp_probe
CCTAACCAGTCACTCA_JIA_DC_3,Cycling NK,Cycling NK,geneformer_mlp_probe
CTACCCATCTCAACTT_JIA_CD7_4,CD56bright NK,CD56bright NK,geneformer_mlp_probe
ACTGTCCGTTCTGGTA_JIA_CD7_3,Cycling NK,Cycling NK,geneformer_mlp_probe
ATTATCCAGACGCAAC_JIA_CD7_2,CD56dim NK,C2,geneformer_mlp_probe
CTGTTTAAGCTACCGC_JIA_Total_13,Cycling NK,Cycling NK,geneformer_mlp_probe
GGATGTTGTTCACGGC_JIA_CD7_3,C3,CD56bright NK,geneformer_mlp_probe
ACGATACGTACAGTTC_JIA_CD7_5,Cycling NK,Cycling NK,geneformer_mlp_probe
GGGAGATCACCACCAG_JIA_CD7_1,C3,C3,geneformer_mlp_probe
ATTGTTCAGAGGTTAT_JIA_CD45_1,C3,C3,geneformer_mlp_probe
CGCTTCAGTATAGGTA_JIA_CD7_2,CD56bright NK,CD56bright NK,geneformer_mlp_probe
CGTCCATTCATCTGCC_JIA_CD7_5,Cycling NK,Cycling NK,geneformer_mlp_probe
AGCTTGAGTCCGAATT_JIA_CD7_3,C2,C2,geneformer_mlp_probe
TTGCCGTAGTATGACA_JIA_CD7_3,ILC2,ILC2,geneformer_mlp_probe
CTGCGGAGTCTAGCCG_JIA_CD7_4,C1,C1,geneformer_mlp_probe
CGAACATCAGCCTTGG_JIA_CD7_5,Cycling NK,Cycling NK,geneformer_mlp_probe
ACATCAGAGCTGTCTA_JIA_CD7_5,Cycling NK,Cycling NK,geneformer_mlp_probe
TTCGGTCGTTTGGCGC_JIA_CD7_3,C1,C2,geneformer_mlp_probe
CGAGAAGTCTCTTGAT_JIA_CD7_2,ILC2,ILC2,geneformer_mlp_probe
CCAGCGATCTGAGGGA_JIA_CD7_4,C2,C1,geneformer_mlp_probe
CCGGGATGTCTCTCGT_JIA_CD7_1,Cycling NK,Cycling NK,geneformer_mlp_probe
AGAGCAGAGAGAGTTT_JIA_DC_3,C1,C1,geneformer_mlp_probe
GGACATTGTGCAGACA_JIA_CD7_5,Cycling NK,Cycling NK,geneformer_mlp_probe
CACATAGGTATAGGGC_JIA_CD7_4,C1,C2,geneformer_mlp_probe
AGCGTATAGCGATATA_JIA_CD7_2,Cycling NK,Cycling NK,geneformer_mlp_probe
CCATGTCTCATAAAGG_JIA_CD7_2,ILC2,ILC2,geneformer_mlp_probe
CGGACTGTCTGGGCCA_JIA_CD7_2,ILC2,ILC2,geneformer_mlp_probe
CACAGGCAGGCGACAT_JIA_CD7_1,Cycling NK,Cycling NK,geneformer_mlp_probe
GCTCTGTCAAGTCATC_JIA_CD7_5,Cycling NK,Cycling NK,geneformer_mlp_probe
GCTCTGTAGTGAATTG_JIA_CD7_5,C2,C3,geneformer_mlp_probe
TAGGCATTCCGCATAA_JIA_CD7_4,Cycling NK,Cycling NK,geneformer_mlp_probe
CGGAGTCGTCATCCCT_JIA_Total_23,CD56bright NK,CD56bright NK,geneformer_mlp_probe
GAAGCAGCACGAGAGT_JIA_CD7_1,C2,C2,geneformer_mlp_probe
TCATATCAGGGCCAAT_JIA_CD45_2,C2,C1,geneformer_mlp_probe
TTGTAGGTCGTAGGAG_JIA_CD7_4,C3,C3,geneformer_mlp_probe
CTCTACGTCGGCTACG_JIA_CD7_5,Cycling NK,Cycling NK,geneformer_mlp_probe
TGCGCAGTCCAGAAGG_JIA_CD7_4,C1,C2,geneformer_mlp_probe
CCTTACGTCCAAACAC_JIA_CD7_4,C1,C1,geneformer_mlp_probe
TGACTTTGTCTACCTC_JIA_CD7_2,ILC2,ILC2,geneformer_mlp_probe
TCGCGTTCAGCCACCA_JIA_CD7_2,C2,C1,geneformer_mlp_probe
CTCCTAGAGAGCTATA_JIA_CD7_5,Cycling NK,Cycling NK,geneformer_mlp_probe
AATCCAGAGCAATCTC_JIA_CD7_5,Cycling NK,Cycling NK,geneformer_mlp_probe
CTGATAGAGGCACATG_JIA_CD7_1,Naïve-like ILC,C1,geneformer_mlp_probe
CAGCGTGCAAGCCTGC_JIA_DC_2,Cycling NK,C1,geneformer_mlp_probe
CGGACGTTCACCACCT_JIA_CD7_4,CD56dim NK,CD56dim NK,geneformer_mlp_probe
GCGACCACATCGATGT_JIA_CD7_3,Cycling NK,C1,geneformer_mlp_probe
CTGCGGAAGTGAAGTT_JIA_CD7_4,C1,CD56bright NK,geneformer_mlp_probe
TATCTCAGTGCTCTTC_JIA_CD7_5,ILC3,C1,geneformer_mlp_probe
TCTTTCCAGCTAGTCT_JIA_CD7_4,C2,C2,geneformer_mlp_probe
TCGCGAGAGGCTACGA_JIA_CD7_1,C2,C1,geneformer_mlp_probe
GGAACTTGTGATAAAC_JIA_CD7_5,Cycling NK,Cycling NK,geneformer_mlp_probe
CTGAAACCAGACAAGC_JIA_CD7_5,C2,Cycling NK,geneformer_mlp_probe
TTAGGACTCCACTGGG_JIA_CD7_3,C2,C2,geneformer_mlp_probe
TTTACTGTCTCGAGTA_JIA_CD7_5,C2,CD56bright NK,geneformer_mlp_probe
TGCACCTAGTAAGTAC_JIA_CD7_2,CD56bright NK,CD56bright NK,geneformer_mlp_probe
TCTTCGGAGATCTGCT_JIA_CD7_2,C2,C1,geneformer_mlp_probe
GGAATAAGTAAATGTG_JIA_CD7_4,C2,C2,geneformer_mlp_probe
TGTTCTATCATTGGTG_JIA_DC_1,C1,C2,geneformer_mlp_probe
CGTCACTGTGGCGAAT_JIA_CD7_4,C2,C2,geneformer_mlp_probe
CATGCCTCAGTCAGAG_JIA_CD7_4,CD56bright NK,C2,geneformer_mlp_probe
GAGTCCGGTCGTGGCT_JIA_CD7_2,ILC2,ILC2,geneformer_mlp_probe
GGGCACTAGCTCCCAG_JIA_CD7_3,ILC2,C2,geneformer_mlp_probe
GTACGTAAGAGTACCG_JIA_CD7_4,Cycling NK,Cycling NK,geneformer_mlp_probe
TCTGAGAAGACACTAA_JIA_CD7_4,Cycling NK,C1,geneformer_mlp_probe
AGTGGGAGTTTGGCGC_JIA_CD7_3,C2,C2,geneformer_mlp_probe
GGACAAGGTAAACGCG_JIA_Total_14,C1,CD56bright NK,geneformer_mlp_probe
TGGGAAGGTTCGGGCT_JIA_Total_24,C1,C1,geneformer_mlp_probe
CCGGTGAGTATCGAGG_JIA_DC_3,C1,C1,geneformer_mlp_probe
TCTCATACACAACGCC_JIA_CD7_4,C1,C1,geneformer_mlp_probe
CGTCTACTCAGGTTCA_JIA_CD7_4,C1,C1,geneformer_mlp_probe
CTAATGGTCCAGTATG_JIA_CD7_3,Cycling NK,Cycling NK,geneformer_mlp_probe
GGCAATTGTACTCGCG_JIA_CD7_5,Cycling NK,Cycling NK,geneformer_mlp_probe
CTCGAAAAGGCTCAGA_JIA_CD7_4,C1,C1,geneformer_mlp_probe
GATCTAGTCTACTTAC_JIA_CD7_4,C1,C1,geneformer_mlp_probe
CAAGTTGGTAGCTTGT_JIA_CD7_4,Naïve-like ILC,C1,geneformer_mlp_probe
GGGAATGGTCCAACTA_JIA_CD7_5,C1,CD56bright NK,geneformer_mlp_probe
GTCCTCAAGTCGATAA_JIA_CD7_3,Naïve-like ILC,C3,geneformer_mlp_probe
AAGGAGCCAGCTGTAT_JIA_CD7_3,Cycling NK,Cycling NK,geneformer_mlp_probe
GTAGTCAGTCTAAAGA_JIA_CD7_5,Cycling NK,C3,geneformer_mlp_probe
CTTACCGTCCATGAGT_JIA_CD7_2,C1,CD56dim NK,geneformer_mlp_probe
TCGCGTTTCCGGGTGT_JIA_CD7_2,C1,C2,geneformer_mlp_probe
AATCCAGCACCAGCAC_JIA_Total_23,ILC2,ILC2,geneformer_mlp_probe
TCTTTCCGTTGCGCAC_JIA_CD7_3,Cycling NK,Cycling NK,geneformer_mlp_probe
GGATGTTAGGGTATCG_JIA_CD7_4,C2,C1,geneformer_mlp_probe
TCAGTTTCAATTAGGA_JIA_DC_1,C1,C1,geneformer_mlp_probe
TCAGGTAAGTGGGATC_JIA_CD7_4,C2,CD56bright NK,geneformer_mlp_probe
CTCCTAGCAATCGGTT_JIA_CD7_3,C1,C1,geneformer_mlp_probe
ATTTCTGGTAGCAAAT_JIA_CD7_4,C1,C1,geneformer_mlp_probe
GGGCATCTCGGGAGTA_JIA_CD7_1,C2,C1,geneformer_mlp_probe
GAGAGGTAGTTGGGAC_JIA_DC_1,C1,C1,geneformer_mlp_probe
ACTGATGAGGACAGAA_JIA_Total_24,Cycling NK,Cycling NK,geneformer_mlp_probe
CTCGTCATCACAGTAC_JIA_CD7_4,C2,C2,geneformer_mlp_probe
GCAAACTCAAGTAATG_JIA_CD7_3,C1,C1,geneformer_mlp_probe
ATGGGAGCAACTGCTA_JIA_CD7_3,C2,C2,geneformer_mlp_probe
CGAGCCACAATGGTCT_JIA_CD7_4,Naïve-like ILC,Naïve-like ILC,geneformer_mlp_probe
ACAGCTAAGCCAGTTT_JIA_CD7_2,C3,C3,geneformer_mlp_probe
ACTTTCATCTGATTCT_JIA_CD7_3,CD56bright NK,C1,geneformer_mlp_probe
CGTTAGATCTCTAAGG_JIA_CD7_5,Naïve-like ILC,Cycling NK,geneformer_mlp_probe
AACTCTTTCTTTACAC_JIA_CD7_5,C2,C2,geneformer_mlp_probe
CGGCTAGAGACTCGGA_JIA_CD7_3,C2,C1,geneformer_mlp_probe
CGGACACCACTCGACG_JIA_CD7_5,Naïve-like ILC,Naïve-like ILC,geneformer_mlp_probe
GCTGGGTGTCGACTAT_JIA_CD7_1,Cycling NK,Cycling NK,geneformer_mlp_probe
GGGACCTTCATGCATG_JIA_CD7_5,CD56dim NK,CD56dim NK,geneformer_mlp_probe
TCTCTAACAAAGTCAA_JIA_CD7_1,Cycling NK,Cycling NK,geneformer_mlp_probe
CAGATCATCCCTGACT_JIA_CD7_1,Cycling NK,Cycling NK,geneformer_mlp_probe
CACTCCACAGACAAAT_JIA_CD7_2,C1,C1,geneformer_mlp_probe
GGGAGATGTTAAAGAC_JIA_CD7_3,ILC3,C1,geneformer_mlp_probe
GTATTCTGTGTCGCTG_JIA_CD7_5,C3,C3,geneformer_mlp_probe
ACTGATGCAGGCTCAC_JIA_CD7_1,Cycling NK,Cycling NK,geneformer_mlp_probe
TGCGTGGGTAAGTGTA_JIA_CD7_4,C1,CD56bright NK,geneformer_mlp_probe
GGACATTCAACCGCCA_JIA_CD7_2,Cycling NK,Cycling NK,geneformer_mlp_probe
CACAGGCTCCGCATAA_JIA_CD7_4,C2,C2,geneformer_mlp_probe
CCTAGCTCAGCTGTGC_JIA_CD7_4,C3,C1,geneformer_mlp_probe
GGGACCTAGCGTAATA_JIA_Total_23,CD56bright NK,C1,geneformer_mlp_probe
GACGGCTCAAGCGTAG_JIA_CD7_1,Cycling NK,Cycling NK,geneformer_mlp_probe
ACTGAGTCACCGAAAG_JIA_CD7_5,ILC3,C1,geneformer_mlp_probe
AAGCGTTAGGCCACTC_JIA_CD45_2,C1,C1,geneformer_mlp_probe
AGCTTGATCTTAGAGC_JIA_CD7_2,Cycling NK,Cycling NK,geneformer_mlp_probe
GGCGTGTCATTAGGCT_JIA_CD7_3,Cycling NK,Cycling NK,geneformer_mlp_probe
GCTCTGTGTTATTCTC_JIA_CD7_4,CD56bright NK,CD56bright NK,geneformer_mlp_probe
GGGTATTTCGCCTTTG_JIA_DC_1,CD56bright NK,CD56bright NK,geneformer_mlp_probe
CATGCCTTCTCTGTCG_JIA_CD7_4,CD56bright NK,CD56bright NK,geneformer_mlp_probe
CTGATCCCACCTGGTG_JIA_CD7_5,C1,C1,geneformer_mlp_probe
CATTCGCTCCAAACTG_JIA_CD7_4,C1,C1,geneformer_mlp_probe
TGACTTTTCAACACGT_JIA_CD7_5,Cycling NK,Cycling NK,geneformer_mlp_probe
GTACAACTCTCTGCTG_JIA_DC_2,C1,C1,geneformer_mlp_probe
GTTACAGTCGCGATCG_JIA_CD7_4,Cycling NK,Cycling NK,geneformer_mlp_probe
TTCGGTCCACACATGT_JIA_CD7_4,C1,C1,geneformer_mlp_probe
GACGTTACACACCGAC_JIA_CD7_1,Cycling NK,Cycling NK,geneformer_mlp_probe
TACACGAGTCTGGTCG_JIA_CD7_4,CD56dim NK,CD56dim NK,geneformer_mlp_probe
CTGATAGTCTCTTATG_JIA_CD7_5,C2,C2,geneformer_mlp_probe
TAGTTGGGTACAGTGG_JIA_CD7_2,CD56bright NK,CD56bright NK,geneformer_mlp_probe
TGGCGCAGTTATGCGT_JIA_CD7_5,Cycling NK,Cycling NK,geneformer_mlp_probe
CTTAACTTCCCAAGAT_JIA_CD7_2,Cycling NK,C2,geneformer_mlp_probe
TACTCGCGTTCGCGAC_JIA_CD7_4,Naïve-like ILC,C1,geneformer_mlp_probe
TGAGGGAGTCCGAATT_JIA_CD7_4,C1,C1,geneformer_mlp_probe
ATTGGTGCAAGCCGCT_JIA_CD7_2,Cycling NK,Cycling NK,geneformer_mlp_probe
GGGTTGCTCAGGTTCA_JIA_CD7_1,Cycling NK,Cycling NK,geneformer_mlp_probe
CGTAGCGCAGACGCCT_JIA_CD7_4,C2,C2,geneformer_mlp_probe
CAGCAGCGTAATCGTC_JIA_CD7_1,ILC2,ILC2,geneformer_mlp_probe
GGAATAATCAGTTCGA_JIA_CD7_1,Cycling NK,Cycling NK,geneformer_mlp_probe
AAGGCAGCAAAGCAAT_JIA_CD7_2,ILC3,Naïve-like ILC,geneformer_mlp_probe
GCGCGATCATGGTCAT_JIA_CD7_1,Cycling NK,Cycling NK,geneformer_mlp_probe
GGATTACAGACGCAAC_JIA_CD7_4,CD56bright NK,CD56bright NK,geneformer_mlp_probe
GACGGCTCACTTAAGC_JIA_CD7_5,Cycling NK,Cycling NK,geneformer_mlp_probe
GTGCAGCCACAGAGGT_JIA_CD7_3,CD56dim NK,CD56dim NK,geneformer_mlp_probe
ATTGGACTCGCGTTTC_JIA_CD7_4,C2,C2,geneformer_mlp_probe
ACACCAATCCAGTATG_JIA_CD7_4,C2,C2,geneformer_mlp_probe
CTTTGCGCAGCCTTTC_JIA_CD7_5,C2,Cycling NK,geneformer_mlp_probe
GGGCACTGTAAGAGAG_JIA_CD7_5,C2,C2,geneformer_mlp_probe
ATCTGCCGTTGTCGCG_JIA_Total_24,C2,C2,geneformer_mlp_probe
GTATTCTAGAAGCCCA_JIA_CD7_4,CD56dim NK,CD56dim NK,geneformer_mlp_probe
CCCTCCTGTTAAAGTG_JIA_CD7_2,Cycling NK,Cycling NK,geneformer_mlp_probe
TTCGAAGCAGCTCGAC_JIA_CD7_1,C3,C3,geneformer_mlp_probe
TCGGTAAAGTACGCGA_JIA_CD7_5,Cycling NK,Cycling NK,geneformer_mlp_probe
AGTCTTTTCATGGTCA_JIA_CD7_1,Cycling NK,Cycling NK,geneformer_mlp_probe
GTCTCGTGTGGAAAGA_JIA_CD7_4,Cycling NK,C3,geneformer_mlp_probe
GCTGCTTTCATCACCC_JIA_CD7_4,C1,C2,geneformer_mlp_probe
ACTTGTTGTATCAGTC_JIA_CD7_5,Cycling NK,Cycling NK,geneformer_mlp_probe
GCACATATCCTAGAGT_JIA_DC_1,C1,C1,geneformer_mlp_probe
CACACAATCGACGGAA_JIA_Total_1,ILC2,ILC2,geneformer_mlp_probe
AGGTCATGTGCGATAG_JIA_CD7_4,C2,C2,geneformer_mlp_probe
CTCGAAAGTGTGCGTC_JIA_CD7_4,C2,CD56bright NK,geneformer_mlp_probe
CCTTACGCAGAGCCAA_JIA_Total_13,ILC2,ILC2,geneformer_mlp_probe
GAGCAGAAGAGGGCTT_JIA_Total_26,Cycling NK,Cycling NK,geneformer_mlp_probe
GGCTGGTCAGGGAGAG_JIA_CD7_4,C1,C1,geneformer_mlp_probe
CTAACCCGTTGTTGCA_JIA_DC_1,Naïve-like ILC,Naïve-like ILC,geneformer_mlp_probe
ATGCGATCAGCTCGAC_JIA_CD7_3,Cycling NK,Cycling NK,geneformer_mlp_probe
GCGCAGTTCCGAAGAG_JIA_CD7_1,ILC2,ILC2,geneformer_mlp_probe
ATAGGCTCACTGTGAT_JIA_DC_2,C1,C1,geneformer_mlp_probe
CTTACCGCATCACAAC_JIA_CD7_3,CD56dim NK,CD56dim NK,geneformer_mlp_probe
AGCGTATAGAATAGGG_JIA_CD7_5,C2,CD56bright NK,geneformer_mlp_probe
CGTAGGCTCTGACCTC_JIA_Total_24,C1,C1,geneformer_mlp_probe
AGTCTTTGTAGAGTGC_JIA_CD7_3,Cycling NK,Cycling NK,geneformer_mlp_probe
CAAGGCCAGAGGTACC_JIA_CD7_3,C1,CD56bright NK,geneformer_mlp_probe
TGACAACAGACAGGCT_JIA_CD7_1,C2,C2,geneformer_mlp_probe
GTCAAGTCAGTGACAG_JIA_CD7_3,C1,CD56bright NK,geneformer_mlp_probe
AGCAGCCTCATTGCCC_JIA_CD7_4,C2,C2,geneformer_mlp_probe
CCCAGTTAGGTGTTAA_JIA_CD7_4,C1,C2,geneformer_mlp_probe
TCATTTGGTTCGCTAA_JIA_CD7_3,C2,C1,geneformer_mlp_probe
CTCGGAGTCCATGAAC_JIA_CD7_5,C2,C2,geneformer_mlp_probe
AGATCGTTCTGCCCTA_JIA_DC_1,Cycling NK,Cycling NK,geneformer_mlp_probe
CCTAAGATCGTACACA_JIA_DC_1,C1,CD56bright NK,geneformer_mlp_probe
TGGTTCCCAAACCCAT_JIA_CD7_4,C1,C2,geneformer_mlp_probe
CAGTAACCAAAGAATC_JIA_CD7_3,Cycling NK,Cycling NK,geneformer_mlp_probe
TCACAAGTCCGCGCAA_JIA_CD7_3,CD56bright NK,C1,geneformer_mlp_probe
CTGAAACCACATGGGA_JIA_CD7_4,C1,Cycling NK,geneformer_mlp_probe
CTGCCTAAGCGATTCT_JIA_Total_14,C1,C1,geneformer_mlp_probe
CTCGGAGGTTTGGCGC_JIA_Total_14,Cycling NK,Cycling NK,geneformer_mlp_probe
TGCCAAATCCCAACGG_JIA_CD7_5,Cycling NK,Cycling NK,geneformer_mlp_probe
AACTCAGCAAGGTTCT_JIA_CD7_2,ILC2,ILC2,geneformer_mlp_probe
AGTTGGTAGGAGTTTA_JIA_CD7_2,CD56bright NK,CD56bright NK,geneformer_mlp_probe
TCGAGGCTCTGCGACG_JIA_CD7_2,ILC2,ILC2,geneformer_mlp_probe
TGAGCCGAGGCCCTTG_JIA_CD7_5,Cycling NK,Cycling NK,geneformer_mlp_probe
ACTATCTTCTTACCTA_JIA_CD7_4,C1,C1,geneformer_mlp_probe
ATAGACCTCTGCAGTA_JIA_CD7_4,C2,C2,geneformer_mlp_probe
GCATGTAGTTGATTGC_JIA_Total_26,C1,C1,geneformer_mlp_probe
GCGCAGTAGTCCATAC_JIA_CD7_4,C1,C1,geneformer_mlp_probe
TGCCAAACACACATGT_JIA_CD7_4,Cycling NK,Cycling NK,geneformer_mlp_probe
CACACCTGTCAGCTAT_JIA_Total_14,C1,C2,geneformer_mlp_probe
GTAACGTCATGCCTTC_JIA_CD7_4,CD56dim NK,CD56bright NK,geneformer_mlp_probe
CCTTCGAGTGTGACCC_JIA_CD7_5,C1,C1,geneformer_mlp_probe
GCGACCAAGCGTTTAC_JIA_CD7_2,CD56bright NK,CD56bright NK,geneformer_mlp_probe
CAGAATCGTGCCTGGT_JIA_CD7_3,Cycling NK,Cycling NK,geneformer_mlp_probe
CCTTCGACATGCCTTC_JIA_Total_4,Cycling NK,Cycling NK,geneformer_mlp_probe
CTGAAACAGCTACCGC_JIA_CD7_2,ILC2,ILC2,geneformer_mlp_probe
TGCGTGGTCATATCGG_JIA_CD7_4,C3,C3,geneformer_mlp_probe
TTGGAACTCCAAATGC_JIA_CD7_4,C2,C2,geneformer_mlp_probe
AGAGCTTTCGCTAGCG_JIA_CD7_4,CD56dim NK,CD56dim NK,geneformer_mlp_probe
GGCAATTTCATCACCC_JIA_CD7_3,Cycling NK,Cycling NK,geneformer_mlp_probe
TTTCCTCCATCGATTG_JIA_Total_26,C1,C1,geneformer_mlp_probe
GACGTGCAGACATAAC_JIA_CD7_1,CD56dim NK,CD56dim NK,geneformer_mlp_probe
AGAGTGGCAGTGGAGT_JIA_CD7_4,C1,CD56bright NK,geneformer_mlp_probe
CTCGGGAGTGTGGTTT_JIA_CD7_4,C1,C1,geneformer_mlp_probe
CAGCCAGTCAAAGGAT_JIA_DC_1,C1,C1,geneformer_mlp_probe
CTCAGAATCGAGAGCA_JIA_CD7_2,Cycling NK,Cycling NK,geneformer_mlp_probe
TACTTGTCACGCTTTC_JIA_CD7_4,C2,C1,geneformer_mlp_probe
ATTGGTGAGTGGTCCC_JIA_CD7_3,Cycling NK,Cycling NK,geneformer_mlp_probe
TCACGAAAGTAGGTGC_JIA_CD7_4,C3,C2,geneformer_mlp_probe
AACTGGTGTACATCCA_JIA_CD7_1,C1,C1,geneformer_mlp_probe
CAGTCCTTCAGAGCTT_JIA_CD7_4,CD56dim NK,CD56dim NK,geneformer_mlp_probe
TTTGCGCAGTCCCACG_JIA_CD7_4,Cycling NK,Cycling NK,geneformer_mlp_probe
ATAAGAGTCTTAACCT_JIA_CD7_1,Cycling NK,Cycling NK,geneformer_mlp_probe
TCTCATAAGTATCGAA_JIA_CD7_5,C1,C1,geneformer_mlp_probe
GTTCATTAGAGTCTGG_JIA_Total_14,C2,CD56bright NK,geneformer_mlp_probe
AACTCTTGTGACAAAT_JIA_CD7_2,CD56dim NK,CD56dim NK,geneformer_mlp_probe
CTAACTTTCATACGGT_JIA_CD7_4,CD56bright NK,CD56bright NK,geneformer_mlp_probe
GTCACGGTCGGAATCT_JIA_CD7_3,C2,CD56dim NK,geneformer_mlp_probe
GCCAGGTTCTCCAATT_JIA_DC_1,C2,C1,geneformer_mlp_probe
GACGGCTAGAAGCCCA_JIA_CD7_3,CD56bright NK,C1,geneformer_mlp_probe
TACCTTAAGATACACA_JIA_CD7_2,C2,C2,geneformer_mlp_probe
ACATACGCAAAGCGGT_JIA_CD7_5,C2,Naïve-like ILC,geneformer_mlp_probe
CCTTACGCAGGGCATA_JIA_CD7_5,Cycling NK,Cycling NK,geneformer_mlp_probe
CAGCATATCCGTTGTC_JIA_CD7_4,Naïve-like ILC,Naïve-like ILC,geneformer_mlp_probe
CCGGGATTCGCCTGTT_JIA_CD7_5,Cycling NK,Cycling NK,geneformer_mlp_probe
CGTTCTGAGAAGGGTA_JIA_Total_17,Cycling NK,Cycling NK,geneformer_mlp_probe
AGCATACCAACACCCG_JIA_CD7_5,C1,Cycling NK,geneformer_mlp_probe
GAATAAGAGTTAAGTG_JIA_CD7_4,Cycling NK,C1,geneformer_mlp_probe
GATCTAGGTAGTACCT_JIA_CD7_5,Cycling NK,Cycling NK,geneformer_mlp_probe
CGTAGCGGTCACCCAG_JIA_CD7_1,C2,C2,geneformer_mlp_probe
GCCAAATTCAGTTTGG_JIA_Total_1,Cycling NK,Cycling NK,geneformer_mlp_probe
AAGCCGCTCTCTTGAT_JIA_CD7_1,ILC3,ILC2,geneformer_mlp_probe
CTTCTCTCACACTGCG_JIA_CD7_4,Naïve-like ILC,ILC2,geneformer_mlp_probe
CTCTAATAGCTAGCCC_JIA_CD7_5,C1,C1,geneformer_mlp_probe
GCTGCGAGTTGCGCAC_JIA_CD7_4,C2,C2,geneformer_mlp_probe
TTCGAAGGTAGCTTGT_JIA_CD7_5,Cycling NK,Cycling NK,geneformer_mlp_probe
TAGTGGTGTTGGTAAA_JIA_Total_24,C1,CD56bright NK,geneformer_mlp_probe
CAGGTGCAGCATCATC_JIA_Total_11,C3,C3,geneformer_mlp_probe
CTGCTGTCAACTGCGC_JIA_CD7_3,C2,C2,geneformer_mlp_probe
AAGGTTCCAAGCGCTC_JIA_CD7_3,CD56bright NK,C1,geneformer_mlp_probe
AACTCAGGTCTTCTCG_JIA_CD7_1,CD56dim NK,CD56dim NK,geneformer_mlp_probe
ACGGAGATCTTCGAGA_JIA_CD7_5,C1,C1,geneformer_mlp_probe
TGGACGCAGTTTAGGA_JIA_CD7_4,C1,C1,geneformer_mlp_probe
CGTTCTGGTACAGACG_JIA_CD7_5,C2,C3,geneformer_mlp_probe
GGACAAGAGGCTAGAC_JIA_CD7_4,CD56dim NK,CD56dim NK,geneformer_mlp_probe
ACCTTTAAGCTGCGAA_JIA_CD7_3,C1,C2,geneformer_mlp_probe
GTGTCCTAGCTAATGA_JIA_DC_1,C1,C1,geneformer_mlp_probe
TGCTACCAGCTCCTCT_JIA_CD7_2,CD56bright NK,CD56bright NK,geneformer_mlp_probe
ACCTTTATCTACTTAC_JIA_CD7_2,CD56bright NK,CD56bright NK,geneformer_mlp_probe
CTAGAGTTCTGGCGTG_JIA_CD7_5,CD56dim NK,CD56dim NK,geneformer_mlp_probe
CTCTGGTGTTTAGCTG_JIA_CD7_3,CD56dim NK,CD56dim NK,geneformer_mlp_probe
TCTTCGGGTGTCCTCT_JIA_CD7_4,C2,C2,geneformer_mlp_probe
GTTCGGGGTAGGAGTC_JIA_CD7_3,C3,C2,geneformer_mlp_probe
CAAGGCCCATTGGGCC_JIA_CD7_5,C3,C3,geneformer_mlp_probe
GAACCTATCCGTCAAA_JIA_CD7_5,C2,C2,geneformer_mlp_probe
CTGTTTAAGGACAGCT_JIA_CD7_1,Cycling NK,Cycling NK,geneformer_mlp_probe
ACGGCCAAGATCCGAG_JIA_CD7_3,C2,C2,geneformer_mlp_probe
GGAACTTAGCGATCCC_JIA_CD7_4,C2,C2,geneformer_mlp_probe
GACACGCCACGGTAAG_JIA_CD7_4,C2,C2,geneformer_mlp_probe
ATGCGATTCGTTGACA_JIA_CD7_3,C2,C2,geneformer_mlp_probe
ACACTGACACGTAAGG_JIA_CD7_2,CD56bright NK,CD56bright NK,geneformer_mlp_probe
TACGGTAGTGTCGCTG_JIA_CD7_1,CD56dim NK,CD56dim NK,geneformer_mlp_probe
CTGATAGCACCCAGTG_JIA_CD7_3,Cycling NK,Cycling NK,geneformer_mlp_probe
GGAGCAATCGCACTCT_JIA_CD7_2,CD56dim NK,CD56dim NK,geneformer_mlp_probe
CGTCAGGTCGCTGATA_JIA_CD7_3,CD56dim NK,CD56dim NK,geneformer_mlp_probe
GGTATTGAGTGTTAGA_JIA_CD7_4,C2,C1,geneformer_mlp_probe
GTCACGGCAAGTTCTG_JIA_CD7_3,Cycling NK,CD56dim NK,geneformer_mlp_probe
TCACAAGCAGTATAAG_JIA_CD7_2,CD56dim NK,CD56dim NK,geneformer_mlp_probe
CTCGAAATCGAGCCCA_JIA_CD7_5,C2,C3,geneformer_mlp_probe
TACTCGCCATACAGCT_JIA_CD7_5,C2,C1,geneformer_mlp_probe
CATCAGACAAGACGTG_JIA_Total_1,Cycling NK,Cycling NK,geneformer_mlp_probe
CGCGGTACAGTATCTG_JIA_CD7_2,CD56dim NK,CD56dim NK,geneformer_mlp_probe
CACCTTGGTGCGCTTG_JIA_Total_17,Cycling NK,Cycling NK,geneformer_mlp_probe
GGTGTTAAGCCCGAAA_JIA_CD7_3,ILC2,ILC2,geneformer_mlp_probe
TAGACCAAGTTGAGTA_JIA_CD7_2,CD56bright NK,C2,geneformer_mlp_probe
CGAGAAGGTGTGACGA_JIA_CD7_3,C3,C3,geneformer_mlp_probe
AGTTGGTTCATAACCG_JIA_CD7_5,Cycling NK,Cycling NK,geneformer_mlp_probe
CCTTTCTCAAATCCGT_JIA_CD7_4,CD56bright NK,C2,geneformer_mlp_probe
GCTGCAGGTTTGCATG_JIA_CD7_2,CD56dim NK,CD56dim NK,geneformer_mlp_probe
TTCCCAGAGATGGGTC_JIA_Total_23,CD56dim NK,C3,geneformer_mlp_probe
AGGGATGAGCGATCCC_JIA_CD7_1,C2,Cycling NK,geneformer_mlp_probe
ATCTACTCACCCATTC_JIA_CD7_3,Naïve-like ILC,Naïve-like ILC,geneformer_mlp_probe
GTAACTGAGCAGACTG_JIA_CD7_5,CD56bright NK,CD56bright NK,geneformer_mlp_probe
CACACTCTCAGGCAAG_JIA_CD7_5,ILC2,ILC2,geneformer_mlp_probe
CGATGCGGTGACTAAA_JIA_DC_1,C1,C1,geneformer_mlp_probe
CTGATAGAGAATTGTG_JIA_CD7_3,CD56bright NK,C1,geneformer_mlp_probe
TCATTACCATAAAGGT_JIA_CD7_2,CD56dim NK,CD56dim NK,geneformer_mlp_probe
ACCCACTCAGCGTTCG_JIA_CD7_2,C1,C3,geneformer_mlp_probe
ATGTGTGTCTAACCGA_JIA_CD7_4,C1,C2,geneformer_mlp_probe
GAAGCAGCAGGGTATG_JIA_CD7_2,CD56dim NK,CD56dim NK,geneformer_mlp_probe
CATGGCGCAGCCTTGG_JIA_Total_23,CD56dim NK,CD56dim NK,geneformer_mlp_probe
ACAGCCGGTTAGGGTG_JIA_CD7_2,CD56dim NK,CD56dim NK,geneformer_mlp_probe
GGCGTGTGTCCTGCTT_JIA_CD7_1,Cycling NK,Cycling NK,geneformer_mlp_probe
TAGAGCTAGGTGATAT_JIA_CD7_3,C2,C2,geneformer_mlp_probe
TAGGCATTCTGGTATG_JIA_CD7_5,C3,C2,geneformer_mlp_probe
CCCAGTTTCTAACGGT_JIA_CD7_3,ILC2,ILC2,geneformer_mlp_probe
CTCGTACGTAAGTAGT_JIA_CD7_5,C2,C2,geneformer_mlp_probe
GAACATCGTGGACGAT_JIA_CD7_3,CD56dim NK,CD56dim NK,geneformer_mlp_probe
GTTCTCGGTTAAAGAC_JIA_CD7_2,CD56bright NK,CD56bright NK,geneformer_mlp_probe
CCGGTAGAGTGTGGCA_JIA_CD7_3,CD56dim NK,CD56dim NK,geneformer_mlp_probe
CGTGTCTTCCGAGCCA_JIA_CD7_2,ILC2,ILC2,geneformer_mlp_probe
AGAGCTTAGCTGTTCA_JIA_CD7_3,CD56dim NK,CD56dim NK,geneformer_mlp_probe
GGCGACTGTGCTTCTC_JIA_CD7_4,Naïve-like ILC,Naïve-like ILC,geneformer_mlp_probe
GTATCTTAGACAGACC_JIA_CD7_3,CD56dim NK,CD56dim NK,geneformer_mlp_probe
CTACGTCGTCAGTGGA_JIA_CD7_5,Cycling NK,Cycling NK,geneformer_mlp_probe
GCTGGGTCAATACGCT_JIA_Total_19,Cycling NK,Cycling NK,geneformer_mlp_probe
CGGAGCTGTGCGATAG_JIA_CD7_5,CD56bright NK,C1,geneformer_mlp_probe
ATCATGGAGAGCTATA_JIA_Total_2,Cycling NK,Cycling NK,geneformer_mlp_probe
AGGTCATGTTTAGGAA_JIA_CD7_3,ILC2,ILC2,geneformer_mlp_probe
TCATTTGAGAAGGGTA_JIA_CD7_5,CD56bright NK,CD56bright NK,geneformer_mlp_probe
TTTCCTCCAAAGGAAG_JIA_CD7_3,CD56bright NK,CD56bright NK,geneformer_mlp_probe
GAGGTGACACCAACCG_JIA_CD7_3,CD56dim NK,CD56dim NK,geneformer_mlp_probe
AACTCCCTCAGCCTAA_JIA_Total_23,CD56dim NK,CD56dim NK,geneformer_mlp_probe
ATCCGAAGTTGTGGCC_JIA_Total_13,CD56bright NK,CD56bright NK,geneformer_mlp_probe
ATCTGCCCACCAACCG_JIA_CD7_5,CD56bright NK,CD56bright NK,geneformer_mlp_probe
GGCTCGATCTTCATGT_JIA_CD7_5,Cycling NK,Cycling NK,geneformer_mlp_probe
TGTATTCGTCTAAACC_JIA_Total_11,C1,C1,geneformer_mlp_probe
CGGACACGTTTCCACC_JIA_CD7_5,Cycling NK,C2,geneformer_mlp_probe
GTTACAGAGGGTCTCC_JIA_CD7_5,C2,C2,geneformer_mlp_probe
GCTGGGTTCACGACTA_JIA_Total_20,C2,C3,geneformer_mlp_probe
CGTAGGCTCGGAAATA_JIA_CD7_2,C3,C3,geneformer_mlp_probe
GGAAAGCTCCTCAATT_JIA_CD7_5,Cycling NK,C1,geneformer_mlp_probe
CGGAGCTAGCTAGTCT_JIA_CD7_3,C3,C2,geneformer_mlp_probe
TATTACCCATGTCGAT_JIA_CD7_2,CD56dim NK,CD56dim NK,geneformer_mlp_probe
AACCGCGGTTCCGGCA_JIA_Total_11,Naïve-like ILC,C1,geneformer_mlp_probe
CCTAAAGTCGCCATAA_JIA_CD7_3,ILC2,ILC2,geneformer_mlp_probe
CGTCTACGTTGCTCCT_JIA_CD7_1,C2,C2,geneformer_mlp_probe
GCATGTACAGGATCGA_JIA_Total_24,C2,C1,geneformer_mlp_probe
GCAGCCACATGCCACG_JIA_Total_13,CD56dim NK,CD56dim NK,geneformer_mlp_probe
AACTGGTAGCGTTTAC_JIA_CD7_4,CD56bright NK,CD56bright NK,geneformer_mlp_probe
TATCAGGGTTATGTGC_JIA_CD7_5,C1,CD56bright NK,geneformer_mlp_probe
TTCCCAGAGCGGATCA_JIA_CD7_5,C1,C1,geneformer_mlp_probe
CTTGGCTGTCCTAGCG_JIA_CD7_2,CD56dim NK,CD56dim NK,geneformer_mlp_probe
TCGTAGAAGACCCACC_JIA_CD7_4,Cycling NK,C2,geneformer_mlp_probe
CGAGCCAGTAGTACCT_JIA_CD7_3,C3,CD56bright NK,geneformer_mlp_probe
TAGTGGTGTGACCAAG_JIA_CD7_4,C1,Naïve-like ILC,geneformer_mlp_probe
GCATGCGCAAACGTGG_JIA_CD7_5,CD56dim NK,CD56dim NK,geneformer_mlp_probe
TCGTACCGTCTGATTG_JIA_CD7_4,C1,C2,geneformer_mlp_probe
TGGTTAGGTAGTACCT_JIA_CD7_3,CD56dim NK,CD56dim NK,geneformer_mlp_probe
AAAGATGTCTAGCACA_JIA_CD7_4,C1,C1,geneformer_mlp_probe
GGATTACAGGAATGGA_JIA_CD7_5,CD56bright NK,CD56bright NK,geneformer_mlp_probe
CGGAGTCCACGCATCG_JIA_CD7_2,CD56dim NK,CD56dim NK,geneformer_mlp_probe
CTTACCGAGCGCCTCA_JIA_CD7_1,Cycling NK,C2,geneformer_mlp_probe
AACTGGTCACATGGGA_JIA_CD7_5,C1,C1,geneformer_mlp_probe
GCACATACATCTATGG_JIA_Total_24,C3,C1,geneformer_mlp_probe
CTGGTCTGTTCCACAA_JIA_CD7_1,Cycling NK,C2,geneformer_mlp_probe
ATCATGGCAGGACGTA_JIA_CD7_3,CD56dim NK,CD56dim NK,geneformer_mlp_probe
TCTGGAACAGGGCATA_JIA_CD7_1,Cycling NK,Cycling NK,geneformer_mlp_probe
TTGAACGCATTCGACA_JIA_CD7_1,Cycling NK,Cycling NK,geneformer_mlp_probe
TTGAACGGTCCGTTAA_JIA_CD7_5,C2,C2,geneformer_mlp_probe
AAAGCAACACGGTAGA_JIA_CD7_3,CD56dim NK,CD56dim NK,geneformer_mlp_probe
AGGGTGATCGAATGGG_JIA_CD7_5,C3,C3,geneformer_mlp_probe
ACGGGCTTCTGTCTCG_JIA_CD7_5,CD56bright NK,CD56bright NK,geneformer_mlp_probe
CATCGAATCCATGAAC_JIA_CD7_5,CD56bright NK,CD56bright NK,geneformer_mlp_probe
CCCTCCTCAACTGCGC_JIA_Total_10,CD56dim NK,CD56dim NK,geneformer_mlp_probe
CTCGAGGGTTGAACTC_JIA_CD7_2,C1,C3,geneformer_mlp_probe
CATATGGCAGCTTAAC_JIA_CD7_4,C1,C1,geneformer_mlp_probe
CCTCTGAGTTGAGGTG_JIA_CD7_5,CD56bright NK,CD56bright NK,geneformer_mlp_probe
TGGGAAGGTTATTCTC_JIA_CD7_2,CD56dim NK,C2,geneformer_mlp_probe
GACTCTCGTGCATTTG_JIA_CD45_1,ILC2,C1,geneformer_mlp_probe
GCATGCGGTATATGGA_JIA_CD7_1,CD56dim NK,CD56dim NK,geneformer_mlp_probe
TGGACGCTCGCGCCAA_JIA_CD7_4,C2,C2,geneformer_mlp_probe
GCACATATCTGACCTC_JIA_CD7_2,CD56dim NK,CD56dim NK,geneformer_mlp_probe
TGTGGTAGTTCCAACA_JIA_CD7_4,C3,C3,geneformer_mlp_probe
ACGAGGATCCCTCTTT_JIA_CD7_3,C2,C1,geneformer_mlp_probe
GGGACCTGTAACGTTC_JIA_CD7_5,Cycling NK,Cycling NK,geneformer_mlp_probe
TGAGAGGGTGGCAAAC_JIA_Total_24,Naïve-like ILC,C1,geneformer_mlp_probe
ACATACGCATTCCTCG_JIA_CD7_5,Cycling NK,Cycling NK,geneformer_mlp_probe
CAGCTAAGTATCAGTC_JIA_CD7_4,Naïve-like ILC,C1,geneformer_mlp_probe
ACATACGGTCACTTCC_JIA_CD7_4,Naïve-like ILC,C1,geneformer_mlp_probe
ACGATGTGTGACCAAG_JIA_CD7_5,ILC3,Naïve-like ILC,geneformer_mlp_probe
CGAGCACTCGGATGGA_JIA_CD7_5,C2,C2,geneformer_mlp_probe
TGAGCCGCACAGCCCA_JIA_CD7_2,CD56bright NK,CD56bright NK,geneformer_mlp_probe
GTAACGTAGTACCGGA_JIA_CD7_5,C2,C1,geneformer_mlp_probe
TGAAAGATCACCGGGT_JIA_CD7_2,CD56dim NK,CD56dim NK,geneformer_mlp_probe
ATTGGTGGTGCATCTA_JIA_CD7_5,CD56bright NK,C2,geneformer_mlp_probe
GCATGATGTAGAAAGG_JIA_CD7_4,Naïve-like ILC,Naïve-like ILC,geneformer_mlp_probe
GTCTCGTGTCGTCTTC_JIA_CD7_3,C3,C3,geneformer_mlp_probe
GTGCATAGTACTTAGC_JIA_CD7_5,C2,C2,geneformer_mlp_probe
CTTCTCTTCGCATGGC_JIA_CD7_3,C2,CD56dim NK,geneformer_mlp_probe
ACATGGTAGCGCTCCA_JIA_CD7_3,CD56dim NK,CD56dim NK,geneformer_mlp_probe
GATCGATTCTTGTACT_JIA_CD7_3,CD56dim NK,CD56dim NK,geneformer_mlp_probe
CTCGTCAGTAGCGCAA_JIA_CD7_3,CD56bright NK,C1,geneformer_mlp_probe
TTTATGCCATTACGAC_JIA_CD7_5,C2,C2,geneformer_mlp_probe
TGGGAAGGTATGAATG_JIA_CD7_3,CD56dim NK,CD56dim NK,geneformer_mlp_probe
TGATTTCGTCAGTGGA_JIA_CD7_5,C3,C2,geneformer_mlp_probe
AAGGTTCAGGTGTTAA_JIA_Total_20,ILC3,C1,geneformer_mlp_probe
CAGTAACCACGAAACG_JIA_CD7_3,CD56dim NK,CD56dim NK,geneformer_mlp_probe
GATCGCGTCCGTTGCT_JIA_CD7_5,C3,C2,geneformer_mlp_probe
GCATACAGTAGTGAAT_JIA_CD7_5,ILC3,ILC3,geneformer_mlp_probe
ACGAGCCTCATCATTC_JIA_CD7_4,C2,C2,geneformer_mlp_probe
TTGAACGGTACAGTGG_JIA_Total_2,C2,C1,geneformer_mlp_probe
ATCTACTGTAAATGTG_JIA_CD7_5,CD56dim NK,CD56dim NK,geneformer_mlp_probe
CCTTACGAGACGCACA_JIA_CD7_3,C2,C2,geneformer_mlp_probe
GCTGCTTCACTAAGTC_JIA_CD7_3,CD56dim NK,CD56dim NK,geneformer_mlp_probe
TCCCGATCACGCTTTC_JIA_CD7_4,C3,C2,geneformer_mlp_probe
TGCCAAACAGATGGCA_JIA_CD7_5,C3,C2,geneformer_mlp_probe
CTACATTTCACCACCT_JIA_CD7_5,ILC3,Naïve-like ILC,geneformer_mlp_probe
GGACATTGTACGCACC_JIA_CD7_5,C2,C2,geneformer_mlp_probe
GACTCAAAGATTAGTG_JIA_DC_1,C1,C1,geneformer_mlp_probe
TGAGAGGCAACGATGG_JIA_CD7_4,C2,C2,geneformer_mlp_probe
CATGACAGTGACGCCT_JIA_CD7_3,ILC2,ILC2,geneformer_mlp_probe
CTAAGACAGGACAGAA_JIA_CD7_3,C2,C2,geneformer_mlp_probe
CTCGTCATCTTGGGTA_JIA_CD7_2,ILC2,ILC2,geneformer_mlp_probe
ACGGCCACACAGCGTC_JIA_CD7_3,CD56dim NK,CD56dim NK,geneformer_mlp_probe
GGCCGATCAATCAGAA_JIA_CD7_2,CD56dim NK,CD56dim NK,geneformer_mlp_probe
GCTGCTTCATCGGACC_JIA_CD7_3,CD56dim NK,CD56dim NK,geneformer_mlp_probe
TCAGGTATCCGTCATC_JIA_Total_26,C2,C1,geneformer_mlp_probe
AGGTCCGAGCTCCTCT_JIA_CD7_5,CD56bright NK,CD56bright NK,geneformer_mlp_probe
CTAATGGCACAGACAG_JIA_CD7_4,Naïve-like ILC,ILC2,geneformer_mlp_probe
GAAATGAAGTCACGCC_JIA_CD7_3,CD56bright NK,CD56bright NK,geneformer_mlp_probe
ACGCCGAGTTCGCGAC_JIA_CD7_4,Naïve-like ILC,C2,geneformer_mlp_probe
AGGGATGCAATCAGAA_JIA_CD7_3,ILC2,ILC2,geneformer_mlp_probe
TTGGCAATCGCCTGAG_JIA_Total_2,Cycling NK,Cycling NK,geneformer_mlp_probe
ACACCGGTCCTTTACA_JIA_CD7_5,CD56dim NK,CD56dim NK,geneformer_mlp_probe
ATCATCTCACCGAAAG_JIA_CD7_3,CD56dim NK,CD56dim NK,geneformer_mlp_probe
ACCGTAAAGTGGCACA_JIA_CD7_5,C2,C3,geneformer_mlp_probe
TTGACTTGTGTCTGAT_JIA_Total_17,Cycling NK,Cycling NK,geneformer_mlp_probe
CGTAGGCCATTGGGCC_JIA_CD7_2,CD56dim NK,CD56dim NK,geneformer_mlp_probe
CATTATCTCCGCGCAA_JIA_CD7_5,C2,C1,geneformer_mlp_probe
CCCAGTTCACCCATTC_JIA_CD7_3,CD56dim NK,CD56dim NK,geneformer_mlp_probe
ACGTCAAGTACCGGCT_JIA_CD7_4,Naïve-like ILC,C1,geneformer_mlp_probe
TATCTCAAGAGCCCAA_JIA_CD7_4,CD56dim NK,CD56dim NK,geneformer_mlp_probe
ATGCGATGTCTGCCAG_JIA_CD7_3,CD56dim NK,CD56dim NK,geneformer_mlp_probe
TTGGCAAGTTAGTGGG_JIA_Total_17,Cycling NK,Cycling NK,geneformer_mlp_probe
TGAGGGACACTTGGAT_JIA_Total_5,C2,C1,geneformer_mlp_probe
GCGACCACAAACGTGG_JIA_CD7_2,CD56dim NK,CD56bright NK,geneformer_mlp_probe
CGTGTCTGTAAGGGAA_JIA_CD7_5,C2,CD56dim NK,geneformer_mlp_probe
TCCCGATCAGGTCCAC_JIA_CD7_5,CD56dim NK,CD56bright NK,geneformer_mlp_probe
TGAGCCGAGACTCGGA_JIA_CD7_3,CD56dim NK,CD56dim NK,geneformer_mlp_probe
GGACAGACACAGACAG_JIA_CD7_5,C1,C1,geneformer_mlp_probe
AGAGCTTTCATCGCTC_JIA_CD7_3,CD56dim NK,CD56dim NK,geneformer_mlp_probe
ACCGTAAGTCAATACC_JIA_CD7_3,C1,C1,geneformer_mlp_probe
TGAGCATAGGTCATCT_JIA_Total_26,ILC2,ILC2,geneformer_mlp_probe
AACTCAGTCCACGTGG_JIA_CD7_4,C1,C1,geneformer_mlp_probe
TGAGCATTCAAGATCC_JIA_Total_10,CD56dim NK,CD56dim NK,geneformer_mlp_probe
CAGAGAGGTCGCATAT_JIA_CD7_4,C2,C2,geneformer_mlp_probe
GTTACAGAGAGCTGCA_JIA_CD7_2,CD56dim NK,CD56dim NK,geneformer_mlp_probe
CGATCGGAGTCAAGGC_JIA_CD7_4,C2,C2,geneformer_mlp_probe
ACACCCTTCTGCAAGT_JIA_CD7_3,CD56dim NK,CD56dim NK,geneformer_mlp_probe
GACGTGCCAGGCTGAA_JIA_CD7_4,CD56bright NK,CD56bright NK,geneformer_mlp_probe
GGACAAGAGTCTTGCA_JIA_CD7_4,C2,CD56bright NK,geneformer_mlp_probe
CTGCCTAGTCAAACTC_JIA_CD7_3,CD56dim NK,CD56bright NK,geneformer_mlp_probe
GCTGGGTTCGTGACAT_JIA_CD7_2,ILC2,ILC2,geneformer_mlp_probe
TGTGGTACAAGCCCAC_JIA_Total_13,ILC2,ILC2,geneformer_mlp_probe
CTGTGCTGTTAAGTAG_JIA_CD7_5,C2,C3,geneformer_mlp_probe
AGTCTTTTCTACCTGC_JIA_CD7_2,CD56dim NK,CD56dim NK,geneformer_mlp_probe
GATGAGGGTATAGTAG_JIA_CD7_2,C1,Cycling NK,geneformer_mlp_probe
CTAGTGAGTAAGAGGA_JIA_CD7_5,CD56dim NK,CD56dim NK,geneformer_mlp_probe
CGTCCATCACATTCGA_JIA_CD7_1,C2,C2,geneformer_mlp_probe
CATCGGGTCTGTCTCG_JIA_CD7_4,C3,C3,geneformer_mlp_probe
GGACAAGTCGAATCCA_JIA_CD7_5,Cycling NK,Cycling NK,geneformer_mlp_probe
ACCTTTAAGTAGTGCG_JIA_CD7_2,CD56dim NK,CD56dim NK,geneformer_mlp_probe
ATAGACCAGTACGTTC_JIA_CD7_4,Naïve-like ILC,Naïve-like ILC,geneformer_mlp_probe
CGCTGGACAGGAATCG_JIA_CD7_3,C2,C2,geneformer_mlp_probe
TACAGTGAGAAGGACA_JIA_CD7_2,C1,CD56bright NK,geneformer_mlp_probe
GTCTTCGTCACCCGAG_JIA_CD7_4,C2,C1,geneformer_mlp_probe
GATGCTAAGTACCGGA_JIA_CD7_5,Naïve-like ILC,C1,geneformer_mlp_probe
GGGATGAGTTAAGACA_JIA_CD7_2,C1,C1,geneformer_mlp_probe
TGACGGCTCCTCAACC_JIA_Total_11,C1,C1,geneformer_mlp_probe
TGATTTCGTGGTGTAG_JIA_CD7_5,Cycling NK,Cycling NK,geneformer_mlp_probe
CCAGCGAGTAGAGGAA_JIA_CD7_5,C1,C2,geneformer_mlp_probe
ACACCAACAAGCCTAT_JIA_CD7_3,C1,C1,geneformer_mlp_probe
ATGAGGGGTAAACCTC_JIA_CD7_5,Cycling NK,Cycling NK,geneformer_mlp_probe
TAAGCGTCATTCTTAC_JIA_CD7_5,Naïve-like ILC,C1,geneformer_mlp_probe
GATTCAGAGCGATCCC_JIA_CD7_5,ILC3,Naïve-like ILC,geneformer_mlp_probe
GCGAGAAGTTGTCGCG_JIA_CD7_3,C3,C3,geneformer_mlp_probe
CAAGTTGGTTACGTCA_JIA_Total_7,ILC2,ILC2,geneformer_mlp_probe
ATTGGTGGTCACACGC_JIA_Total_1,CD56dim NK,CD56dim NK,geneformer_mlp_probe
TAAGAGAGTTACTGAC_JIA_CD7_4,C3,CD56bright NK,geneformer_mlp_probe
CTCACACTCTCCAGGG_JIA_CD7_3,C2,CD56dim NK,geneformer_mlp_probe
GGGTCTGCAGGTTTCA_JIA_CD7_5,C1,Cycling NK,geneformer_mlp_probe
CTCGGGATCAGCCTAA_JIA_CD7_5,Cycling NK,Cycling NK,geneformer_mlp_probe
AGCCTAAAGAACAACT_JIA_CD7_5,C1,C1,geneformer_mlp_probe
GGGACCTGTCAACTGT_JIA_CD7_5,ILC3,ILC3,geneformer_mlp_probe
ACACCAAGTAGGGTAC_JIA_CD7_4,C1,CD56dim NK,geneformer_mlp_probe
CGTTAGAGTTTGTTGG_JIA_CD7_5,CD56dim NK,CD56dim NK,geneformer_mlp_probe
AGGTCCGAGCCGCCTA_JIA_CD7_3,C2,Cycling NK,geneformer_mlp_probe
ACGCCGAAGACGCACA_JIA_CD7_1,C3,C3,geneformer_mlp_probe
ATGAGGGTCATACGGT_JIA_CD7_1,CD56dim NK,CD56dim NK,geneformer_mlp_probe
TGTGTTTGTCTCGTTC_JIA_Total_24,C3,C1,geneformer_mlp_probe
AAAGCAACAATAACGA_JIA_CD7_2,CD56bright NK,CD56bright NK,geneformer_mlp_probe
CAGCAGCGTAGGCTGA_JIA_CD7_4,C2,C2,geneformer_mlp_probe
CCTACCATCCTGCTTG_JIA_Total_2,Cycling NK,Cycling NK,geneformer_mlp_probe
CCTAAAGCAAATCCGT_JIA_CD7_5,Cycling NK,Cycling NK,geneformer_mlp_probe
ACTTACTTCAACGCTA_JIA_CD7_2,CD56dim NK,CD56dim NK,geneformer_mlp_probe
ATAGACCCAAAGGTGC_JIA_CD7_3,ILC2,ILC2,geneformer_mlp_probe
TGCCAAAGTTGTTTGG_JIA_CD7_3,C2,C2,geneformer_mlp_probe
AACCGCGCAGTCACTA_JIA_Total_1,Cycling NK,Cycling NK,geneformer_mlp_probe
GACTACAGTTTAAGCC_JIA_CD7_2,CD56dim NK,CD56dim NK,geneformer_mlp_probe
ACTGTCCAGACTGGGT_JIA_Total_26,C1,C1,geneformer_mlp_probe
GACCAATTCGTCCAGG_JIA_Total_25,CD56bright NK,CD56bright NK,geneformer_mlp_probe
CGTAGCGGTGAAAGAG_JIA_Total_24,C1,C1,geneformer_mlp_probe
CAGCTGGAGGCTAGAC_JIA_CD7_4,C1,C1,geneformer_mlp_probe
CGGGTCACATCAGTAC_JIA_CD7_2,CD56bright NK,CD56dim NK,geneformer_mlp_probe
AACTCTTGTGAAATCA_JIA_Total_26,C1,CD56bright NK,geneformer_mlp_probe
ATAGACCGTCTCGTTC_JIA_CD7_5,C2,C2,geneformer_mlp_probe
TATCAGGAGTTTAGGA_JIA_CD7_2,ILC2,ILC2,geneformer_mlp_probe
CGGAGTCCAGCCTTTC_JIA_CD7_2,C3,C1,geneformer_mlp_probe
CATCCACAGGCTCAGA_JIA_CD7_3,CD56dim NK,CD56dim NK,geneformer_mlp_probe
ACCGTAATCTTAGAGC_JIA_CD7_5,CD56bright NK,C1,geneformer_mlp_probe
CAGCTGGAGTGTTTGC_JIA_Total_24,C3,C3,geneformer_mlp_probe
CTACCCATCCAGGGCT_JIA_CD7_5,C2,C2,geneformer_mlp_probe
GGGTCTGAGTACGTAA_JIA_CD7_2,CD56bright NK,CD56bright NK,geneformer_mlp_probe
TTTCCTCGTACTTCTT_JIA_Total_20,Cycling NK,Cycling NK,geneformer_mlp_probe
TCGCGAGTCCTTTACA_JIA_CD7_2,C1,CD56bright NK,geneformer_mlp_probe
AGAGTGGCATGCTGGC_JIA_CD7_4,C2,C2,geneformer_mlp_probe
CAGCATAGTCATGCCG_JIA_CD7_3,CD56dim NK,CD56dim NK,geneformer_mlp_probe
GTGCTTCTCACGCGGT_JIA_CD7_5,C3,C3,geneformer_mlp_probe
ATAAGAGGTTTAGCTG_JIA_CD7_1,Naïve-like ILC,ILC3,geneformer_mlp_probe
ATCGAGTCACCGTTGG_JIA_CD7_2,CD56bright NK,C1,geneformer_mlp_probe
CTGAAGTGTCGACTGC_JIA_CD7_4,C1,C1,geneformer_mlp_probe
TTGAACGAGGAATCGC_JIA_CD7_2,C1,CD56dim NK,geneformer_mlp_probe
CTCAGAAAGATGGCGT_JIA_CD7_2,C1,CD56bright NK,geneformer_mlp_probe
CCAATCCCATCCGTGG_JIA_CD7_5,ILC3,ILC3,geneformer_mlp_probe
ACCCACTCACCTGGTG_JIA_CD7_5,C2,C1,geneformer_mlp_probe
TACTCGCGTTGACGTT_JIA_CD7_4,C1,CD56bright NK,geneformer_mlp_probe
TAAGTGCGTTCAGGCC_JIA_CD7_5,C1,C1,geneformer_mlp_probe
AAGGTTCGTGCAACTT_JIA_CD7_5,C2,C2,geneformer_mlp_probe
AATCCAGTCTCGAGTA_JIA_CD7_5,C2,C2,geneformer_mlp_probe
TTTACTGGTGAGGCTA_JIA_Total_24,C2,C3,geneformer_mlp_probe
CGACCTTGTAGAAAGG_JIA_CD7_3,C1,C2,geneformer_mlp_probe
ACACCAACATCGTGGC_JIA_CD45_1,CD56dim NK,CD56dim NK,geneformer_mlp_probe
TTAGGCAAGAACAATC_JIA_CD7_3,CD56dim NK,CD56dim NK,geneformer_mlp_probe
CTCGTACTCTATCCCG_JIA_Total_7,C1,CD56bright NK,geneformer_mlp_probe
ACATCAGTCAGTTCGA_JIA_CD7_3,C1,C1,geneformer_mlp_probe
AGTGTCAGTCCCTACT_JIA_Total_26,ILC3,C1,geneformer_mlp_probe
TTAACTCGTCTAGAGG_JIA_CD7_2,C1,C3,geneformer_mlp_probe
CATATGGGTACAGTTC_JIA_CD7_4,Cycling NK,Cycling NK,geneformer_mlp_probe
CGATTGATCGCAAGCC_JIA_CD7_4,C2,C2,geneformer_mlp_probe
CTAACTTCATAGACTC_JIA_CD7_4,C1,C1,geneformer_mlp_probe
CGTCTACCACGAAGCA_JIA_CD7_5,Cycling NK,Cycling NK,geneformer_mlp_probe
GCTGCTTTCAAGGTAA_JIA_Total_26,C1,C1,geneformer_mlp_probe
TCATTACTCGAACTGT_JIA_CD7_5,C1,C2,geneformer_mlp_probe
AATCCAGTCTACCTGC_JIA_CD7_2,CD56dim NK,CD56dim NK,geneformer_mlp_probe
GATCGTAAGGGATACC_JIA_CD7_5,Cycling NK,Cycling NK,geneformer_mlp_probe
AGGCCACTCTTCGAGA_JIA_Total_13,CD56bright NK,CD56bright NK,geneformer_mlp_probe
AATCCAGCATCTCCCA_JIA_CD7_3,CD56dim NK,CD56dim NK,geneformer_mlp_probe
GGATTACAGCTGCCCA_JIA_CD7_4,C2,C2,geneformer_mlp_probe
CACACTCAGGATATAC_JIA_Total_16,CD56dim NK,CD56dim NK,geneformer_mlp_probe
AACGTTGCAAGCCCAC_JIA_Total_17,Cycling NK,Cycling NK,geneformer_mlp_probe
TTTACTGAGCATCATC_JIA_CD7_5,C2,C2,geneformer_mlp_probe
TCTCCGAGTGTTCCAA_JIA_DC_3,C1,CD56bright NK,geneformer_mlp_probe
CTAAGACGTCAATGTC_JIA_CD7_4,C1,C1,geneformer_mlp_probe
TGCACCTAGGTGCACA_JIA_Total_23,CD56dim NK,CD56dim NK,geneformer_mlp_probe
CGGAGCTTCTGCTGTC_JIA_CD7_4,Naïve-like ILC,C1,geneformer_mlp_probe
GTGTTAGCAGGAACGT_JIA_CD7_5,CD56bright NK,CD56bright NK,geneformer_mlp_probe
TGCCAAATCAGAGGTG_JIA_Total_4,CD56dim NK,CD56dim NK,geneformer_mlp_probe
GTTACAGAGACGACGT_JIA_CD7_2,CD56bright NK,CD56bright NK,geneformer_mlp_probe
TACCTTACAAGTAATG_JIA_CD7_5,Cycling NK,Cycling NK,geneformer_mlp_probe
GATCAGTGTTCGCGAC_JIA_CD7_3,C3,C3,geneformer_mlp_probe
CAGTCCTCATCACGTA_JIA_CD7_1,CD56dim NK,CD56dim NK,geneformer_mlp_probe
CCGTGGAGTCAACATC_JIA_CD7_3,C1,C1,geneformer_mlp_probe
GTGCGGTAGCCCAGCT_JIA_CD7_5,C2,CD56dim NK,geneformer_mlp_probe
GTACGTACAATCCGAT_JIA_CD7_3,CD56dim NK,CD56dim NK,geneformer_mlp_probe
AGTCTTTGTTGTGGAG_JIA_CD7_5,C1,C1,geneformer_mlp_probe
GACGTGCCATAGACTC_JIA_CD7_5,C2,C2,geneformer_mlp_probe
AATCGGTGTAGTACCT_JIA_CD7_5,Cycling NK,Cycling NK,geneformer_mlp_probe
CATGCCTGTAGCGTAG_JIA_CD7_5,CD56bright NK,CD56bright NK,geneformer_mlp_probe
AGAGTGGCATATGCTG_JIA_CD7_2,C2,C2,geneformer_mlp_probe
CTACGTCTCCTGCCAT_JIA_Total_7,Naïve-like ILC,C1,geneformer_mlp_probe
CAACTAGAGTGAACGC_JIA_CD7_2,ILC2,ILC2,geneformer_mlp_probe
ACTGCTCAGCGAGAAA_JIA_CD7_5,C1,C1,geneformer_mlp_probe
CTGCGGATCGGTGTCG_JIA_Total_10,CD56dim NK,CD56dim NK,geneformer_mlp_probe
ACTGCTCCATATGCTG_JIA_CD7_3,ILC2,ILC2,geneformer_mlp_probe
AGAGCTTGTAAGGATT_JIA_CD7_5,Cycling NK,Cycling NK,geneformer_mlp_probe
ACTTACTTCCGCAGTG_JIA_CD7_5,CD56dim NK,CD56dim NK,geneformer_mlp_probe
CGGCTAGCATACTCTT_JIA_CD7_1,C2,C1,geneformer_mlp_probe
ACAGCTATCATACGGT_JIA_CD7_5,C2,CD56dim NK,geneformer_mlp_probe
TTTGCGCAGGATCGCA_JIA_CD7_5,ILC3,ILC3,geneformer_mlp_probe
GTAACGTCACCTTGTC_JIA_Total_17,Cycling NK,Cycling NK,geneformer_mlp_probe
CATGGCGCAAGTTGTC_JIA_CD7_5,CD56bright NK,CD56bright NK,geneformer_mlp_probe
GGGTCTGAGACTTCCA_JIA_DC_3,Naïve-like ILC,C1,geneformer_mlp_probe
GCTGCGAGTCCGTCAG_JIA_CD7_2,CD56dim NK,CD56dim NK,geneformer_mlp_probe
AGCTCCTCAATCCGAT_JIA_Total_17,Cycling NK,C1,geneformer_mlp_probe
GAACGGAAGGTAGCTG_JIA_CD7_1,CD56dim NK,CD56dim NK,geneformer_mlp_probe
TCGCGTTGTAAGTGGC_JIA_CD7_2,C1,CD56bright NK,geneformer_mlp_probe
ACGCACGTCCGCACTT_JIA_DC_1,CD56dim NK,CD56dim NK,geneformer_mlp_probe
CCTTACGGTGTGGTTT_JIA_CD7_4,C1,Naïve-like ILC,geneformer_mlp_probe
CAGATCATCATTGCCC_JIA_CD7_2,CD56bright NK,CD56dim NK,geneformer_mlp_probe
GACTGCGGTGTATGGG_JIA_CD7_5,C2,C2,geneformer_mlp_probe
CGATCGGCACCTCGGA_JIA_CD7_4,C1,C2,geneformer_mlp_probe
CACCACTAGCCTTGAT_JIA_Total_10,CD56bright NK,C1,geneformer_mlp_probe
CCACTACAGCAGCGTA_JIA_CD7_5,Naïve-like ILC,ILC3,geneformer_mlp_probe
TACTCATTCGTACGGC_JIA_CD7_3,C1,C1,geneformer_mlp_probe
TCGCGTTTCATCGATG_JIA_CD7_4,CD56dim NK,CD56bright NK,geneformer_mlp_probe
TCTATTGGTAGAGGAA_JIA_CD7_2,CD56bright NK,C1,geneformer_mlp_probe
ATCACGAGTGAACCTT_JIA_CD7_2,C1,C1,geneformer_mlp_probe
CCGGTAGCAAGCGAGT_JIA_CD7_3,CD56dim NK,CD56dim NK,geneformer_mlp_probe
GAACATCTCGCCTGAG_JIA_CD7_1,CD56dim NK,CD56dim NK,geneformer_mlp_probe
GGGAGATTCTCGGACG_JIA_CD7_5,CD56dim NK,CD56dim NK,geneformer_mlp_probe
CACATTTGTAAAGTCA_JIA_CD7_3,C1,CD56bright NK,geneformer_mlp_probe
GCTGCGATCCACGCAG_JIA_CD7_1,C2,C2,geneformer_mlp_probe
TCGGTAAGTCTAGTCA_JIA_CD7_2,C1,C2,geneformer_mlp_probe
TCTTCGGGTCTCACCT_JIA_CD7_5,C2,C1,geneformer_mlp_probe
AGAGTGGAGGCTCAGA_JIA_CD7_3,C1,C2,geneformer_mlp_probe
AACTCAGCATGGGAAC_JIA_CD7_3,CD56dim NK,CD56dim NK,geneformer_mlp_probe
ACGTCAAGTTATCCGA_JIA_CD7_2,C1,C1,geneformer_mlp_probe
TGAGCATGTACCTACA_JIA_CD7_2,CD56dim NK,C2,geneformer_mlp_probe
GAGCCTGTCAGGAAAT_JIA_DC_2,C1,ILC3,geneformer_mlp_probe
AATCGGTTCGAATGGG_JIA_CD7_5,Cycling NK,Cycling NK,geneformer_mlp_probe
CTGTTTACATCCAACA_JIA_CD7_5,C2,C2,geneformer_mlp_probe
CGAACATCATAGACTC_JIA_Total_26,C1,C1,geneformer_mlp_probe
GGCAATTAGCGAGAAA_JIA_CD7_5,CD56bright NK,C3,geneformer_mlp_probe
TTCTCAATCATGTAGC_JIA_CD7_1,C1,C1,geneformer_mlp_probe
GGACAAGTCTAACTCT_JIA_CD7_2,CD56dim NK,CD56dim NK,geneformer_mlp_probe
GTGAAGGCAAACTGTC_JIA_Total_10,CD56bright NK,CD56bright NK,geneformer_mlp_probe
GGTGTTATCCGCGGTA_JIA_CD7_5,C3,C2,geneformer_mlp_probe
TTGCGTCTCAACACTG_JIA_CD7_1,C2,CD56dim NK,geneformer_mlp_probe
CATATGGTCTTGCCGT_JIA_CD7_4,C2,C2,geneformer_mlp_probe
TGGTTCCGTCTGCGGT_JIA_CD7_3,C2,CD56bright NK,geneformer_mlp_probe
TGGCGCAAGAAGGACA_JIA_Total_26,C1,CD56bright NK,geneformer_mlp_probe
ATGAGGGCACTACAGT_JIA_CD7_5,ILC3,ILC2,geneformer_mlp_probe
CGGCTAGTCACCAGGC_JIA_Total_14,C1,C1,geneformer_mlp_probe
ATTTCTGAGACAGACC_JIA_Total_25,CD56bright NK,CD56bright NK,geneformer_mlp_probe
TTGTAGGTCTTATCTG_JIA_CD7_2,CD56bright NK,C2,geneformer_mlp_probe
CAGCTGGGTTGGACCC_JIA_Total_2,Cycling NK,Cycling NK,geneformer_mlp_probe
TTCCCAGTCGGACAAG_JIA_Total_10,CD56dim NK,CD56dim NK,geneformer_mlp_probe
AAGGAGCCACGGTTTA_JIA_CD7_2,CD56bright NK,C1,geneformer_mlp_probe
TAAGCGTCACAGACTT_JIA_CD7_1,C2,C2,geneformer_mlp_probe
GGCGTGTGTGGTAACG_JIA_CD7_4,C1,C2,geneformer_mlp_probe
TGTTCCGTCTAACCGA_JIA_CD7_5,C2,C2,geneformer_mlp_probe
GAGTCCGAGGAATCGC_JIA_CD7_2,CD56dim NK,CD56dim NK,geneformer_mlp_probe
TGGCTGGGTGGACGAT_JIA_Total_20,C2,C1,geneformer_mlp_probe
TATCTCAGTGGTCCGT_JIA_Total_26,C1,C1,geneformer_mlp_probe
ACTATCTGTCACTTCC_JIA_CD7_5,ILC3,ILC3,geneformer_mlp_probe
TACGGTAAGCAGCCTC_JIA_CD7_5,ILC2,ILC2,geneformer_mlp_probe
GCGCCAATCCTCTAGC_JIA_CD7_2,CD56dim NK,CD56dim NK,geneformer_mlp_probe
TAAACCGGTTCCTCCA_JIA_CD7_2,C1,C1,geneformer_mlp_probe
CTCATTATCCCTCTTT_JIA_Total_7,CD56dim NK,CD56dim NK,geneformer_mlp_probe
TAGTTGGGTTCGCGAC_JIA_CD7_3,CD56dim NK,CD56dim NK,geneformer_mlp_probe
AGAATAGAGTAATCCC_JIA_Total_25,Cycling NK,Cycling NK,geneformer_mlp_probe
TGAGAGGAGCGTAATA_JIA_CD7_2,ILC2,ILC2,geneformer_mlp_probe
TGCCAAATCCTAGGGC_JIA_Total_5,C1,C1,geneformer_mlp_probe
CGATGGCGTCACCCAG_JIA_CD7_4,C2,C2,geneformer_mlp_probe
CAAGGCCAGTAGCGGT_JIA_CD7_3,CD56dim NK,CD56dim NK,geneformer_mlp_probe
ACACCCTTCAAGGCTT_JIA_CD7_5,C2,C2,geneformer_mlp_probe
GGCTCGAAGAGGTTAT_JIA_CD7_2,CD56bright NK,CD56bright NK,geneformer_mlp_probe
CGTCTACAGTGTACGG_JIA_Total_26,ILC3,ILC2,geneformer_mlp_probe
CTCGAGGGTTGTTTGG_JIA_CD7_5,C1,C2,geneformer_mlp_probe
TCTGGAACATACAGCT_JIA_Total_25,CD56bright NK,CD56bright NK,geneformer_mlp_probe
GTCAAGTTCGCTTGTC_JIA_CD7_3,C2,Naïve-like ILC,geneformer_mlp_probe
TCACAAGAGCCCAATT_JIA_CD7_5,CD56bright NK,CD56bright NK,geneformer_mlp_probe
TTGAACGTCGATAGAA_JIA_CD7_1,CD56dim NK,CD56bright NK,geneformer_mlp_probe
TCAGGTACATGCAACT_JIA_Total_10,CD56bright NK,C1,geneformer_mlp_probe
GGAGCAATCCACGTGG_JIA_CD7_2,CD56dim NK,CD56bright NK,geneformer_mlp_probe
TTCTCCTTCTTTACAC_JIA_CD7_5,CD56dim NK,CD56dim NK,geneformer_mlp_probe
GTACTTTGTAACGCGA_JIA_CD7_2,CD56bright NK,CD56bright NK,geneformer_mlp_probe
CACAAACAGCTTATCG_JIA_Total_13,CD56bright NK,CD56bright NK,geneformer_mlp_probe
GGCTCGAGTAAAGTCA_JIA_Total_14,C1,Naïve-like ILC,geneformer_mlp_probe
GGTGAAGGTCTACCTC_JIA_Total_26,C1,C1,geneformer_mlp_probe
CGAACATAGTACGTTC_JIA_CD7_4,C1,C2,geneformer_mlp_probe
GCTGCGATCTGGTGTA_JIA_CD7_1,CD56dim NK,CD56dim NK,geneformer_mlp_probe
GGGAATGCAACAACCT_JIA_Total_2,Cycling NK,Cycling NK,geneformer_mlp_probe
CTTTGCGTCACGGTTA_JIA_Total_5,C3,C1,geneformer_mlp_probe
TCAACGAGTTCGTGAT_JIA_CD7_5,Naïve-like ILC,C1,geneformer_mlp_probe
CATATGGAGTATTGGA_JIA_CD7_4,CD56dim NK,CD56dim NK,geneformer_mlp_probe
GATTCAGGTTAAAGTG_JIA_CD7_5,C1,C2,geneformer_mlp_probe
CAACCTCGTTGAACTC_JIA_CD7_2,CD56dim NK,CD56dim NK,geneformer_mlp_probe
AACTGGTGTCCCGACA_JIA_CD7_3,CD56dim NK,CD56dim NK,geneformer_mlp_probe
GAACGGAGTGACGCCT_JIA_CD7_5,C2,C2,geneformer_mlp_probe
TTGACTTAGCCATCGC_JIA_CD7_5,C2,C2,geneformer_mlp_probe
GGGCACTTCGTACCGG_JIA_CD7_5,C1,C1,geneformer_mlp_probe
GGCAATTGTACAGCAG_JIA_CD7_3,CD56dim NK,CD56dim NK,geneformer_mlp_probe
GACGCGTAGTGAATTG_JIA_CD7_5,C2,C2,geneformer_mlp_probe
TGCGTGGGTAAGGGAA_JIA_CD7_5,C1,C1,geneformer_mlp_probe
TCACGAAGTTGTGGAG_JIA_CD7_5,Naïve-like ILC,Naïve-like ILC,geneformer_mlp_probe
TACCTTAGTCCTCTTG_JIA_CD7_1,C2,C2,geneformer_mlp_probe
CGATCGGTCAAAGACA_JIA_CD7_2,CD56dim NK,CD56dim NK,geneformer_mlp_probe
TTAGGACCATCAGTAC_JIA_CD7_5,C2,C2,geneformer_mlp_probe
TTTGTCAGTCGGCATC_JIA_CD7_5,C1,CD56bright NK,geneformer_mlp_probe
ACGATGTCACGTTGGC_JIA_CD7_1,CD56dim NK,C2,geneformer_mlp_probe
CTCAGAAAGCGCCTCA_JIA_CD7_5,CD56bright NK,C1,geneformer_mlp_probe
ACTGAGTTCATGTAGC_JIA_CD7_5,C2,CD56dim NK,geneformer_mlp_probe
GCTTCCACACACGCTG_JIA_CD7_4,CD56bright NK,CD56bright NK,geneformer_mlp_probe
GGCTGGTCAACACGCC_JIA_CD7_5,CD56bright NK,CD56bright NK,geneformer_mlp_probe
GTGCTTCTCCAATGGT_JIA_CD7_4,C2,C1,geneformer_mlp_probe
CTCAGAAGTTCGCGAC_JIA_CD7_5,CD56bright NK,C1,geneformer_mlp_probe
ATAGACCAGAGGTAGA_JIA_CD7_5,CD56bright NK,CD56bright NK,geneformer_mlp_probe
TAGTGGTGTCTACCTC_JIA_CD7_3,CD56bright NK,CD56bright NK,geneformer_mlp_probe
TACTCGCCAGCTGGCT_JIA_CD7_5,C2,C2,geneformer_mlp_probe
CAACCTCAGGGTATCG_JIA_CD7_5,C3,C3,geneformer_mlp_probe
CCACTACCAACTGCGC_JIA_Total_7,CD56bright NK,CD56bright NK,geneformer_mlp_probe
CGGAGTCTCCTGTACC_JIA_Total_10,CD56bright NK,CD56bright NK,geneformer_mlp_probe
GATGAAACACGAAGCA_JIA_CD7_3,CD56dim NK,CD56dim NK,geneformer_mlp_probe
GTCACAACAGGCGATA_JIA_Total_20,C2,C3,geneformer_mlp_probe
CACAAACCAATGGAGC_JIA_CD7_1,C2,C2,geneformer_mlp_probe
AGAGCGAAGCTAGTTC_JIA_Total_25,CD56bright NK,C1,geneformer_mlp_probe
AACTTTCAGTTCGATC_JIA_CD7_5,CD56dim NK,CD56dim NK,geneformer_mlp_probe
TGTATTCTCCTCATTA_JIA_Total_7,CD56dim NK,Cycling NK,geneformer_mlp_probe
ACGGCCAGTCGAGATG_JIA_CD7_2,CD56dim NK,CD56dim NK,geneformer_mlp_probe
CCGTACTCACGAAGCA_JIA_CD7_5,C1,C1,geneformer_mlp_probe
CACAGGCGTAGTGAAT_JIA_CD7_5,C3,C3,geneformer_mlp_probe
GAGCAGAGTGGTTTCA_JIA_CD7_1,C3,Cycling NK,geneformer_mlp_probe
TGCGTGGGTCACTTCC_JIA_Total_11,C1,C3,geneformer_mlp_probe
CAAGAAACACCCAGTG_JIA_CD7_4,C2,C2,geneformer_mlp_probe
TATCTCACATCTATGG_JIA_CD7_5,ILC3,ILC3,geneformer_mlp_probe
GAAACTCGTGACTCAT_JIA_CD7_3,C2,C2,geneformer_mlp_probe
TTGGAACCATCTGGTA_JIA_CD7_1,CD56dim NK,CD56dim NK,geneformer_mlp_probe
TGTATTCCACGGCCAT_JIA_CD7_1,C2,C2,geneformer_mlp_probe
CGGAGTCAGTTTGCGT_JIA_CD7_2,C1,C2,geneformer_mlp_probe
CTACGTCTCACAGTAC_JIA_CD7_1,CD56dim NK,CD56dim NK,geneformer_mlp_probe
GGCCGATGTAAATACG_JIA_CD7_5,C1,CD56dim NK,geneformer_mlp_probe
GAATGAAGTTTAGCTG_JIA_CD7_5,CD56dim NK,CD56dim NK,geneformer_mlp_probe
AGTGTCAAGCCAGTAG_JIA_Total_23,ILC2,CD56bright NK,geneformer_mlp_probe
ATCTACTGTACGAAAT_JIA_CD7_3,CD56dim NK,CD56dim NK,geneformer_mlp_probe
TACCTATGTTCACGGC_JIA_CD7_5,CD56dim NK,CD56dim NK,geneformer_mlp_probe
TTAGGCACAATCTGCA_JIA_CD7_5,C2,C2,geneformer_mlp_probe
CCTTCGACACTTCTGC_JIA_CD7_3,CD56dim NK,CD56dim NK,geneformer_mlp_probe
GTAACTGCAGGTTTCA_JIA_Total_11,C1,C1,geneformer_mlp_probe
AGCAGCCTCAGCTTAG_JIA_CD7_1,C3,C2,geneformer_mlp_probe
CGGCTAGCACTAGTAC_JIA_Total_7,CD56bright NK,CD56dim NK,geneformer_mlp_probe
CCACCTAAGGGTGTGT_JIA_CD7_5,C2,C2,geneformer_mlp_probe
GATCAGTAGACAAAGG_JIA_Total_26,Cycling NK,Cycling NK,geneformer_mlp_probe
TGACAACCAGATGGGT_JIA_CD7_3,CD56dim NK,CD56dim NK,geneformer_mlp_probe
TGGGAAGCAGCTATTG_JIA_CD7_3,CD56dim NK,CD56dim NK,geneformer_mlp_probe
GGCTCGATCGCCAGCA_JIA_Total_24,C1,CD56bright NK,geneformer_mlp_probe
TGCGCAGTCGGGAGTA_JIA_CD7_2,CD56bright NK,CD56bright NK,geneformer_mlp_probe
GATCGATCAAACTGCT_JIA_CD7_1,Cycling NK,Cycling NK,geneformer_mlp_probe
GTCAAGTTCCAGAGGA_JIA_CD7_5,CD56bright NK,CD56bright NK,geneformer_mlp_probe
CGAGAAGTCGGCATCG_JIA_CD7_5,C2,C1,geneformer_mlp_probe
GAACATCAGACCACGA_JIA_CD7_5,C2,C2,geneformer_mlp_probe
AAGGAGCGTGCATCTA_JIA_CD7_1,CD56dim NK,CD56dim NK,geneformer_mlp_probe
CCTACACCAGGAATCG_JIA_CD7_3,CD56dim NK,CD56dim NK,geneformer_mlp_probe
TGCCCATGTCGAAAGC_JIA_CD7_2,ILC2,ILC2,geneformer_mlp_probe
GTCGTAAAGACTACAA_JIA_CD7_1,Cycling NK,C2,geneformer_mlp_probe
CGCGTTTAGCTAAACA_JIA_Total_26,ILC3,Naïve-like ILC,geneformer_mlp_probe
GGACATTCACAAGACG_JIA_CD7_3,CD56dim NK,CD56dim NK,geneformer_mlp_probe
TGGCTGGAGTGGGTTG_JIA_Total_17,Cycling NK,C2,geneformer_mlp_probe
CGGTTAAGTCTCAACA_JIA_CD7_1,C1,C2,geneformer_mlp_probe
AGCGTCGCATCACGTA_JIA_CD7_3,ILC2,ILC2,geneformer_mlp_probe
TGTCCCACACTATCTT_JIA_CD7_2,CD56dim NK,CD56dim NK,geneformer_mlp_probe
AAATGCCAGCTGTTCA_JIA_CD7_5,Naïve-like ILC,C1,geneformer_mlp_probe
ACTGATGAGGCAAAGA_JIA_CD7_5,CD56bright NK,CD56bright NK,geneformer_mlp_probe
ACATGGTCACGAAATA_JIA_CD7_5,Naïve-like ILC,Naïve-like ILC,geneformer_mlp_probe
AAGTCTGAGTCTCCTC_JIA_CD7_5,C1,C1,geneformer_mlp_probe
CGATGGCCAAGGACAC_JIA_Total_10,CD56dim NK,CD56dim NK,geneformer_mlp_probe
CCTTTCTCATGCAACT_JIA_CD7_5,ILC3,ILC3,geneformer_mlp_probe
CGCTGGATCCTGCTTG_JIA_Total_25,CD56bright NK,CD56bright NK,geneformer_mlp_probe
TCGTACCCACACATGT_JIA_Total_24,C2,C3,geneformer_mlp_probe
TGCCCTATCCGCATCT_JIA_CD7_5,Naïve-like ILC,C1,geneformer_mlp_probe
ATCATCTGTGGCCCTA_JIA_Total_11,Naïve-like ILC,C2,geneformer_mlp_probe
TCATATCAGACGGATC_JIA_CD45_1,CD56dim NK,CD56dim NK,geneformer_mlp_probe
TTCTCCTGTAAGTTCC_JIA_CD7_5,CD56dim NK,CD56dim NK,geneformer_mlp_probe
CGATCGGTCACTTACT_JIA_CD7_2,CD56dim NK,CD56bright NK,geneformer_mlp_probe
ACTTTCAGTTTAAGCC_JIA_CD7_3,CD56dim NK,CD56dim NK,geneformer_mlp_probe
TCATTTGAGTGCTGCC_JIA_Total_1,Cycling NK,Cycling NK,geneformer_mlp_probe
ATTACTCGTCATCCCT_JIA_CD7_5,CD56dim NK,C2,geneformer_mlp_probe
CGATGGCTCTGCCCTA_JIA_CD7_5,CD56bright NK,CD56bright NK,geneformer_mlp_probe
TAGTTGGAGCTAAGAT_JIA_CD7_5,Cycling NK,Cycling NK,geneformer_mlp_probe
CGTTGGGTCTCCAACC_JIA_CD7_3,CD56dim NK,CD56dim NK,geneformer_mlp_probe
AGTGGGAAGGCTCAGA_JIA_CD7_3,C2,C2,geneformer_mlp_probe
GAGGTGAAGACCTTTG_JIA_Total_4,CD56dim NK,Cycling NK,geneformer_mlp_probe
AAGTCTGGTTGTGGCC_JIA_CD7_1,CD56bright NK,C2,geneformer_mlp_probe
CCTCTGAAGGTCGGAT_JIA_CD7_3,C3,C3,geneformer_mlp_probe
TTTGTCACAAAGGAAG_JIA_CD7_2,ILC2,ILC2,geneformer_mlp_probe
CTTTGCGAGCTCCCAG_JIA_CD7_4,C2,C2,geneformer_mlp_probe
GGGACAAGTCGTACAT_JIA_DC_2,C1,CD56bright NK,geneformer_mlp_probe
CGGACGTGTACCGGCT_JIA_Total_10,CD56dim NK,CD56dim NK,geneformer_mlp_probe
AGGGATGTCACGGTTA_JIA_Total_26,C1,C1,geneformer_mlp_probe
CATCAAGGTAGAGGAA_JIA_CD7_2,ILC2,ILC2,geneformer_mlp_probe
GGCTCGAAGGAGTTTA_JIA_CD7_1,C2,CD56dim NK,geneformer_mlp_probe
ATAGACCCACGCGAAA_JIA_CD7_4,CD56dim NK,C2,geneformer_mlp_probe
ATTGGACCAAATTGCC_JIA_CD7_5,C2,C2,geneformer_mlp_probe
CATATTCTCTGCGTAA_JIA_CD7_3,CD56dim NK,CD56dim NK,geneformer_mlp_probe
CGCTGGATCCCATTTA_JIA_CD7_2,CD56bright NK,CD56dim NK,geneformer_mlp_probe
TGTCCCAGTAGCGATG_JIA_Total_7,C1,C1,geneformer_mlp_probe
GCAAACTGTTAAGAAC_JIA_Total_25,CD56dim NK,CD56dim NK,geneformer_mlp_probe
CGTCACTCACGTCTCT_JIA_CD7_5,C3,C2,geneformer_mlp_probe
GGATGTTTCATGGTCA_JIA_CD7_2,C1,CD56bright NK,geneformer_mlp_probe
GGCCGATGTAAGAGGA_JIA_CD7_5,Cycling NK,Cycling NK,geneformer_mlp_probe
CGACCTTAGACTTGAA_JIA_CD7_5,CD56bright NK,CD56bright NK,geneformer_mlp_probe
GTTCTCGCAAGCTGGA_JIA_CD7_5,C2,C3,geneformer_mlp_probe
GCAATCAGTCCGAGTC_JIA_Total_26,C1,C1,geneformer_mlp_probe
CGCTATCCACCCATGG_JIA_CD7_5,C1,C2,geneformer_mlp_probe
CAGTAACGTAGGGTAC_JIA_CD7_3,CD56dim NK,CD56dim NK,geneformer_mlp_probe
AACTGGTAGAGGGATA_JIA_CD7_3,CD56dim NK,CD56dim NK,geneformer_mlp_probe
TGCGTGGCAGTGACAG_JIA_CD7_5,C3,C3,geneformer_mlp_probe
GTCAAGTGTGTTGGGA_JIA_Total_17,Cycling NK,Cycling NK,geneformer_mlp_probe
GTGTGCGGTCACCTAA_JIA_Total_24,Naïve-like ILC,C2,geneformer_mlp_probe
TAGACCAAGTCCGTAT_JIA_CD7_5,CD56dim NK,CD56dim NK,geneformer_mlp_probe
CCTAAAGAGTCTTGCA_JIA_CD7_3,CD56dim NK,CD56dim NK,geneformer_mlp_probe
GGAATAACAGTCCTTC_JIA_Total_5,C1,C1,geneformer_mlp_probe
GTTACAGCACATGGGA_JIA_CD7_2,C1,C1,geneformer_mlp_probe
CCGGTAGTCTTGCATT_JIA_CD7_1,CD56dim NK,CD56dim NK,geneformer_mlp_probe
CTTAACTTCGCTGATA_JIA_CD7_5,C2,CD56dim NK,geneformer_mlp_probe
ACGGGCTGTGTTTGGT_JIA_CD7_3,CD56dim NK,CD56dim NK,geneformer_mlp_probe
CAAGAAAAGGTGCTTT_JIA_CD7_5,Cycling NK,Cycling NK,geneformer_mlp_probe
CAAGGCCGTGGCTCCA_JIA_CD7_4,C1,C1,geneformer_mlp_probe
CCACCTAGTCTGCAAT_JIA_CD7_5,CD56bright NK,CD56bright NK,geneformer_mlp_probe
ATTATCCCACTAAGTC_JIA_CD7_3,C2,C2,geneformer_mlp_probe
CCACGGATCTATCCTA_JIA_CD7_5,CD56dim NK,CD56dim NK,geneformer_mlp_probe
CTCTGGTCATAAGACA_JIA_Total_17,Cycling NK,Cycling NK,geneformer_mlp_probe
GGGAATGTCTCGTTTA_JIA_CD7_5,C2,C2,geneformer_mlp_probe
GAACGGATCATAGCAC_JIA_Total_13,CD56dim NK,CD56bright NK,geneformer_mlp_probe
ATAGACCTCTGTCAAG_JIA_CD7_2,C1,CD56bright NK,geneformer_mlp_probe
CTTGGCTCAAGTTGTC_JIA_CD7_2,CD56dim NK,CD56dim NK,geneformer_mlp_probe
GCGCGATCATGCCTAA_JIA_CD7_3,C1,C3,geneformer_mlp_probe
GTCGGGTCAGATGGCA_JIA_CD7_4,CD56dim NK,CD56dim NK,geneformer_mlp_probe
ATGCGATAGATCGGGT_JIA_CD7_3,C1,CD56bright NK,geneformer_mlp_probe
CTGAAACGTTGGACCC_JIA_CD7_3,CD56dim NK,CD56dim NK,geneformer_mlp_probe
GATGAAAGTTGCGTTA_JIA_CD7_1,CD56dim NK,CD56dim NK,geneformer_mlp_probe
CCACTACCAGACAAAT_JIA_CD7_5,CD56dim NK,CD56dim NK,geneformer_mlp_probe
TGACGGCGTAATCGTC_JIA_CD7_2,CD56bright NK,C1,geneformer_mlp_probe
GTATTCTTCATGCTCC_JIA_CD7_5,C2,Naïve-like ILC,geneformer_mlp_probe
GTGCATATCCTTGCCA_JIA_Total_24,C2,CD56dim NK,geneformer_mlp_probe
GGCAATTGTGGTAACG_JIA_Total_25,CD56bright NK,CD56bright NK,geneformer_mlp_probe
ACGGGCTAGAGCCCAA_JIA_CD7_5,CD56dim NK,CD56dim NK,geneformer_mlp_probe
CAGATCACAGTCGTGC_JIA_CD7_4,CD56bright NK,CD56bright NK,geneformer_mlp_probe
CCTAGCTGTTGGACCC_JIA_CD7_3,CD56dim NK,CD56dim NK,geneformer_mlp_probe
ACGGAGAGTTGATTCG_JIA_CD7_5,CD56dim NK,CD56dim NK,geneformer_mlp_probe
AGCATACTCATTGCCC_JIA_CD7_5,CD56dim NK,CD56dim NK,geneformer_mlp_probe
CGCTATCTCTTACCTA_JIA_CD7_5,CD56bright NK,C1,geneformer_mlp_probe
CAGGTGCTCCCTTGTG_JIA_CD7_5,Cycling NK,Cycling NK,geneformer_mlp_probe
AGCTTGATCAGTACGT_JIA_CD7_1,CD56dim NK,CD56dim NK,geneformer_mlp_probe
CGAATGTCAAGCGTAG_JIA_Total_10,CD56dim NK,CD56dim NK,geneformer_mlp_probe
TTCGAAGTCACGGTTA_JIA_Total_20,Cycling NK,Cycling NK,geneformer_mlp_probe
CAAGATCAGGCAGGTT_JIA_Total_25,CD56bright NK,CD56bright NK,geneformer_mlp_probe
GGAACTTTCAGGCGAA_JIA_CD7_1,C3,C2,geneformer_mlp_probe
CACACAAAGATCGGGT_JIA_CD7_5,C2,C2,geneformer_mlp_probe
AAGGTTCGTCTCGTTC_JIA_CD7_5,C2,C1,geneformer_mlp_probe
AGAGTGGAGGAGTACC_JIA_CD7_4,Naïve-like ILC,Naïve-like ILC,geneformer_mlp_probe
TAAACCGAGTCCGGTC_JIA_CD7_4,C2,C2,geneformer_mlp_probe
TTATGCTAGTCCAGGA_JIA_Total_14,C1,C1,geneformer_mlp_probe
AACCGCGCACAAGACG_JIA_Total_10,CD56dim NK,CD56dim NK,geneformer_mlp_probe
GTGAAGGAGATAGCAT_JIA_Total_10,CD56dim NK,CD56dim NK,geneformer_mlp_probe
TCTGAGAGTCTTGCGG_JIA_CD7_5,ILC3,Naïve-like ILC,geneformer_mlp_probe
GAATAAGAGTGGCACA_JIA_CD7_2,CD56dim NK,CD56dim NK,geneformer_mlp_probe
CGCGTTTGTCTCTCTG_JIA_CD7_3,C1,C1,geneformer_mlp_probe
GAATAAGTCGCTAGCG_JIA_CD7_3,CD56bright NK,CD56bright NK,geneformer_mlp_probe
GGCAATTAGATGAGAG_JIA_CD7_4,Naïve-like ILC,Naïve-like ILC,geneformer_mlp_probe
TGTTCCGCATCGGACC_JIA_CD7_5,C2,C2,geneformer_mlp_probe
GAACGGACAGGTCTCG_JIA_CD7_3,CD56dim NK,CD56dim NK,geneformer_mlp_probe
TAGCCGGCATTAGCCA_JIA_CD7_1,ILC2,ILC2,geneformer_mlp_probe
GTTCGGGCACGTTGGC_JIA_Total_19,ILC2,ILC2,geneformer_mlp_probe
CTACGTCAGCGTTGCC_JIA_Total_23,CD56dim NK,CD56dim NK,geneformer_mlp_probe
GTACGTACACTATCTT_JIA_CD7_3,ILC2,C1,geneformer_mlp_probe
GTTCTCGGTCTAGTGT_JIA_CD7_5,Cycling NK,Cycling NK,geneformer_mlp_probe
GCGCCAATCACGAAGG_JIA_CD7_3,CD56dim NK,CD56dim NK,geneformer_mlp_probe
CTCTAATAGTGTCTCA_JIA_Total_10,CD56dim NK,CD56dim NK,geneformer_mlp_probe
CCCTCCTTCATGTCTT_JIA_CD7_5,C1,C2,geneformer_mlp_probe
GATCGCGCAAGCCTAT_JIA_CD7_1,C1,C2,geneformer_mlp_probe
TAAGCGTAGTGACATA_JIA_CD7_5,C2,Cycling NK,geneformer_mlp_probe
CTCGGGAGTGCGATAG_JIA_CD7_4,Cycling NK,Cycling NK,geneformer_mlp_probe
ACCAGTAAGAGCTATA_JIA_Total_14,C2,C2,geneformer_mlp_probe
GTCTTCGAGGCCCTTG_JIA_CD7_2,CD56bright NK,CD56dim NK,geneformer_mlp_probe
CGCGTTTGTCGTCTTC_JIA_CD7_5,CD56bright NK,CD56bright NK,geneformer_mlp_probe
GTCTCGTGTAATTGGA_JIA_Total_25,CD56dim NK,CD56dim NK,geneformer_mlp_probe
GATGCTACAGTGAGTG_JIA_CD7_5,Cycling NK,Cycling NK,geneformer_mlp_probe
GCATGTAGTTGCCTCT_JIA_CD7_5,ILC2,ILC3,geneformer_mlp_probe
TAGCCGGTCGTACGGC_JIA_Total_4,CD56bright NK,CD56bright NK,geneformer_mlp_probe
TATCTCAGTGACTCAT_JIA_CD7_5,CD56dim NK,CD56dim NK,geneformer_mlp_probe
TGAGAGGGTCTAGCGC_JIA_CD7_1,C2,C2,geneformer_mlp_probe
TACAGTGTCTCTTATG_JIA_CD7_2,C1,CD56bright NK,geneformer_mlp_probe
GTAACTGCATCGGTTA_JIA_CD7_2,CD56dim NK,CD56dim NK,geneformer_mlp_probe
ATGAGGGGTATGAATG_JIA_Total_26,ILC3,Naïve-like ILC,geneformer_mlp_probe
CTCGGGAGTCCCTTGT_JIA_CD7_3,CD56dim NK,CD56dim NK,geneformer_mlp_probe
GTGAAGGGTGCATCTA_JIA_CD7_1,C2,C2,geneformer_mlp_probe
GAAATGAAGTTGAAAC_JIA_DC_1,C2,C1,geneformer_mlp_probe
GTGAAGGGTAAGTGGC_JIA_CD7_1,C2,C3,geneformer_mlp_probe
GTTTCTACACCGGAAA_JIA_CD7_5,CD56bright NK,CD56bright NK,geneformer_mlp_probe
AGGTCATAGAGCCCAA_JIA_CD7_1,C3,C3,geneformer_mlp_probe
AGAGCTTGTGACGGTA_JIA_CD7_4,C1,C2,geneformer_mlp_probe
GGCGACTAGCTCTCGG_JIA_CD7_5,C2,CD56dim NK,geneformer_mlp_probe
TTGGCAAGTACAAGTA_JIA_CD7_2,ILC2,ILC2,geneformer_mlp_probe
GGCAATTCACAGAGGT_JIA_CD7_5,C2,C3,geneformer_mlp_probe
ACTTACTCACGGTTTA_JIA_CD7_5,CD56dim NK,CD56dim NK,geneformer_mlp_probe
CAAGATCTCTGTTGAG_JIA_CD7_5,CD56bright NK,CD56bright NK,geneformer_mlp_probe
TCGCGTTAGGCCATAG_JIA_CD7_1,C3,C2,geneformer_mlp_probe
AGTGTCAAGCTGAAAT_JIA_CD7_5,CD56dim NK,CD56dim NK,geneformer_mlp_probe
GTACTTTCATTTGCCC_JIA_CD7_2,CD56dim NK,CD56dim NK,geneformer_mlp_probe
GGTCACGGTGTTAGCT_JIA_DC_1,CD56bright NK,C1,geneformer_mlp_probe
ACGATACCAAGCCCAC_JIA_Total_24,C3,C3,geneformer_mlp_probe
TAAACCGTCGCTGATA_JIA_CD7_5,C2,C2,geneformer_mlp_probe
TTCTACAAGCTTCGCG_JIA_CD7_1,C2,C2,geneformer_mlp_probe
ATAGACCGTAGCCTCG_JIA_CD7_5,C1,C1,geneformer_mlp_probe
GTACGTATCACGCGGT_JIA_CD7_2,CD56dim NK,CD56dim NK,geneformer_mlp_probe
CAGCATAGTTACGCGC_JIA_CD7_5,CD56bright NK,CD56bright NK,geneformer_mlp_probe
ACGAGCCAGCAGCCTC_JIA_Total_24,C2,C2,geneformer_mlp_probe
GCTGCAGTCGAACTGT_JIA_CD7_2,C1,CD56bright NK,geneformer_mlp_probe
TAGAGCTCAGTCCTTC_JIA_CD7_5,C2,C3,geneformer_mlp_probe
CGTCACTTCAATCACG_JIA_CD7_3,CD56dim NK,CD56bright NK,geneformer_mlp_probe
TGCTACCAGCGTCTAT_JIA_CD7_5,C3,Cycling NK,geneformer_mlp_probe
TAGCCGGCAGGGAGAG_JIA_CD7_3,C2,C2,geneformer_mlp_probe
AATCGGTAGAGTGAGA_JIA_Total_2,Cycling NK,Cycling NK,geneformer_mlp_probe
ATGTGTGCAACACGCC_JIA_CD7_3,CD56bright NK,CD56bright NK,geneformer_mlp_probe
GTAACGTCACAAGCCC_JIA_CD7_5,Cycling NK,Cycling NK,geneformer_mlp_probe
AGAGTGGAGTAGCGGT_JIA_CD7_2,CD56bright NK,Cycling NK,geneformer_mlp_probe
AGCAGCCTCTAACTTC_JIA_CD7_5,CD56bright NK,C1,geneformer_mlp_probe
CATTATCGTGTAACGG_JIA_CD7_5,CD56bright NK,CD56bright NK,geneformer_mlp_probe
GGGAATGAGTTCGCAT_JIA_CD7_5,C1,CD56bright NK,geneformer_mlp_probe
GCGACCACACGAAGCA_JIA_Total_4,CD56bright NK,CD56bright NK,geneformer_mlp_probe
CATATGGGTGCGCTTG_JIA_CD7_5,Cycling NK,Cycling NK,geneformer_mlp_probe
AAGGCAGGTATCACCA_JIA_Total_25,CD56bright NK,CD56bright NK,geneformer_mlp_probe
CTTAGGAGTGTTGGGA_JIA_CD7_2,CD56bright NK,CD56bright NK,geneformer_mlp_probe
CGCGTTTTCGTCTGCT_JIA_CD7_5,C3,C2,geneformer_mlp_probe
GAATAAGAGTTAAGTG_JIA_Total_19,CD56bright NK,CD56bright NK,geneformer_mlp_probe
CTCGTACAGACAAGCC_JIA_CD7_1,C2,CD56dim NK,geneformer_mlp_probe
TGACGGCAGACTAGAT_JIA_CD7_5,CD56dim NK,CD56dim NK,geneformer_mlp_probe
CGAGCCAAGTGGTCCC_JIA_CD7_2,C1,C3,geneformer_mlp_probe
CGTCCATTCTTTAGGG_JIA_CD7_1,CD56dim NK,C2,geneformer_mlp_probe
GCGAGAACAGTACACT_JIA_Total_24,C1,CD56bright NK,geneformer_mlp_probe
CTCGAGGAGAAACCTA_JIA_CD7_5,ILC3,ILC3,geneformer_mlp_probe
TGACTTTCACGGCTAC_JIA_CD7_5,C3,C2,geneformer_mlp_probe
AGTAGTCCAGTCAGCC_JIA_Total_14,ILC3,Naïve-like ILC,geneformer_mlp_probe
TCAACGATCCCATTTA_JIA_CD7_2,C1,CD56bright NK,geneformer_mlp_probe
CGCGTTTGTCTAGAGG_JIA_CD7_1,CD56dim NK,CD56dim NK,geneformer_mlp_probe
TCAGATGAGCCTCGTG_JIA_Total_10,CD56bright NK,CD56bright NK,geneformer_mlp_probe
CCATGTCCACAGGTTT_JIA_Total_19,CD56dim NK,CD56bright NK,geneformer_mlp_probe
AGCAGCCAGCGCTCCA_JIA_CD7_2,C3,CD56dim NK,geneformer_mlp_probe
TTTACTGCACCATCCT_JIA_Total_2,Cycling NK,Cycling NK,geneformer_mlp_probe
TTGGAACTCTTAGCCC_JIA_CD7_5,C2,C2,geneformer_mlp_probe
CCTTTCTCATGAAGTA_JIA_CD7_1,ILC2,ILC3,geneformer_mlp_probe
TTATGCTGTAAGTGGC_JIA_Total_1,Cycling NK,Cycling NK,geneformer_mlp_probe
GATCAGTAGAGCAATT_JIA_CD7_5,CD56bright NK,CD56bright NK,geneformer_mlp_probe
TGCCCTAGTCCGTCAG_JIA_CD7_5,C2,CD56bright NK,geneformer_mlp_probe
CATCAAGAGAAACGCC_JIA_CD7_5,C2,C2,geneformer_mlp_probe
CGTGAGCCAAGTTAAG_JIA_CD7_5,C2,C2,geneformer_mlp_probe
GGGCATCGTTTGGGCC_JIA_CD7_3,CD56bright NK,CD56dim NK,geneformer_mlp_probe
CATCGGGAGGCTACGA_JIA_Total_10,CD56bright NK,CD56bright NK,geneformer_mlp_probe
CGAGAAGAGCCAGAAC_JIA_CD7_5,Cycling NK,Cycling NK,geneformer_mlp_probe
ATGCGATGTGAGGGAG_JIA_CD7_3,C1,C2,geneformer_mlp_probe
AAGGCAGCACGGCGTT_JIA_CD7_5,C2,C2,geneformer_mlp_probe
CCACCTAAGAGGTTAT_JIA_CD7_5,C1,C1,geneformer_mlp_probe
CAAGTTGAGCACGCCT_JIA_CD7_3,C2,C1,geneformer_mlp_probe
GACGCGTCACGTCTCT_JIA_CD7_4,C2,C3,geneformer_mlp_probe
AGCGTCGGTCCTGCTT_JIA_CD7_1,Cycling NK,Cycling NK,geneformer_mlp_probe
GGTGCGTTCTTTAGGG_JIA_CD7_1,CD56dim NK,C2,geneformer_mlp_probe
AACGTTGGTCCTCTTG_JIA_CD7_2,CD56dim NK,CD56dim NK,geneformer_mlp_probe
TTAGTTCTCCGCATAA_JIA_Total_5,CD56bright NK,C1,geneformer_mlp_probe
CGTCACTGTAGCGTAG_JIA_CD7_5,C2,C3,geneformer_mlp_probe
CATCAAGGTATATCCG_JIA_CD7_2,C2,C1,geneformer_mlp_probe
GCGACCACAGGGTTAG_JIA_CD7_5,C3,C3,geneformer_mlp_probe
AACTTTCGTAGAGCTG_JIA_Total_13,CD56bright NK,CD56bright NK,geneformer_mlp_probe
TATCAGGCACCGGAAA_JIA_CD7_5,ILC3,ILC3,geneformer_mlp_probe
CGTGAGCTCTACCAGA_JIA_CD7_5,C2,CD56dim NK,geneformer_mlp_probe
CTAGAGTCACTATCTT_JIA_CD7_5,C3,C3,geneformer_mlp_probe
AGGGTGATCAAGGCTT_JIA_Total_23,ILC2,ILC2,geneformer_mlp_probe
AATCCAGCAAGTTCTG_JIA_Total_25,CD56dim NK,CD56dim NK,geneformer_mlp_probe
AAAGTAGTCCAGGGCT_JIA_CD7_3,C1,C1,geneformer_mlp_probe
AACTTTCGTGCGATAG_JIA_CD7_2,C1,C2,geneformer_mlp_probe
AGCTCTCCAGTATAAG_JIA_Total_2,Cycling NK,Cycling NK,geneformer_mlp_probe
TAAGCGTCATGGATGG_JIA_CD7_3,Naïve-like ILC,C1,geneformer_mlp_probe
CATATGGTCATGGTCA_JIA_Total_23,C1,Naïve-like ILC,geneformer_mlp_probe
TGGCTGGGTACCTACA_JIA_Total_7,CD56dim NK,CD56dim NK,geneformer_mlp_probe
CGGAGCTTCTAACGGT_JIA_CD7_4,C3,C2,geneformer_mlp_probe
CGAGAAGTCGAGCCCA_JIA_Total_23,ILC2,ILC2,geneformer_mlp_probe
GCTGCAGGTTAAAGAC_JIA_CD7_5,C2,C2,geneformer_mlp_probe
CTAGAGTCATTTGCCC_JIA_CD7_4,C3,C2,geneformer_mlp_probe
CATGACATCTTATCTG_JIA_Total_1,CD56bright NK,CD56bright NK,geneformer_mlp_probe
CCACGGAGTACGCACC_JIA_CD7_5,C1,C2,geneformer_mlp_probe
CGTTCTGAGTGAAGAG_JIA_CD7_3,C1,C1,geneformer_mlp_probe
CTGAAGTCAACGATGG_JIA_CD7_5,C2,C2,geneformer_mlp_probe
TCACAAGAGTTATCGC_JIA_CD7_3,CD56dim NK,CD56dim NK,geneformer_mlp_probe
GTGCGGTAGGTGCACA_JIA_Total_25,CD56bright NK,CD56bright NK,geneformer_mlp_probe
TGAGAGGGTACTCAAC_JIA_CD7_5,C2,C2,geneformer_mlp_probe
GCTGCGATCACAGTAC_JIA_Total_20,Cycling NK,Cycling NK,geneformer_mlp_probe
ACGCAGCCAGGTTTCA_JIA_CD7_5,CD56dim NK,CD56dim NK,geneformer_mlp_probe
AACAGGGTCGTGAGAG_JIA_CD45_1,CD56dim NK,CD56bright NK,geneformer_mlp_probe
CATCGGGTCTTGAGGT_JIA_Total_10,CD56dim NK,CD56dim NK,geneformer_mlp_probe
ATAACGCGTACGCACC_JIA_CD7_5,C3,C2,geneformer_mlp_probe
ACGCAGCTCGAATGGG_JIA_Total_25,CD56dim NK,CD56dim NK,geneformer_mlp_probe
TCAACGAAGTTGAGTA_JIA_CD7_3,CD56dim NK,CD56dim NK,geneformer_mlp_probe
CAAGGCCGTTGGACCC_JIA_CD7_3,Naïve-like ILC,Cycling NK,geneformer_mlp_probe
TTCGAAGCAATACGCT_JIA_Total_1,Cycling NK,Cycling NK,geneformer_mlp_probe
GTGGGTCAGATGGCGT_JIA_CD7_2,CD56bright NK,C1,geneformer_mlp_probe
ATCTGCCCATCCCACT_JIA_CD7_5,C1,C1,geneformer_mlp_probe
CGTAGGCCATCCGCGA_JIA_CD7_3,C2,C2,geneformer_mlp_probe
TAGTGGTAGGGAACGG_JIA_CD7_3,Cycling NK,Cycling NK,geneformer_mlp_probe
CGGACACCAGTTAACC_JIA_Total_20,C2,C3,geneformer_mlp_probe
GTACGTATCTTAGCCC_JIA_CD7_5,Cycling NK,Cycling NK,geneformer_mlp_probe
TGAAAGATCTAACTGG_JIA_Total_25,CD56dim NK,CD56bright NK,geneformer_mlp_probe
GATCAGTAGCTACCTA_JIA_CD7_1,C2,C2,geneformer_mlp_probe
TTGGAACAGATGTGGC_JIA_CD7_5,CD56dim NK,CD56dim NK,geneformer_mlp_probe
TCTTCGGCATCACGAT_JIA_CD7_5,C1,CD56bright NK,geneformer_mlp_probe
TAGACCATCTGATACG_JIA_Total_10,CD56dim NK,CD56dim NK,geneformer_mlp_probe
CGAGAAGGTGATGTGG_JIA_Total_1,CD56bright NK,CD56bright NK,geneformer_mlp_probe
GCATGCGGTTCGCTAA_JIA_CD7_4,C1,C1,geneformer_mlp_probe
GAGCAGAGTAAAGTCA_JIA_CD7_5,C2,C2,geneformer_mlp_probe
ACGCCAGCAGCTGTAT_JIA_CD7_3,Naïve-like ILC,CD56bright NK,geneformer_mlp_probe
GGGCATCTCCGCAGTG_JIA_Total_17,C3,C2,geneformer_mlp_probe
TCAGCTCCACGAGAGT_JIA_Total_10,CD56dim NK,CD56dim NK,geneformer_mlp_probe
CATGGCGGTTCGGGCT_JIA_Total_1,CD56bright NK,CD56bright NK,geneformer_mlp_probe
GACTAACCATTTGCCC_JIA_CD7_3,CD56dim NK,CD56dim NK,geneformer_mlp_probe
ACAGCTATCCTAAGTG_JIA_CD7_1,C3,C2,geneformer_mlp_probe
GCATGTAGTGACTACT_JIA_CD7_3,CD56dim NK,C1,geneformer_mlp_probe
AACTTTCAGCTTATCG_JIA_CD7_1,CD56dim NK,CD56dim NK,geneformer_mlp_probe
CTGCTGTAGACAGACC_JIA_CD7_1,C2,C2,geneformer_mlp_probe
ATGGGAGAGCTCCTCT_JIA_CD7_4,CD56dim NK,CD56dim NK,geneformer_mlp_probe
AGATCTGCACGAAATA_JIA_Total_1,CD56bright NK,CD56bright NK,geneformer_mlp_probe
AGGCCGTAGTGAAGAG_JIA_CD7_1,C2,C2,geneformer_mlp_probe
TGATTTCCATTGCGGC_JIA_Total_25,ILC2,ILC2,geneformer_mlp_probe
CACATTTCATAGTAAG_JIA_CD7_5,Naïve-like ILC,C2,geneformer_mlp_probe
GGTGGCTAGAGTCACG_JIA_CD45_1,ILC2,CD56bright NK,geneformer_mlp_probe
TGGACGCCACATCCGG_JIA_CD7_3,CD56bright NK,Cycling NK,geneformer_mlp_probe
GCGCGATGTACACCGC_JIA_CD7_1,CD56dim NK,CD56dim NK,geneformer_mlp_probe
TGGCCAGGTGATGATA_JIA_Total_17,Cycling NK,Cycling NK,geneformer_mlp_probe
AACTCCCTCTACTATC_JIA_Total_5,C1,CD56bright NK,geneformer_mlp_probe
CTCATTAGTTACGTCA_JIA_CD7_5,CD56bright NK,CD56dim NK,geneformer_mlp_probe
ACAGCTAGTCTTGCGG_JIA_CD7_5,Naïve-like ILC,Naïve-like ILC,geneformer_mlp_probe
CGAATGTTCCACGACG_JIA_CD7_2,CD56dim NK,CD56dim NK,geneformer_mlp_probe
TAAACCGGTAGCGCTC_JIA_Total_25,CD56bright NK,CD56bright NK,geneformer_mlp_probe
GTCGGGTGTAGAGCTG_JIA_CD7_2,C1,CD56dim NK,geneformer_mlp_probe
AGTAGTCGTACCGTTA_JIA_CD7_5,C1,C2,geneformer_mlp_probe
GAATAAGGTGCATCTA_JIA_Total_17,Cycling NK,Cycling NK,geneformer_mlp_probe
TTCTCCTCATCACGTA_JIA_Total_26,Naïve-like ILC,Naïve-like ILC,geneformer_mlp_probe
CCTACCAAGAGGGCTT_JIA_CD7_5,C2,C2,geneformer_mlp_probe
GTCAAGTAGTCTCCTC_JIA_Total_5,ILC3,C1,geneformer_mlp_probe
ACTGATGAGAGACGAA_JIA_Total_25,CD56bright NK,CD56bright NK,geneformer_mlp_probe
ATAGACCGTCTCCCTA_JIA_CD7_2,CD56dim NK,CD56dim NK,geneformer_mlp_probe
GCGAGAAGTGTGTGCC_JIA_CD7_3,CD56dim NK,CD56dim NK,geneformer_mlp_probe
GCGCCAATCCTCAATT_JIA_Total_1,Cycling NK,Cycling NK,geneformer_mlp_probe
CAAGTTGGTAAAGGAG_JIA_Total_20,C3,ILC2,geneformer_mlp_probe
ACAGCCGCATGGTAGG_JIA_CD7_5,CD56bright NK,CD56bright NK,geneformer_mlp_probe
CATGACAGTCTTCAAG_JIA_Total_5,C1,C1,geneformer_mlp_probe
GTGTTAGCACACCGAC_JIA_CD7_5,C2,Cycling NK,geneformer_mlp_probe
CACAGTAAGCCAGGAT_JIA_CD7_5,C2,C2,geneformer_mlp_probe
AGGGATGGTCCAAGTT_JIA_Total_7,CD56dim NK,C2,geneformer_mlp_probe
TTTACTGTCACCAGGC_JIA_CD7_1,CD56dim NK,C2,geneformer_mlp_probe
GTGCAGCGTCCGAACC_JIA_CD7_3,Naïve-like ILC,Naïve-like ILC,geneformer_mlp_probe
AGAGCTTGTCATGCAT_JIA_CD7_5,C1,C2,geneformer_mlp_probe
CGGAGCTGTGTTGAGG_JIA_CD7_2,C1,C1,geneformer_mlp_probe
TGACGGCCAGTATCTG_JIA_CD7_5,C1,CD56bright NK,geneformer_mlp_probe
GTCGGGTTCGCGCCAA_JIA_CD7_1,CD56dim NK,CD56dim NK,geneformer_mlp_probe
AGAATAGTCAGCACAT_JIA_CD7_5,CD56dim NK,CD56dim NK,geneformer_mlp_probe
GATGCTATCGCGTTTC_JIA_CD7_5,CD56dim NK,CD56dim NK,geneformer_mlp_probe
AGCGTCGCACTAGTAC_JIA_CD7_5,Cycling NK,Cycling NK,geneformer_mlp_probe
AGTGAGGAGGTAAACT_JIA_Total_26,C1,CD56dim NK,geneformer_mlp_probe
CGACCTTCATGCCACG_JIA_Total_5,C3,CD56bright NK,geneformer_mlp_probe
CACACCTGTTGCGTTA_JIA_Total_11,C3,C2,geneformer_mlp_probe
GCAAACTAGAGCTGGT_JIA_CD7_2,CD56dim NK,CD56dim NK,geneformer_mlp_probe
ACTTGTTAGTACGACG_JIA_CD7_3,CD56bright NK,C1,geneformer_mlp_probe
CTAGTGAAGGAGTTTA_JIA_CD7_5,CD56dim NK,CD56dim NK,geneformer_mlp_probe
TCAGCTCGTGCCTTGG_JIA_CD7_5,C3,C3,geneformer_mlp_probe
AAAGTAGAGTGAACGC_JIA_CD7_1,CD56dim NK,C2,geneformer_mlp_probe
CGCCAAGCAGCCAATT_JIA_Total_25,CD56dim NK,CD56dim NK,geneformer_mlp_probe
CGTAGGCAGGCAGTCA_JIA_Total_23,CD56dim NK,CD56dim NK,geneformer_mlp_probe
AGATCTGTCTTGCATT_JIA_Total_25,CD56bright NK,CD56bright NK,geneformer_mlp_probe
CGAGCCAGTGCACTTA_JIA_CD7_5,Naïve-like ILC,C1,geneformer_mlp_probe
GCGAGAAAGAATCTCC_JIA_Total_24,C2,C3,geneformer_mlp_probe
GCACTCTTCTAACTTC_JIA_CD7_5,CD56dim NK,C2,geneformer_mlp_probe
GGGTCTGGTCGCATAT_JIA_CD7_3,CD56dim NK,CD56dim NK,geneformer_mlp_probe
AGATCTGGTATGCTTG_JIA_CD7_4,CD56bright NK,CD56bright NK,geneformer_mlp_probe
TTGCCGTCAACACCTA_JIA_Total_25,CD56bright NK,CD56dim NK,geneformer_mlp_probe
CCGGGATGTTTGTGTG_JIA_CD7_5,C2,C2,geneformer_mlp_probe
CCTCAGTTCTTGTACT_JIA_CD7_5,CD56dim NK,CD56dim NK,geneformer_mlp_probe
GTTCATTAGATGTGTA_JIA_CD7_1,C2,Cycling NK,geneformer_mlp_probe
GATCAGTGTTACAGAA_JIA_Total_11,C1,C1,geneformer_mlp_probe
GGCGTGTTCTGTCTCG_JIA_CD7_5,C2,Cycling NK,geneformer_mlp_probe
GGGTCTGAGGCTAGAC_JIA_CD7_5,C2,C2,geneformer_mlp_probe
AATCCAGCAGGGAGAG_JIA_CD7_1,CD56dim NK,CD56dim NK,geneformer_mlp_probe
ACTGCTCAGACAGACC_JIA_Total_24,C1,C2,geneformer_mlp_probe
ATCCGAAAGATCTGCT_JIA_CD7_5,C2,CD56dim NK,geneformer_mlp_probe
TCCCGATTCTATCGCC_JIA_CD7_5,C2,C2,geneformer_mlp_probe
GCATGTACACATAACC_JIA_Total_1,CD56dim NK,Cycling NK,geneformer_mlp_probe
CCCAGTTGTAATTGGA_JIA_CD7_4,C3,C3,geneformer_mlp_probe
TGAGAGGGTCACCTAA_JIA_Total_10,ILC2,ILC2,geneformer_mlp_probe
CGAGCCAGTACGCACC_JIA_CD7_5,CD56bright NK,CD56dim NK,geneformer_mlp_probe
AACACGTTCTGGCGAC_JIA_CD7_3,CD56dim NK,CD56dim NK,geneformer_mlp_probe
ACAACCACAATATCCG_JIA_DC_1,C1,C1,geneformer_mlp_probe
AACACGTTCACGCATA_JIA_CD7_5,Naïve-like ILC,ILC3,geneformer_mlp_probe
ATTATCCTCGTCGTTC_JIA_CD7_2,CD56dim NK,CD56dim NK,geneformer_mlp_probe
TACGGATTCTATCCCG_JIA_CD7_5,CD56dim NK,CD56dim NK,geneformer_mlp_probe
ACACTGATCGGATGGA_JIA_CD7_5,C3,C2,geneformer_mlp_probe
GGTGAAGAGGAGTTTA_JIA_CD7_5,C2,C2,geneformer_mlp_probe
GGAAAGCAGGCCGAAT_JIA_Total_1,CD56dim NK,CD56dim NK,geneformer_mlp_probe
TGGACGCCATATACCG_JIA_CD7_1,C2,C2,geneformer_mlp_probe
AAGGAGCCAACTGCGC_JIA_CD7_1,CD56dim NK,CD56dim NK,geneformer_mlp_probe
ACACTGATCATGTAGC_JIA_Total_10,CD56dim NK,CD56dim NK,geneformer_mlp_probe
TCTTTCCCACATTAGC_JIA_Total_16,Cycling NK,Cycling NK,geneformer_mlp_probe
GCGCCAATCGGCGCAT_JIA_Total_17,C3,C2,geneformer_mlp_probe
CGTCTACCACGTAAGG_JIA_Total_14,C1,C1,geneformer_mlp_probe
GCATGTAGTTCGGCAC_JIA_CD7_3,CD56dim NK,CD56dim NK,geneformer_mlp_probe
CGATGGCTCACATACG_JIA_Total_4,ILC2,ILC2,geneformer_mlp_probe
CAAGAAATCAGATAAG_JIA_Total_25,Cycling NK,Cycling NK,geneformer_mlp_probe
ACGAGCCCAGCCTTGG_JIA_CD7_2,ILC3,C1,geneformer_mlp_probe
TCGCGAGTCAGAAATG_JIA_CD7_5,C1,C2,geneformer_mlp_probe
AAATGCCTCGTCTGCT_JIA_Total_11,Cycling NK,Cycling NK,geneformer_mlp_probe
CTACATTAGAAGATTC_JIA_CD7_5,Naïve-like ILC,ILC3,geneformer_mlp_probe
CGAGGCTAGTATTGCC_JIA_DC_1,C1,C1,geneformer_mlp_probe
GATCGTAAGCCCAACC_JIA_CD7_2,CD56dim NK,CD56dim NK,geneformer_mlp_probe
CAGCTAATCAGGTAAA_JIA_CD7_5,CD56dim NK,CD56dim NK,geneformer_mlp_probe
AACTCCCCATACGCCG_JIA_CD7_3,ILC2,ILC2,geneformer_mlp_probe
ATCATCTTCAGTTCGA_JIA_CD7_5,CD56dim NK,CD56dim NK,geneformer_mlp_probe
GCTGCGAAGCCCAACC_JIA_CD7_5,C2,CD56dim NK,geneformer_mlp_probe
AAGGTTCAGGAGTACC_JIA_CD7_3,CD56dim NK,CD56dim NK,geneformer_mlp_probe
CTAAGACTCGCTAGCG_JIA_CD7_3,CD56dim NK,CD56dim NK,geneformer_mlp_probe
AAACGGGTCTTAACCT_JIA_CD7_5,Cycling NK,C3,geneformer_mlp_probe
CGTCTACAGAGTGACC_JIA_CD7_2,C1,C1,geneformer_mlp_probe
TTAGGACAGACAAAGG_JIA_Total_10,CD56dim NK,CD56dim NK,geneformer_mlp_probe
AAATGCCGTTACGTCA_JIA_CD7_4,C2,C2,geneformer_mlp_probe
AAACCTGGTCACCCAG_JIA_Total_5,C1,Cycling NK,geneformer_mlp_probe
CACACCTCATTACCTT_JIA_Total_1,CD56bright NK,CD56bright NK,geneformer_mlp_probe
GAGTCCGGTGTTAAGA_JIA_CD7_3,C2,C2,geneformer_mlp_probe
TAGCCGGTCTGCGGCA_JIA_Total_25,CD56dim NK,CD56dim NK,geneformer_mlp_probe
CCGGGATGTTACGTCA_JIA_Total_26,Naïve-like ILC,C1,geneformer_mlp_probe
ACTGCTCGTTCAGACT_JIA_Total_25,CD56bright NK,CD56bright NK,geneformer_mlp_probe
GGATGTTCATATACGC_JIA_CD7_5,Cycling NK,Cycling NK,geneformer_mlp_probe
GTCATTTTCAAGGTAA_JIA_CD7_1,C2,CD56dim NK,geneformer_mlp_probe
ATCGAGTTCTTGTATC_JIA_Total_25,CD56dim NK,CD56dim NK,geneformer_mlp_probe
GATCGCGGTCGAATCT_JIA_CD7_4,C2,C2,geneformer_mlp_probe
TTCGAAGTCAAACCGT_JIA_CD7_4,CD56bright NK,ILC2,geneformer_mlp_probe
ACACCAAGTATAGTAG_JIA_CD7_4,Naïve-like ILC,Naïve-like ILC,geneformer_mlp_probe
ATCTGCCCAATCAGAA_JIA_Total_26,C1,C1,geneformer_mlp_probe
ATTTCTGGTTGCGCAC_JIA_Total_26,C1,C1,geneformer_mlp_probe
TTAGTTCCACACTGCG_JIA_CD7_5,CD56dim NK,CD56dim NK,geneformer_mlp_probe
CGAATGTAGAGAGCTC_JIA_CD7_5,CD56dim NK,CD56dim NK,geneformer_mlp_probe
ATCTGCCAGTTAGCGG_JIA_Total_7,Naïve-like ILC,Naïve-like ILC,geneformer_mlp_probe
TGCGTGGGTGAGTGAC_JIA_CD7_5,C3,C3,geneformer_mlp_probe
GTAACTGCATTACGAC_JIA_Total_17,C3,C3,geneformer_mlp_probe
CGGTTAAGTTCACGGC_JIA_CD7_5,C1,C1,geneformer_mlp_probe
AAGGTTCCAAGTTCTG_JIA_CD7_1,C2,C3,geneformer_mlp_probe
TGCGGGTTCTTAGCCC_JIA_Total_25,CD56bright NK,CD56bright NK,geneformer_mlp_probe
CTCGTCAGTGCAGACA_JIA_Total_10,CD56bright NK,CD56bright NK,geneformer_mlp_probe
AGGTCCGGTCTCTCGT_JIA_CD7_5,C2,C2,geneformer_mlp_probe
GACGCGTGTCCAACTA_JIA_CD7_3,C2,C2,geneformer_mlp_probe
CCCAATCAGTATCGAA_JIA_CD7_5,CD56bright NK,C1,geneformer_mlp_probe
CCAATCCTCCAACCAA_JIA_Total_13,CD56bright NK,CD56bright NK,geneformer_mlp_probe
TGTGTTTAGGCATTGG_JIA_Total_17,Cycling NK,C3,geneformer_mlp_probe
GTCAAGTGTTCCATGA_JIA_CD7_3,CD56dim NK,CD56dim NK,geneformer_mlp_probe
CATTATCTCCTCATTA_JIA_CD7_2,CD56bright NK,C1,geneformer_mlp_probe
CACTCCAAGAGGGATA_JIA_CD7_5,CD56dim NK,CD56dim NK,geneformer_mlp_probe
CTGAAGTTCGGCGGTT_JIA_CD7_5,Naïve-like ILC,C2,geneformer_mlp_probe
AGCGTCGCAATGGTCT_JIA_CD7_5,C3,C2,geneformer_mlp_probe
AACCATGTCCAGAGGA_JIA_CD7_5,Cycling NK,Cycling NK,geneformer_mlp_probe
TGAGCATCATGTTGAC_JIA_Total_5,C2,C1,geneformer_mlp_probe
TGAGGGAGTGTGGCTC_JIA_CD7_2,CD56bright NK,CD56bright NK,geneformer_mlp_probe
GTAGTCACATCGGGTC_JIA_CD7_1,C2,C2,geneformer_mlp_probe
GTTCATTCATGGTAGG_JIA_Total_4,CD56dim NK,CD56dim NK,geneformer_mlp_probe
TACGGGCGTTGTTTGG_JIA_CD7_5,C2,C2,geneformer_mlp_probe
CCACGGAAGTGTCCAT_JIA_CD7_1,CD56dim NK,CD56dim NK,geneformer_mlp_probe
CGTAGGCCACATTAGC_JIA_Total_2,C1,C1,geneformer_mlp_probe
CGTCTACTCAGATAAG_JIA_CD7_5,ILC3,ILC3,geneformer_mlp_probe
AGGGATGTCACATAGC_JIA_CD7_5,C2,C2,geneformer_mlp_probe
GTGTTAGCAGTGGAGT_JIA_Total_5,C1,C2,geneformer_mlp_probe
TTCTAGTAGGCAGGGA_JIA_DC_1,C2,C2,geneformer_mlp_probe
CTCGGGAAGGGTATCG_JIA_CD7_5,C2,C2,geneformer_mlp_probe
GATGCTACAGATGAGC_JIA_Total_24,C2,C1,geneformer_mlp_probe
GGACGTCCATCACGTA_JIA_CD7_2,CD56bright NK,CD56dim NK,geneformer_mlp_probe
ACTGCTCCAGCGATCC_JIA_CD7_5,C2,C2,geneformer_mlp_probe
CTACGTCTCATTTGGG_JIA_CD7_2,CD56bright NK,CD56dim NK,geneformer_mlp_probe
GCTTCCATCTCACATT_JIA_Total_25,CD56dim NK,CD56dim NK,geneformer_mlp_probe
CCTACACCAGGGTACA_JIA_CD7_1,C2,C2,geneformer_mlp_probe
CGTGTAAGTAAGTTCC_JIA_CD7_3,Naïve-like ILC,C1,geneformer_mlp_probe
CGTTCTGAGCCACGCT_JIA_Total_17,CD56bright NK,Cycling NK,geneformer_mlp_probe
CTAGAGTCAAGCGTAG_JIA_CD7_5,C1,CD56bright NK,geneformer_mlp_probe
TTAACTCCAACTTGAC_JIA_CD7_5,CD56bright NK,CD56bright NK,geneformer_mlp_probe
TGTCCCACACAACGTT_JIA_Total_20,C2,C2,geneformer_mlp_probe
TTCTTAGCACGTGAGA_JIA_CD7_5,ILC3,ILC3,geneformer_mlp_probe
ATCGAGTGTCGGCTCA_JIA_CD7_2,CD56bright NK,CD56bright NK,geneformer_mlp_probe
CGCGGTAAGAGTGAGA_JIA_CD7_5,CD56dim NK,CD56dim NK,geneformer_mlp_probe
CGTCTACGTCCATGAT_JIA_CD7_5,CD56bright NK,CD56bright NK,geneformer_mlp_probe
CTGCTGTGTGTTCGAT_JIA_CD7_5,CD56bright NK,CD56dim NK,geneformer_mlp_probe
GTAGTCAGTCTAGTCA_JIA_CD7_5,C2,CD56dim NK,geneformer_mlp_probe
CTACGTCAGGGAAACA_JIA_Total_4,CD56bright NK,CD56bright NK,geneformer_mlp_probe
CTACGTCCATGGGACA_JIA_Total_1,CD56dim NK,CD56dim NK,geneformer_mlp_probe
CATCCACTCGCGTTTC_JIA_Total_20,Cycling NK,C1,geneformer_mlp_probe
AGAGCGAGTTAAAGAC_JIA_CD7_3,CD56dim NK,CD56dim NK,geneformer_mlp_probe
CGTGTCTTCTGCCCTA_JIA_Total_10,CD56dim NK,CD56dim NK,geneformer_mlp_probe
GCTGCAGTCGAATGCT_JIA_CD7_5,CD56dim NK,CD56dim NK,geneformer_mlp_probe
AACCGCGCATAGACTC_JIA_Total_2,Naïve-like ILC,C2,geneformer_mlp_probe
GCTCTGTTCTCAACTT_JIA_Total_17,C3,CD56dim NK,geneformer_mlp_probe
CGTAGGCGTCAAAGCG_JIA_Total_26,Naïve-like ILC,CD56bright NK,geneformer_mlp_probe
GATGCTAGTGACTCAT_JIA_Total_7,CD56dim NK,CD56dim NK,geneformer_mlp_probe
TACCTATTCGACGGAA_JIA_Total_1,CD56bright NK,CD56bright NK,geneformer_mlp_probe
TCAGGTACACGCCAGT_JIA_CD7_5,C1,C1,geneformer_mlp_probe
GCGCAGTAGTACGTAA_JIA_Total_2,C1,C1,geneformer_mlp_probe
AGCTTGATCCGCATAA_JIA_Total_10,CD56bright NK,Naïve-like ILC,geneformer_mlp_probe
CGTCCATAGCCACTAT_JIA_CD7_5,Cycling NK,Cycling NK,geneformer_mlp_probe
CTACACCAGCCTCGTG_JIA_CD7_3,CD56dim NK,CD56dim NK,geneformer_mlp_probe
GAACGGAGTTCGCGAC_JIA_CD7_1,C2,C2,geneformer_mlp_probe
TGTATTCCAGCTGCTG_JIA_CD7_1,CD56bright NK,CD56bright NK,geneformer_mlp_probe
GGCGACTAGGACCACA_JIA_CD7_5,CD56dim NK,CD56dim NK,geneformer_mlp_probe
TACACGACACCTGGTG_JIA_Total_26,C1,Naïve-like ILC,geneformer_mlp_probe
GCAGTTAAGTGCTGCC_JIA_CD7_1,Naïve-like ILC,ILC2,geneformer_mlp_probe
CAGAGAGTCATTGCGA_JIA_CD7_2,CD56dim NK,CD56dim NK,geneformer_mlp_probe
GATCGCGGTTCCACTC_JIA_Total_19,CD56bright NK,CD56bright NK,geneformer_mlp_probe
TGGTTCCTCATGTGGT_JIA_CD7_5,C1,C2,geneformer_mlp_probe
GTGAAGGCAATCTACG_JIA_CD7_5,C1,C1,geneformer_mlp_probe
TACCTTAAGGACAGCT_JIA_CD7_3,CD56bright NK,ILC2,geneformer_mlp_probe
GTTCATTCACAGATTC_JIA_Total_25,CD56bright NK,CD56bright NK,geneformer_mlp_probe
TACTCATCAATCGAAA_JIA_Total_24,C2,C1,geneformer_mlp_probe
TATGCCCGTACTTAGC_JIA_Total_2,ILC2,C1,geneformer_mlp_probe
CGTTGGGTCAAGATCC_JIA_CD7_5,CD56bright NK,CD56bright NK,geneformer_mlp_probe
CTTGGCTAGATGTAAC_JIA_Total_25,CD56bright NK,CD56bright NK,geneformer_mlp_probe
TGAAAGATCCCTGACT_JIA_CD7_1,C2,CD56dim NK,geneformer_mlp_probe
CCTACACCAGACAAGC_JIA_CD7_5,C1,C2,geneformer_mlp_probe
CAGCCGACAAGGTGTG_JIA_CD7_5,C2,CD56dim NK,geneformer_mlp_probe
TGATTTCAGAGTACCG_JIA_Total_19,ILC2,ILC2,geneformer_mlp_probe
GGCTCGACACACATGT_JIA_CD7_5,C2,C2,geneformer_mlp_probe
GATCGCGTCTTGTACT_JIA_CD7_5,Cycling NK,C2,geneformer_mlp_probe
ATAAGAGTCTAACTGG_JIA_CD7_1,CD56dim NK,CD56dim NK,geneformer_mlp_probe
TGAGCATGTGTCGCTG_JIA_Total_24,C1,C1,geneformer_mlp_probe
TTGGAACGTAGCGCTC_JIA_CD7_3,ILC3,Naïve-like ILC,geneformer_mlp_probe
GGAATAAAGAAACGAG_JIA_Total_10,CD56dim NK,CD56dim NK,geneformer_mlp_probe
CGAGCCAAGTGCTGCC_JIA_CD7_5,Cycling NK,Cycling NK,geneformer_mlp_probe
GAAGCAGAGTCCAGGA_JIA_Total_17,C3,C2,geneformer_mlp_probe
TTAACTCAGCTGAAAT_JIA_CD7_1,CD56dim NK,CD56dim NK,geneformer_mlp_probe
CGAGCCACATTCCTGC_JIA_Total_25,CD56bright NK,CD56bright NK,geneformer_mlp_probe
TACACGATCTTGCATT_JIA_CD7_5,C2,ILC2,geneformer_mlp_probe
TCGCGAGTCGCATGGC_JIA_Total_23,Naïve-like ILC,CD56bright NK,geneformer_mlp_probe
TTAGTTCGTAGGGTAC_JIA_CD7_5,CD56dim NK,CD56dim NK,geneformer_mlp_probe
CTCAGAACACTCGACG_JIA_CD7_5,CD56bright NK,CD56bright NK,geneformer_mlp_probe
TACGGATGTCGGCATC_JIA_CD7_5,CD56bright NK,CD56bright NK,geneformer_mlp_probe
GTCAAGTGTGCCTTGG_JIA_CD7_5,CD56bright NK,CD56bright NK,geneformer_mlp_probe
TTTACTGAGAAGGCCT_JIA_CD7_5,C3,C3,geneformer_mlp_probe
CCTTCGACAGCTGGCT_JIA_CD7_5,CD56bright NK,CD56dim NK,geneformer_mlp_probe
CTCTGGTGTCGAAAGC_JIA_Total_25,CD56dim NK,CD56dim NK,geneformer_mlp_probe
CGGAGTCAGGATGGAA_JIA_Total_20,C1,CD56bright NK,geneformer_mlp_probe
GAAATGAGTAACGTTC_JIA_Total_10,CD56dim NK,CD56dim NK,geneformer_mlp_probe
CACACAAAGTGACTCT_JIA_CD7_5,C1,CD56bright NK,geneformer_mlp_probe
ATAACGCCAGATCTGT_JIA_CD7_4,Naïve-like ILC,ILC2,geneformer_mlp_probe
CGAACATGTGGAAAGA_JIA_Total_2,C2,CD56bright NK,geneformer_mlp_probe
TACAGTGGTTATCACG_JIA_Total_20,C1,CD56dim NK,geneformer_mlp_probe
CCGTTCATCTGCCCTA_JIA_CD7_1,C2,C2,geneformer_mlp_probe
TCTTCGGTCCCATTTA_JIA_CD7_5,CD56dim NK,CD56dim NK,geneformer_mlp_probe
GCATGATTCTGGTATG_JIA_CD7_5,CD56dim NK,CD56dim NK,geneformer_mlp_probe
CGTTGGGGTGATGCCC_JIA_CD7_2,C1,Naïve-like ILC,geneformer_mlp_probe
TCGTACCAGACGCAAC_JIA_Total_26,Naïve-like ILC,CD56bright NK,geneformer_mlp_probe
CCGTGGACATGTAAGA_JIA_CD7_5,CD56dim NK,CD56dim NK,geneformer_mlp_probe
CTGATAGAGCAACGGT_JIA_Total_2,C1,C1,geneformer_mlp_probe
CCACTTGGTCGTATGT_JIA_DC_1,CD56bright NK,C1,geneformer_mlp_probe
GTGTGCGTCAAGATCC_JIA_CD7_5,CD56dim NK,CD56dim NK,geneformer_mlp_probe
GTGCATATCTGAGGGA_JIA_CD7_5,Cycling NK,Cycling NK,geneformer_mlp_probe
GGGCACTAGAGGTACC_JIA_CD7_1,C2,CD56dim NK,geneformer_mlp_probe
ACTTACTCACTTAACG_JIA_CD7_5,C2,CD56bright NK,geneformer_mlp_probe
TGTATTCGTCGTGGCT_JIA_CD7_3,C2,CD56dim NK,geneformer_mlp_probe
CAGTAACCACCGGAAA_JIA_CD7_1,C2,C2,geneformer_mlp_probe
CGTAGGCGTTTCGCTC_JIA_CD7_3,CD56bright NK,CD56bright NK,geneformer_mlp_probe
GTAGTCAAGGGAACGG_JIA_CD7_5,CD56bright NK,CD56bright NK,geneformer_mlp_probe
CCCTCCTAGTCCCACG_JIA_CD7_2,Naïve-like ILC,Naïve-like ILC,geneformer_mlp_probe
ATAGACCCACGACTCG_JIA_CD7_5,CD56bright NK,CD56bright NK,geneformer_mlp_probe
AGAGCGAGTCGTGGCT_JIA_CD7_3,CD56dim NK,CD56dim NK,geneformer_mlp_probe
CCGGTAGTCTCGAGTA_JIA_CD7_5,CD56dim NK,CD56dim NK,geneformer_mlp_probe
CGAATGTTCTGTCCGT_JIA_Total_25,CD56bright NK,CD56bright NK,geneformer_mlp_probe
GAACGGATCACTCCTG_JIA_CD7_5,CD56dim NK,CD56dim NK,geneformer_mlp_probe
CTCGGAGCAGCGTCCA_JIA_CD7_4,C2,C2,geneformer_mlp_probe
ATGTGTGAGCCATCGC_JIA_CD7_5,CD56bright NK,CD56dim NK,geneformer_mlp_probe
AATCCAGGTACTTGAC_JIA_Total_1,CD56bright NK,CD56bright NK,geneformer_mlp_probe
ACGCAGCGTCATACTG_JIA_Total_25,CD56dim NK,CD56dim NK,geneformer_mlp_probe
GTCGTAAAGTGTACTC_JIA_CD7_5,CD56dim NK,CD56dim NK,geneformer_mlp_probe
CTACCCAGTCCAGTTA_JIA_Total_25,CD56dim NK,CD56dim NK,geneformer_mlp_probe
TAATCTCAGTGCAACG_JIA_DC_1,CD56bright NK,C1,geneformer_mlp_probe
ACAGCCGCACTTAACG_JIA_CD7_1,C2,C2,geneformer_mlp_probe
GCATGCGGTAGCGTGA_JIA_CD7_5,C3,C2,geneformer_mlp_probe
GCGGGTTGTTTGTTGG_JIA_CD7_5,C2,C2,geneformer_mlp_probe
GCTGCTTGTGCACTTA_JIA_Total_17,C3,CD56dim NK,geneformer_mlp_probe
ACCTGAAGTGCGTCGT_JIA_DC_1,C1,C1,geneformer_mlp_probe
TGGCGCAGTCTGATTG_JIA_Total_17,C2,CD56dim NK,geneformer_mlp_probe
AGCAGCCAGGTAGCTG_JIA_Total_1,Cycling NK,Cycling NK,geneformer_mlp_probe
CGAGCCATCACTATTC_JIA_CD7_5,C3,C3,geneformer_mlp_probe
CTGTTTACAGACAGGT_JIA_Total_20,Cycling NK,C3,geneformer_mlp_probe
CAAGGCCCACTCGACG_JIA_CD7_2,C1,CD56bright NK,geneformer_mlp_probe
AACACGTCAGTGGGAT_JIA_Total_20,C3,C3,geneformer_mlp_probe
AACTCCCCACCCATTC_JIA_CD7_2,CD56dim NK,CD56dim NK,geneformer_mlp_probe
TCGTACCCATCGGTTA_JIA_CD7_3,CD56dim NK,CD56dim NK,geneformer_mlp_probe
TGAGCCGTCGCAAACT_JIA_CD7_5,CD56bright NK,CD56bright NK,geneformer_mlp_probe
GAGCAGAGTTCAGTAC_JIA_CD7_5,C2,C2,geneformer_mlp_probe
CATTATCTCACCGGGT_JIA_CD7_5,C2,C2,geneformer_mlp_probe
AAACGGGTCCTGTACC_JIA_Total_1,Cycling NK,Cycling NK,geneformer_mlp_probe
CGTGTCTTCCTGTACC_JIA_CD7_5,Naïve-like ILC,ILC2,geneformer_mlp_probe
ATCGAGTGTACTTGAC_JIA_CD7_5,Cycling NK,Cycling NK,geneformer_mlp_probe
ACGGCCAAGCGTAGTG_JIA_CD7_3,C2,CD56dim NK,geneformer_mlp_probe
GTATCTTTCTCGGACG_JIA_CD7_1,CD56dim NK,CD56dim NK,geneformer_mlp_probe
CGAGCCATCAATACCG_JIA_Total_17,C1,CD56dim NK,geneformer_mlp_probe
CACACTCTCGATGAGG_JIA_Total_1,CD56dim NK,CD56dim NK,geneformer_mlp_probe
AACTGGTGTACAAGTA_JIA_CD7_5,CD56bright NK,CD56bright NK,geneformer_mlp_probe
CCTCAGTAGGCGTACA_JIA_Total_1,CD56bright NK,CD56bright NK,geneformer_mlp_probe
GACGTTACAACAACCT_JIA_CD7_2,CD56dim NK,CD56dim NK,geneformer_mlp_probe
ACTGATGTCAATAAGG_JIA_Total_1,Cycling NK,CD56dim NK,geneformer_mlp_probe
ACGGAGAAGTCCATAC_JIA_CD7_1,CD56dim NK,CD56dim NK,geneformer_mlp_probe
ACGTCAAAGTGGAGAA_JIA_Total_20,Cycling NK,Cycling NK,geneformer_mlp_probe
CAACCTCGTTCCATGA_JIA_Total_10,CD56dim NK,CD56dim NK,geneformer_mlp_probe
TGGTTCCTCTCTTATG_JIA_CD7_5,C2,C2,geneformer_mlp_probe
AAGGAGCCAGACGTAG_JIA_CD7_5,Cycling NK,Cycling NK,geneformer_mlp_probe
GGCTCGAGTCTAGCGC_JIA_CD7_5,C1,CD56bright NK,geneformer_mlp_probe
TTCGAAGGTCCTCTTG_JIA_CD7_2,CD56dim NK,CD56dim NK,geneformer_mlp_probe
GCATACAGTTATTCTC_JIA_Total_16,CD56bright NK,CD56bright NK,geneformer_mlp_probe
CGGAGCTGTATGGTTC_JIA_CD7_5,CD56dim NK,CD56dim NK,geneformer_mlp_probe
TATTACCGTTCCATGA_JIA_CD7_5,C2,C2,geneformer_mlp_probe
TACAGTGCAAACTGCT_JIA_Total_2,C1,C1,geneformer_mlp_probe
GGGATGAGTTTGACTG_JIA_Total_25,CD56bright NK,C1,geneformer_mlp_probe
TCAGATGAGCTAGTGG_JIA_Total_17,Cycling NK,CD56dim NK,geneformer_mlp_probe
TGGCGCACACATGACT_JIA_CD7_1,C2,C2,geneformer_mlp_probe
TAGTTGGGTTTGGCGC_JIA_CD7_5,C2,C2,geneformer_mlp_probe
GGACGTCGTCTTCGTC_JIA_CD7_3,CD56dim NK,CD56dim NK,geneformer_mlp_probe
TATGCCCAGCAGGTCA_JIA_CD7_5,C2,CD56dim NK,geneformer_mlp_probe
GTAGGCCCATCACGAT_JIA_CD7_4,C2,C2,geneformer_mlp_probe
AGGTCCGCATAGAAAC_JIA_Total_2,C1,C1,geneformer_mlp_probe
AAGGTTCAGACTTTCG_JIA_CD7_1,CD56dim NK,CD56dim NK,geneformer_mlp_probe
GGAATAACAAGACGTG_JIA_Total_2,C3,C1,geneformer_mlp_probe
CACCACTTCTCGTATT_JIA_Total_25,CD56dim NK,CD56dim NK,geneformer_mlp_probe
GTCACGGAGTTGTCGT_JIA_CD7_5,C2,C2,geneformer_mlp_probe
TCAGCTCGTTGTGGCC_JIA_CD7_1,CD56dim NK,CD56dim NK,geneformer_mlp_probe
TTAGGCAGTGTGACCC_JIA_Total_5,C1,CD56bright NK,geneformer_mlp_probe
CATCCACTCGTCCAGG_JIA_CD7_1,CD56dim NK,CD56dim NK,geneformer_mlp_probe
TGGTTCCAGGGTCTCC_JIA_CD7_5,C2,C2,geneformer_mlp_probe
AACACGTCAAGCCGTC_JIA_CD7_1,CD56dim NK,CD56dim NK,geneformer_mlp_probe
TGCGTGGCATGCCTAA_JIA_CD7_5,C2,C2,geneformer_mlp_probe
ATCGAGTGTGCGGTAA_JIA_CD7_1,C2,C2,geneformer_mlp_probe
GACCAATCACGAAATA_JIA_Total_20,C3,CD56bright NK,geneformer_mlp_probe
AGAGCTTAGCTGAAAT_JIA_Total_4,CD56bright NK,CD56bright NK,geneformer_mlp_probe
CGTTCTGAGCACACAG_JIA_Total_20,C1,C2,geneformer_mlp_probe
CCCATACGTCGATTGT_JIA_CD7_2,CD56dim NK,CD56dim NK,geneformer_mlp_probe
TGGGAAGTCGACCAGC_JIA_CD7_1,C2,C2,geneformer_mlp_probe
GGGCATCCACGCGAAA_JIA_CD7_5,ILC3,CD56bright NK,geneformer_mlp_probe
GGACATTTCGGCGGTT_JIA_Total_1,CD56bright NK,CD56bright NK,geneformer_mlp_probe
GTATCTTAGGATGGTC_JIA_CD7_5,C2,CD56dim NK,geneformer_mlp_probe
TGGTTAGGTATCACCA_JIA_CD7_5,C2,C2,geneformer_mlp_probe
TATGCCCCATTCTCAT_JIA_CD7_4,C2,C2,geneformer_mlp_probe
GACTGCGGTTAAGTAG_JIA_CD7_1,C2,CD56dim NK,geneformer_mlp_probe
CATCGTCTCTGACCCT_JIA_DC_1,Naïve-like ILC,C1,geneformer_mlp_probe
AGTTGGTAGTGGACGT_JIA_Total_1,CD56bright NK,CD56bright NK,geneformer_mlp_probe
CAAGTTGCAGCTCGCA_JIA_CD7_5,CD56dim NK,CD56dim NK,geneformer_mlp_probe
ACTGATGGTACATGTC_JIA_CD7_5,CD56bright NK,CD56bright NK,geneformer_mlp_probe
CCGTGGATCCCATTTA_JIA_CD7_3,CD56dim NK,CD56dim NK,geneformer_mlp_probe
GGCAATTCACGGCGTT_JIA_Total_2,C1,C1,geneformer_mlp_probe
CGTAGGCGTTTGGCGC_JIA_Total_13,CD56dim NK,CD56dim NK,geneformer_mlp_probe
TTAACTCAGGCTAGAC_JIA_CD7_5,CD56bright NK,CD56bright NK,geneformer_mlp_probe
ACATGGTGTTCAGTAC_JIA_Total_24,C1,C1,geneformer_mlp_probe
TGCACCTAGGAGTCTG_JIA_Total_1,CD56bright NK,CD56bright NK,geneformer_mlp_probe
CGACCTTAGCCGCCTA_JIA_CD7_5,C2,C2,geneformer_mlp_probe
GGGCATCGTTTAGGAA_JIA_CD7_5,C2,C1,geneformer_mlp_probe
GACGGCTCACCCATGG_JIA_CD7_1,C3,CD56dim NK,geneformer_mlp_probe
CGGTTAACATGCTAGT_JIA_CD7_5,CD56bright NK,CD56bright NK,geneformer_mlp_probe
CATGCCTGTTGAACTC_JIA_Total_24,C2,C3,geneformer_mlp_probe
AAGTCTGGTTCTGAAC_JIA_CD7_5,Naïve-like ILC,Naïve-like ILC,geneformer_mlp_probe
CTCTAATCAATAGAGT_JIA_CD7_5,C2,C2,geneformer_mlp_probe
CAAGGCCGTAGAGTGC_JIA_CD7_5,CD56bright NK,CD56bright NK,geneformer_mlp_probe
CGCTGGAGTCCGAGTC_JIA_CD7_5,C2,C2,geneformer_mlp_probe
CACCAGGGTATCACCA_JIA_Total_20,C3,C3,geneformer_mlp_probe
GACTAACAGAAGCCCA_JIA_CD7_5,C2,C2,geneformer_mlp_probe
CTGATAGCAAGCCGCT_JIA_Total_2,C2,C2,geneformer_mlp_probe
CAGTAACGTCCAGTGC_JIA_Total_25,CD56dim NK,CD56dim NK,geneformer_mlp_probe
GCTGGGTGTCGCGGTT_JIA_CD7_2,Naïve-like ILC,Naïve-like ILC,geneformer_mlp_probe
CTCTGGTTCATACGGT_JIA_CD7_5,ILC2,C3,geneformer_mlp_probe
CGACCTTCACATGGGA_JIA_CD7_1,CD56bright NK,CD56bright NK,geneformer_mlp_probe
ACGGGCTTCTAGCACA_JIA_CD7_5,CD56bright NK,CD56bright NK,geneformer_mlp_probe
CACCACTCAGGGAGAG_JIA_CD7_5,C3,C3,geneformer_mlp_probe
TGGTTAGCACGGACAA_JIA_CD7_5,Naïve-like ILC,Naïve-like ILC,geneformer_mlp_probe
AGAGTGGAGCGCCTCA_JIA_CD7_5,CD56bright NK,CD56bright NK,geneformer_mlp_probe
TGACTTTCAATGAAAC_JIA_CD7_5,C2,C2,geneformer_mlp_probe
ACATGGTTCCTAGAAC_JIA_CD7_5,CD56bright NK,CD56bright NK,geneformer_mlp_probe
CTCGAGGAGACGCACA_JIA_Total_20,C2,C2,geneformer_mlp_probe
TCTCTAACAACACCTA_JIA_Total_2,C1,Naïve-like ILC,geneformer_mlp_probe
GTACTTTAGCTACCTA_JIA_CD7_1,CD56dim NK,CD56dim NK,geneformer_mlp_probe
CGTCCATGTCTAGGTT_JIA_CD7_5,CD56bright NK,CD56bright NK,geneformer_mlp_probe
TTGGCAATCGTCTGAA_JIA_CD7_5,Naïve-like ILC,ILC2,geneformer_mlp_probe
GGTGAAGGTTATCACG_JIA_Total_5,C1,CD56bright NK,geneformer_mlp_probe
TTGAACGGTGGTCCGT_JIA_CD7_1,CD56dim NK,CD56dim NK,geneformer_mlp_probe
TCATTTGAGTGTTGAA_JIA_CD7_5,C2,Cycling NK,geneformer_mlp_probe
TCTCTAAAGTAGCGGT_JIA_Total_23,CD56bright NK,CD56bright NK,geneformer_mlp_probe
GGATGTTGTTCCACAA_JIA_Total_19,CD56bright NK,CD56bright NK,geneformer_mlp_probe
GAGTCCGCACAGTCGC_JIA_CD7_1,CD56dim NK,CD56dim NK,geneformer_mlp_probe
CATGGCGCAGTACACT_JIA_Total_1,CD56bright NK,CD56bright NK,geneformer_mlp_probe
GACTAACAGGTGACCA_JIA_CD7_5,C1,C2,geneformer_mlp_probe
ATCATCTCAGGGCATA_JIA_CD7_1,C1,C1,geneformer_mlp_probe
GAGGTGAGTACTTAGC_JIA_CD7_1,C2,C2,geneformer_mlp_probe
CGACCTTTCAACGCTA_JIA_CD7_5,CD56bright NK,CD56bright NK,geneformer_mlp_probe
AAGGAGCGTCTAGCCG_JIA_CD7_5,C2,C2,geneformer_mlp_probe
AGAGCGAGTCCGACGT_JIA_CD7_3,C1,C1,geneformer_mlp_probe
GCAATCAAGCTAAGAT_JIA_CD7_1,CD56dim NK,CD56dim NK,geneformer_mlp_probe
ATCATGGAGGTAAACT_JIA_Total_19,CD56dim NK,CD56dim NK,geneformer_mlp_probe
GACGTGCCAGATCCAT_JIA_CD7_5,C2,C2,geneformer_mlp_probe
AAGGAGCCATATACCG_JIA_Total_25,CD56dim NK,CD56dim NK,geneformer_mlp_probe
GTGCAGCAGCGGATCA_JIA_CD7_5,C2,C2,geneformer_mlp_probe
AAGCCGCTCACTGGGC_JIA_Total_19,CD56bright NK,CD56bright NK,geneformer_mlp_probe
CATGACAGTCAGAGGT_JIA_CD7_5,C2,Naïve-like ILC,geneformer_mlp_probe
GGCGTGTTCATCTGTT_JIA_CD7_5,CD56bright NK,CD56bright NK,geneformer_mlp_probe
ACGGAGAAGAACAATC_JIA_Total_20,C2,C3,geneformer_mlp_probe
CACATAGAGAAACGCC_JIA_CD7_5,CD56dim NK,CD56dim NK,geneformer_mlp_probe
CGGACTGAGGAGTTTA_JIA_Total_1,CD56dim NK,CD56dim NK,geneformer_mlp_probe
GAACCTATCTCCAACC_JIA_CD7_5,C3,C3,geneformer_mlp_probe
CAGCCGATCAGAGGTG_JIA_CD7_5,C1,CD56bright NK,geneformer_mlp_probe
AAAGATGAGGCTAGAC_JIA_Total_19,CD56bright NK,CD56dim NK,geneformer_mlp_probe
GCTCCTAAGACAAAGG_JIA_CD7_1,C2,C2,geneformer_mlp_probe
CGTGAGCGTGGTACAG_JIA_CD7_5,ILC3,ILC2,geneformer_mlp_probe
GGGAGATAGGGAGTAA_JIA_Total_17,C1,C1,geneformer_mlp_probe
CCGGTAGTCGGCCGAT_JIA_CD7_5,C2,C2,geneformer_mlp_probe
ATCCGAAGTCTGCAAT_JIA_Total_17,C2,C1,geneformer_mlp_probe
TCTCTAAAGCACAGGT_JIA_CD7_1,CD56dim NK,CD56dim NK,geneformer_mlp_probe
GAACGGACATCCCATC_JIA_CD7_3,C3,CD56dim NK,geneformer_mlp_probe
GAAGGGTCAGAGGTAC_JIA_DC_1,C1,C1,geneformer_mlp_probe
AGCGTATCAAGTAGTA_JIA_CD7_2,CD56dim NK,CD56dim NK,geneformer_mlp_probe
GGAGCAACATGGTTGT_JIA_Total_4,Cycling NK,C1,geneformer_mlp_probe
CATGACAAGACAAGCC_JIA_CD7_5,C2,Cycling NK,geneformer_mlp_probe
TGACGGCAGTGGACGT_JIA_Total_17,C1,CD56bright NK,geneformer_mlp_probe
CACAGTAAGGAGTTGC_JIA_CD7_5,CD56dim NK,CD56dim NK,geneformer_mlp_probe
TGCTGCTCATGCCTTC_JIA_Total_20,CD56bright NK,CD56bright NK,geneformer_mlp_probe
TGGTTCCCAAATTGCC_JIA_Total_26,C1,CD56bright NK,geneformer_mlp_probe
CATATGGGTTGATTGC_JIA_CD7_5,C1,CD56bright NK,geneformer_mlp_probe
CTGATCCTCGTCTGCT_JIA_CD7_5,CD56bright NK,C2,geneformer_mlp_probe
GTCTTCGTCCTGCCAT_JIA_Total_1,CD56dim NK,CD56dim NK,geneformer_mlp_probe
TGAGAGGGTCCGCTGA_JIA_CD7_5,C2,C2,geneformer_mlp_probe
TTCTACATCAGCTCGG_JIA_CD7_5,CD56bright NK,CD56bright NK,geneformer_mlp_probe
TTGCGTCGTTGCTCCT_JIA_CD7_5,C1,C1,geneformer_mlp_probe
CGCCAAGAGCAGGTCA_JIA_Total_16,CD56dim NK,CD56dim NK,geneformer_mlp_probe
CTCGGGAGTCACTGGC_JIA_CD7_1,CD56bright NK,Naïve-like ILC,geneformer_mlp_probe
ACGATGTGTCAAACTC_JIA_Total_5,C1,CD56bright NK,geneformer_mlp_probe
GTACGTAAGTAGATGT_JIA_Total_17,C1,C1,geneformer_mlp_probe
CGGACTGAGCTATGCT_JIA_CD7_1,CD56dim NK,CD56dim NK,geneformer_mlp_probe
TTGCCGTTCAGTTCGA_JIA_CD7_5,C2,Naïve-like ILC,geneformer_mlp_probe
GAACATCAGCAATATG_JIA_Total_19,ILC2,ILC2,geneformer_mlp_probe
CTCACACTCGGCGCAT_JIA_CD7_5,C1,CD56bright NK,geneformer_mlp_probe
CGGAGTCAGAAGCCCA_JIA_Total_17,C1,C1,geneformer_mlp_probe
AACTGGTCAGGGCATA_JIA_Total_1,Cycling NK,Cycling NK,geneformer_mlp_probe
GGGTTGCGTGGTGTAG_JIA_CD7_4,CD56bright NK,CD56bright NK,geneformer_mlp_probe
CACATAGTCCTGCCAT_JIA_Total_25,CD56bright NK,CD56bright NK,geneformer_mlp_probe
TGCGGGTTCTGACCTC_JIA_CD7_1,C2,C3,geneformer_mlp_probe
AACTTTCAGCCACCTG_JIA_Total_17,C3,CD56bright NK,geneformer_mlp_probe
AGCAGCCCACGACTCG_JIA_Total_13,CD56bright NK,Naïve-like ILC,geneformer_mlp_probe
ACGAGGACAGCTTCGG_JIA_CD7_2,Naïve-like ILC,C1,geneformer_mlp_probe
GCACATATCACGCATA_JIA_CD7_3,C2,C2,geneformer_mlp_probe
CGTAGCGTCTGTCAAG_JIA_Total_25,CD56dim NK,CD56dim NK,geneformer_mlp_probe
GGAATAATCTCGGACG_JIA_CD7_2,Naïve-like ILC,C1,geneformer_mlp_probe
TCTTTCCCAGCTTCGG_JIA_CD7_5,CD56bright NK,CD56bright NK,geneformer_mlp_probe
CGATGTACACACCGAC_JIA_CD7_5,CD56bright NK,CD56bright NK,geneformer_mlp_probe
CTGCTGTGTAGCGCTC_JIA_CD7_5,CD56dim NK,CD56dim NK,geneformer_mlp_probe
CTCTAATCAACGATGG_JIA_CD7_5,CD56dim NK,CD56dim NK,geneformer_mlp_probe
GAACCTACACGGACAA_JIA_CD7_3,C1,C1,geneformer_mlp_probe
GGCTCGAAGATCGATA_JIA_Total_20,C2,C2,geneformer_mlp_probe
ATTCTACGTTGGGACA_JIA_CD7_5,C2,CD56bright NK,geneformer_mlp_probe
TACGGTAAGGGAAACA_JIA_CD7_1,C3,CD56dim NK,geneformer_mlp_probe
TAGACCAAGAAGCCCA_JIA_CD7_5,C2,C2,geneformer_mlp_probe
TCGGGACAGTGTTGAA_JIA_Total_25,CD56dim NK,CD56dim NK,geneformer_mlp_probe
GACTAACCAAGCGCTC_JIA_Total_1,CD56bright NK,CD56bright NK,geneformer_mlp_probe
TTTCCTCGTACAGACG_JIA_CD7_5,CD56bright NK,CD56bright NK,geneformer_mlp_probe
TAGCCGGTCATCTGCC_JIA_Total_20,C3,C3,geneformer_mlp_probe
CAGCATAGTACCATCA_JIA_CD7_5,C2,C2,geneformer_mlp_probe
CTAGCCTCAGGCAGTA_JIA_Total_13,CD56dim NK,CD56dim NK,geneformer_mlp_probe
GGCTGGTAGCTAGGCA_JIA_CD7_5,CD56dim NK,CD56dim NK,geneformer_mlp_probe
TTTGGTTAGCGATATA_JIA_Total_1,CD56dim NK,CD56dim NK,geneformer_mlp_probe
CACCTTGTCATGTCCC_JIA_CD7_1,Cycling NK,Cycling NK,geneformer_mlp_probe
TCGGGACGTTTGTTGG_JIA_CD7_5,CD56dim NK,CD56dim NK,geneformer_mlp_probe
TGATTTCTCGAATGGG_JIA_CD7_5,CD56dim NK,CD56dim NK,geneformer_mlp_probe
CCACTACTCGCACTCT_JIA_CD7_5,C2,CD56bright NK,geneformer_mlp_probe
CGTCAGGGTACCTACA_JIA_CD7_3,C2,C2,geneformer_mlp_probe
GGACAGAAGCTCCCAG_JIA_Total_24,ILC2,C1,geneformer_mlp_probe
TAAACCGCATAGGATA_JIA_Total_7,CD56dim NK,CD56dim NK,geneformer_mlp_probe
CGTAGGCTCAGCCTAA_JIA_CD7_5,C2,C2,geneformer_mlp_probe
ATCTACTCAAGGCTCC_JIA_CD7_5,C2,CD56dim NK,geneformer_mlp_probe
AAGACCTAGGCATTGG_JIA_Total_17,C1,C2,geneformer_mlp_probe
AAATGCCCAAGGCTCC_JIA_Total_1,CD56dim NK,CD56dim NK,geneformer_mlp_probe
TAAGCGTAGCGATCCC_JIA_CD7_5,C2,CD56dim NK,geneformer_mlp_probe
TCAGCAAGTGTTCTTT_JIA_CD7_2,CD56dim NK,CD56dim NK,geneformer_mlp_probe
ACCGTAAAGGGCACTA_JIA_Total_17,C1,Cycling NK,geneformer_mlp_probe
CAGCATAAGAGGTACC_JIA_CD7_5,CD56dim NK,CD56dim NK,geneformer_mlp_probe
GAACGGAGTCTAGTCA_JIA_Total_25,CD56bright NK,C1,geneformer_mlp_probe
TCATTACGTTTGGGCC_JIA_Total_17,C3,CD56dim NK,geneformer_mlp_probe
CCACTACTCACCAGGC_JIA_CD7_2,CD56bright NK,CD56bright NK,geneformer_mlp_probe
TGCTGCTCAGGACGTA_JIA_CD7_5,C1,CD56bright NK,geneformer_mlp_probe
CACATTTTCTGAGTGT_JIA_CD7_5,C3,C3,geneformer_mlp_probe
CACAGGCTCCTAGGGC_JIA_Total_19,CD56bright NK,CD56bright NK,geneformer_mlp_probe
TTAACTCCAACTGCTA_JIA_Total_20,C1,CD56bright NK,geneformer_mlp_probe
CTGATAGGTTCGCGAC_JIA_Total_26,C1,CD56bright NK,geneformer_mlp_probe
CTCATTATCGTCCAGG_JIA_CD7_5,C1,C2,geneformer_mlp_probe
CTGTTTACACGAGGTA_JIA_CD7_5,CD56bright NK,CD56bright NK,geneformer_mlp_probe
CTAACTTTCGTCGTTC_JIA_CD7_2,Naïve-like ILC,Naïve-like ILC,geneformer_mlp_probe
CGTTGGGAGAATGTGT_JIA_Total_20,C2,C2,geneformer_mlp_probe
GACGTGCGTTTAGGAA_JIA_CD7_5,CD56dim NK,CD56dim NK,geneformer_mlp_probe
ACGAGGAGTTTGCATG_JIA_Total_17,C1,CD56bright NK,geneformer_mlp_probe
CACACAAGTGACTACT_JIA_Total_4,CD56dim NK,CD56dim NK,geneformer_mlp_probe
GTCCTCATCACATACG_JIA_CD7_1,CD56dim NK,CD56dim NK,geneformer_mlp_probe
CAGATCACATTAGGCT_JIA_CD7_5,C2,C2,geneformer_mlp_probe
AGCTTGATCGGAATCT_JIA_CD7_5,CD56dim NK,CD56dim NK,geneformer_mlp_probe
TTGACTTGTTAGAACA_JIA_CD7_1,CD56dim NK,C2,geneformer_mlp_probe
AGCATACTCAGAAATG_JIA_Total_25,CD56dim NK,CD56dim NK,geneformer_mlp_probe
CCTATTATCAACACAC_JIA_Total_19,Cycling NK,Cycling NK,geneformer_mlp_probe
TTAGGCACACCTATCC_JIA_Total_20,C3,C3,geneformer_mlp_probe
GGGATGACACATTAGC_JIA_Total_20,C2,C1,geneformer_mlp_probe
AACACGTTCGCTAGCG_JIA_CD7_5,Cycling NK,Cycling NK,geneformer_mlp_probe
GGTATTGGTCGTGGCT_JIA_Total_16,CD56dim NK,CD56dim NK,geneformer_mlp_probe
GACCTGGTCCAAGCCG_JIA_Total_17,C2,C2,geneformer_mlp_probe
AGCGTCGCACTCTGTC_JIA_Total_25,CD56dim NK,CD56dim NK,geneformer_mlp_probe
GTCACGGAGCGATATA_JIA_CD7_5,CD56dim NK,CD56dim NK,geneformer_mlp_probe
GATCAGTAGAGTACCG_JIA_Total_19,CD56dim NK,CD56dim NK,geneformer_mlp_probe
TTCCCAGAGGCTACGA_JIA_CD7_5,CD56dim NK,CD56dim NK,geneformer_mlp_probe
CGGGTCAGTGTTCGAT_JIA_CD7_1,C2,C3,geneformer_mlp_probe
ATTACTCGTCTTGCGG_JIA_CD7_5,CD56dim NK,CD56dim NK,geneformer_mlp_probe
TCTGAGAAGTCTTGCA_JIA_Total_25,CD56dim NK,CD56dim NK,geneformer_mlp_probe
GAACATCGTGGAAAGA_JIA_CD7_5,C2,CD56bright NK,geneformer_mlp_probe
GCTCCTATCAACACCA_JIA_Total_20,C1,CD56bright NK,geneformer_mlp_probe
TTAGGACAGATCACGG_JIA_CD7_5,CD56dim NK,CD56dim NK,geneformer_mlp_probe
CATCAAGCAAGTACCT_JIA_CD7_1,C2,CD56dim NK,geneformer_mlp_probe
CTAACTTTCAGTCCCT_JIA_Total_19,CD56bright NK,CD56bright NK,geneformer_mlp_probe
GCATACACAGCTTAAC_JIA_CD7_5,C1,CD56dim NK,geneformer_mlp_probe
TAGAGCTGTATTCTCT_JIA_CD7_5,CD56dim NK,CD56bright NK,geneformer_mlp_probe
GTGAAGGCAGTCAGAG_JIA_CD7_5,CD56dim NK,CD56dim NK,geneformer_mlp_probe
ACTGCTCGTGTTCTTT_JIA_CD7_3,CD56dim NK,CD56dim NK,geneformer_mlp_probe
ATGGGAGCAGACAAGC_JIA_CD7_5,C3,CD56dim NK,geneformer_mlp_probe
TACACGAAGGCGACAT_JIA_CD7_5,CD56dim NK,CD56dim NK,geneformer_mlp_probe
GTAGTCAGTATTCGTG_JIA_CD7_5,CD56dim NK,CD56dim NK,geneformer_mlp_probe
AAACGGGGTAGAGTGC_JIA_CD7_5,C2,C2,geneformer_mlp_probe
GCGCAGTCACTTAACG_JIA_CD7_5,Cycling NK,Cycling NK,geneformer_mlp_probe
TTCTCCTAGGAGCGTT_JIA_Total_19,CD56bright NK,CD56dim NK,geneformer_mlp_probe
TGACTAGAGAAACGCC_JIA_Total_4,CD56bright NK,CD56bright NK,geneformer_mlp_probe
CCTACCATCCAGAGGA_JIA_Total_19,CD56dim NK,CD56dim NK,geneformer_mlp_probe
GTTCGGGCATGTCGAT_JIA_CD7_5,C2,C2,geneformer_mlp_probe
CGCCAAGGTGTGCGTC_JIA_Total_20,ILC3,ILC2,geneformer_mlp_probe
GTGCTTCGTCGTTGTA_JIA_CD7_5,C2,C2,geneformer_mlp_probe
CGACTTCAGTGAACGC_JIA_Total_1,CD56dim NK,CD56dim NK,geneformer_mlp_probe
TTGCCGTGTTTGGCGC_JIA_CD7_5,CD56dim NK,CD56dim NK,geneformer_mlp_probe
TGTTCCGCATGCGCAC_JIA_Total_19,ILC2,ILC2,geneformer_mlp_probe
GTATCTTAGTCAAGCG_JIA_Total_4,CD56dim NK,CD56dim NK,geneformer_mlp_probe
TGAGCATGTTCGGCAC_JIA_CD7_5,C2,C3,geneformer_mlp_probe
AGTGGGACACCCTATC_JIA_Total_17,C1,C1,geneformer_mlp_probe
ATCCACCGTCCAGTGC_JIA_CD7_5,CD56dim NK,CD56dim NK,geneformer_mlp_probe
ATAAGAGGTACAGTGG_JIA_CD7_5,ILC2,ILC2,geneformer_mlp_probe
ACCTTTAGTCTACCTC_JIA_CD7_5,CD56bright NK,C2,geneformer_mlp_probe
CTTAGGATCTGCGTAA_JIA_Total_19,CD56dim NK,CD56dim NK,geneformer_mlp_probe
GAGTCCGTCACGACTA_JIA_Total_2,C1,CD56bright NK,geneformer_mlp_probe
GCATGTATCGGAATCT_JIA_Total_2,C1,C2,geneformer_mlp_probe
CCATTCGTCGTATCAG_JIA_CD7_5,CD56bright NK,CD56bright NK,geneformer_mlp_probe
GAACGGATCCCGACTT_JIA_CD7_1,C2,CD56dim NK,geneformer_mlp_probe
GCACATAAGTGTACCT_JIA_Total_1,CD56dim NK,CD56dim NK,geneformer_mlp_probe
TAAGCGTGTACTCTCC_JIA_CD7_5,CD56bright NK,CD56bright NK,geneformer_mlp_probe
CTGAAACTCCAAGCCG_JIA_Total_4,CD56bright NK,CD56bright NK,geneformer_mlp_probe
GTGAAGGGTGGTACAG_JIA_Total_24,C2,CD56bright NK,geneformer_mlp_probe
CGAGAAGTCCAAAGTC_JIA_Total_20,C1,C1,geneformer_mlp_probe
CTGTTTACACACGCTG_JIA_CD7_5,CD56dim NK,CD56dim NK,geneformer_mlp_probe
TAAACCGTCTACTATC_JIA_CD7_5,CD56dim NK,CD56dim NK,geneformer_mlp_probe
TGCTACCGTCAGATAA_JIA_Total_2,C1,C1,geneformer_mlp_probe
GGATTACAGAAGGCCT_JIA_Total_17,CD56bright NK,CD56dim NK,geneformer_mlp_probe
TGTCCCACATCCGTGG_JIA_CD7_5,CD56dim NK,CD56dim NK,geneformer_mlp_probe
ATCCACCGTCTGATCA_JIA_Total_20,C2,C3,geneformer_mlp_probe
TCAGGTACAGTCGTGC_JIA_Total_1,CD56dim NK,CD56dim NK,geneformer_mlp_probe
CAAGATCCAGGAACGT_JIA_CD7_5,CD56bright NK,CD56bright NK,geneformer_mlp_probe
AAGACCTCAGGACCCT_JIA_Total_1,CD56bright NK,CD56bright NK,geneformer_mlp_probe
GATCTAGGTACAAGTA_JIA_Total_20,C1,ILC3,geneformer_mlp_probe
CAGGTGCAGACTTTCG_JIA_Total_20,C3,C3,geneformer_mlp_probe
TAAGAGAAGCTAGCCC_JIA_Total_1,CD56dim NK,CD56dim NK,geneformer_mlp_probe
GATGCTACACTGTTAG_JIA_Total_19,CD56dim NK,CD56bright NK,geneformer_mlp_probe
GACGTTACACAGGTTT_JIA_CD7_5,CD56dim NK,CD56dim NK,geneformer_mlp_probe
GTTACAGTCCCATTTA_JIA_Total_25,CD56dim NK,C3,geneformer_mlp_probe
CCTACCAAGTGCCATT_JIA_Total_20,C1,CD56dim NK,geneformer_mlp_probe
TCACAAGTCATCACCC_JIA_CD7_5,ILC2,ILC2,geneformer_mlp_probe
CGGTTAATCGTTGACA_JIA_CD7_1,CD56dim NK,CD56dim NK,geneformer_mlp_probe
CTCGTACCACGAAACG_JIA_CD7_5,C2,C2,geneformer_mlp_probe
GATTCAGAGATAGCAT_JIA_Total_10,Naïve-like ILC,CD56bright NK,geneformer_mlp_probe
CCGTGGAGTCCGAGTC_JIA_CD7_2,CD56dim NK,CD56dim NK,geneformer_mlp_probe
CGTTGGGTCCAAGTAC_JIA_CD7_5,C2,C2,geneformer_mlp_probe
ATCCGAAAGTTCGATC_JIA_CD7_5,C2,Cycling NK,geneformer_mlp_probe
TTAACTCCAATCCAAC_JIA_CD7_5,CD56dim NK,CD56bright NK,geneformer_mlp_probe
CCCAATCGTGCCTGTG_JIA_Total_5,Naïve-like ILC,CD56bright NK,geneformer_mlp_probe
CACCAGGAGAAACGAG_JIA_Total_4,CD56dim NK,CD56dim NK,geneformer_mlp_probe
ACAGCTAGTGAGTATA_JIA_Total_16,CD56dim NK,CD56dim NK,geneformer_mlp_probe
CGAGCACGTCCAGTAT_JIA_CD7_5,CD56dim NK,CD56dim NK,geneformer_mlp_probe
CCACCTATCCATGAGT_JIA_CD7_5,C2,CD56bright NK,geneformer_mlp_probe
CTCGGGATCTGCAGTA_JIA_CD7_5,Cycling NK,Cycling NK,geneformer_mlp_probe
GGGCACTTCCTCGCAT_JIA_CD7_5,CD56dim NK,CD56dim NK,geneformer_mlp_probe
TAGTGGTCAACCGCCA_JIA_Total_16,CD56dim NK,CD56dim NK,geneformer_mlp_probe
CTTTGCGCACCAGTTA_JIA_Total_1,CD56dim NK,CD56dim NK,geneformer_mlp_probe
AACTGGTAGACAGAGA_JIA_CD7_1,C2,C2,geneformer_mlp_probe
TTGGCAAGTAAACCTC_JIA_CD7_3,CD56dim NK,CD56dim NK,geneformer_mlp_probe
GTTAAGCAGATCCCGC_JIA_Total_25,CD56bright NK,CD56bright NK,geneformer_mlp_probe
GCTTCCAAGTGGTCCC_JIA_Total_1,CD56bright NK,CD56bright NK,geneformer_mlp_probe
ACTATCTGTTAAGTAG_JIA_Total_17,ILC2,Naïve-like ILC,geneformer_mlp_probe
TGAGGGATCTCGTATT_JIA_CD7_5,CD56bright NK,CD56bright NK,geneformer_mlp_probe
ACGCCGAGTGAAGGCT_JIA_Total_20,C3,C3,geneformer_mlp_probe
AAACCTGAGCGATCCC_JIA_CD7_5,CD56bright NK,CD56bright NK,geneformer_mlp_probe
CGACTTCAGATCCCGC_JIA_CD7_5,C2,C2,geneformer_mlp_probe
CATATGGTCTGAAAGA_JIA_CD7_5,CD56dim NK,CD56dim NK,geneformer_mlp_probe
CCCATACAGGCGCTCT_JIA_CD7_2,C1,CD56dim NK,geneformer_mlp_probe
TCGAGGCGTGCTAGCC_JIA_CD7_5,CD56dim NK,CD56dim NK,geneformer_mlp_probe
CTTAGGATCAAACCAC_JIA_Total_20,C2,CD56dim NK,geneformer_mlp_probe
GCGCAGTCATCACGTA_JIA_CD7_5,CD56dim NK,CD56dim NK,geneformer_mlp_probe
CGACTTCGTAGAGGAA_JIA_Total_19,CD56bright NK,CD56bright NK,geneformer_mlp_probe
GACGTTACACCTCGGA_JIA_Total_19,CD56bright NK,CD56bright NK,geneformer_mlp_probe
ACGGAGACACCGGAAA_JIA_Total_20,C3,C2,geneformer_mlp_probe
ATCATCTTCGCATGAT_JIA_Total_20,C2,C2,geneformer_mlp_probe
TGCCAAATCACCGTAA_JIA_Total_17,C2,C1,geneformer_mlp_probe
TTGAACGAGGGAAACA_JIA_Total_20,C1,CD56bright NK,geneformer_mlp_probe
TAGACCACACTGAAGG_JIA_Total_16,CD56dim NK,CD56dim NK,geneformer_mlp_probe
AGTCTTTCACCCTATC_JIA_CD7_1,CD56dim NK,CD56dim NK,geneformer_mlp_probe
GAATAAGTCCTCGCAT_JIA_CD7_5,CD56dim NK,CD56dim NK,geneformer_mlp_probe
ACTTGTTAGACACGAC_JIA_CD7_5,C1,Cycling NK,geneformer_mlp_probe
GTTACAGTCGCAAACT_JIA_Total_17,ILC3,ILC2,geneformer_mlp_probe
TACTTGTTCGAACGGA_JIA_CD7_5,CD56dim NK,CD56dim NK,geneformer_mlp_probe
ACAGCCGGTCAAAGCG_JIA_CD7_1,CD56dim NK,CD56dim NK,geneformer_mlp_probe
GCAAACTTCTTTCCTC_JIA_Total_17,CD56bright NK,C1,geneformer_mlp_probe
CTAACTTCATACTCTT_JIA_Total_2,C2,C2,geneformer_mlp_probe
TAGTGGTGTGTGGCTC_JIA_Total_19,CD56bright NK,CD56bright NK,geneformer_mlp_probe
GTCGGGTTCATTGCGA_JIA_Total_1,CD56bright NK,CD56dim NK,geneformer_mlp_probe
CTGCCTAAGAAACCAT_JIA_Total_1,CD56dim NK,CD56dim NK,geneformer_mlp_probe
CGTGTCTCAGCTGCTG_JIA_CD7_5,C2,ILC2,geneformer_mlp_probe
GCAGTTATCATGTCCC_JIA_CD7_5,CD56dim NK,CD56dim NK,geneformer_mlp_probe
CTTAGGAGTCCGTTAA_JIA_Total_19,CD56bright NK,CD56bright NK,geneformer_mlp_probe
CGATGGCTCGCTGATA_JIA_Total_17,C3,CD56bright NK,geneformer_mlp_probe
GCTCCTACAGGATTGG_JIA_CD7_5,C2,C2,geneformer_mlp_probe
TGAGGGAAGAGCTATA_JIA_CD7_1,C2,C2,geneformer_mlp_probe
GTCTCGTAGTAATCCC_JIA_Total_20,C3,C2,geneformer_mlp_probe
CACCAGGGTCTCCCTA_JIA_Total_1,CD56bright NK,CD56bright NK,geneformer_mlp_probe
ACTGTCCTCATCGATG_JIA_Total_20,C3,C3,geneformer_mlp_probe
GTACGTAGTCCCTTGT_JIA_CD7_5,C2,C2,geneformer_mlp_probe
CATTCGCGTCCCTTGT_JIA_CD7_5,CD56dim NK,CD56bright NK,geneformer_mlp_probe
TTCCCAGGTCGGCTCA_JIA_Total_5,C1,CD56bright NK,geneformer_mlp_probe
CGAACATTCGCTTAGA_JIA_Total_20,C3,C3,geneformer_mlp_probe
GACACGCCACACAGAG_JIA_CD7_5,Cycling NK,Cycling NK,geneformer_mlp_probe
GTTTCTATCCGTTGTC_JIA_Total_1,CD56bright NK,CD56bright NK,geneformer_mlp_probe
GAGTCCGGTCGGGTCT_JIA_CD7_5,CD56bright NK,CD56bright NK,geneformer_mlp_probe
GTAACGTTCGCAGGCT_JIA_CD7_5,CD56dim NK,CD56dim NK,geneformer_mlp_probe
ACTATCTTCTCAAGTG_JIA_Total_20,C3,C2,geneformer_mlp_probe
CGGAGTCGTAGGAGTC_JIA_Total_4,C1,CD56bright NK,geneformer_mlp_probe
CGGGTCATCCTCAATT_JIA_Total_1,CD56dim NK,CD56dim NK,geneformer_mlp_probe
TATCTCATCTGGCGAC_JIA_CD7_5,CD56bright NK,CD56bright NK,geneformer_mlp_probe
CGTCTACAGGGATACC_JIA_Total_19,CD56dim NK,CD56bright NK,geneformer_mlp_probe
GTATCTTCAAGTAGTA_JIA_Total_20,C2,C2,geneformer_mlp_probe
GCAGCCAGTTGGTTTG_JIA_Total_1,CD56dim NK,CD56dim NK,geneformer_mlp_probe
AGTAGTCTCAGTTGAC_JIA_Total_1,CD56dim NK,CD56dim NK,geneformer_mlp_probe
TTCTTAGGTGTAACGG_JIA_CD7_5,CD56bright NK,CD56bright NK,geneformer_mlp_probe
GGCCGATTCATAGCAC_JIA_Total_20,C2,C2,geneformer_mlp_probe
GATCGATTCCCAAGTA_JIA_Total_1,CD56bright NK,C1,geneformer_mlp_probe
CTTAACTGTGGAAAGA_JIA_CD7_5,CD56dim NK,CD56dim NK,geneformer_mlp_probe
ATGGGAGAGATAGTCA_JIA_Total_19,CD56bright NK,CD56bright NK,geneformer_mlp_probe
GTGAAGGGTGGCTCCA_JIA_CD7_2,CD56dim NK,CD56dim NK,geneformer_mlp_probe
GATCGATCAACGCACC_JIA_CD7_5,CD56dim NK,CD56dim NK,geneformer_mlp_probe
ATCTACTTCGCTGATA_JIA_Total_20,C2,C2,geneformer_mlp_probe
CTGGTCTCACAGATTC_JIA_Total_20,C1,C2,geneformer_mlp_probe
TAGACCATCACAATGC_JIA_Total_2,C2,C1,geneformer_mlp_probe
CCAATCCTCAACCATG_JIA_Total_1,CD56dim NK,CD56dim NK,geneformer_mlp_probe
TGGACGCGTACCGGCT_JIA_CD7_5,CD56dim NK,CD56dim NK,geneformer_mlp_probe
AGGCCGTTCCTGCAGG_JIA_Total_19,CD56dim NK,CD56dim NK,geneformer_mlp_probe
CATATGGTCCAAGCCG_JIA_Total_1,CD56dim NK,CD56dim NK,geneformer_mlp_probe
TGACTAGTCTGAAAGA_JIA_CD7_5,CD56dim NK,CD56dim NK,geneformer_mlp_probe
TGTATTCCAAATACAG_JIA_CD7_5,C2,C2,geneformer_mlp_probe
GTATTCTAGCTAGTGG_JIA_CD7_1,CD56dim NK,CD56dim NK,geneformer_mlp_probe
GGCGACTTCCTTTCTC_JIA_Total_20,C3,C3,geneformer_mlp_probe
TTGCCGTTCTTACCGC_JIA_Total_1,CD56dim NK,CD56dim NK,geneformer_mlp_probe
CTCGTACTCCAATGGT_JIA_Total_20,ILC3,ILC2,geneformer_mlp_probe
ACATACGAGGATGTAT_JIA_Total_20,C2,CD56bright NK,geneformer_mlp_probe
TCAATCTTCAGGATCT_JIA_Total_1,CD56dim NK,CD56dim NK,geneformer_mlp_probe
GATTCAGAGAATGTGT_JIA_Total_10,ILC3,Naïve-like ILC,geneformer_mlp_probe
AGCTCTCTCAGCACAT_JIA_CD7_5,ILC3,Naïve-like ILC,geneformer_mlp_probe
GAAGCAGTCGGTTCGG_JIA_Total_17,ILC3,C3,geneformer_mlp_probe
TACTCGCAGGTGCTTT_JIA_Total_17,C1,CD56bright NK,geneformer_mlp_probe
CTCATTAAGACCTTTG_JIA_CD7_1,CD56dim NK,CD56dim NK,geneformer_mlp_probe
CCACCTAAGACGACGT_JIA_CD7_2,Naïve-like ILC,Naïve-like ILC,geneformer_mlp_probe
CATCGGGAGTACATGA_JIA_Total_1,CD56dim NK,CD56dim NK,geneformer_mlp_probe
TTTGTCAGTCCAGTGC_JIA_Total_16,CD56dim NK,CD56dim NK,geneformer_mlp_probe
GAGCAGAAGAGCTTCT_JIA_Total_5,C2,C2,geneformer_mlp_probe
AGGCCACCAGAGTGTG_JIA_Total_25,CD56dim NK,CD56dim NK,geneformer_mlp_probe
GTGTTAGCAACACCTA_JIA_CD7_5,CD56bright NK,CD56bright NK,geneformer_mlp_probe
CTTCTCTTCATTTGGG_JIA_CD7_5,C3,C2,geneformer_mlp_probe
CAAGAAATCCCTCTTT_JIA_Total_1,CD56bright NK,CD56bright NK,geneformer_mlp_probe
CTAACTTCAAGGACAC_JIA_Total_20,C3,C3,geneformer_mlp_probe
ATGTGTGAGGCAGGTT_JIA_Total_25,CD56dim NK,CD56dim NK,geneformer_mlp_probe
CATATGGAGCGACGTA_JIA_Total_25,C2,C1,geneformer_mlp_probe
CGATGGCAGTATTGGA_JIA_Total_19,CD56bright NK,CD56dim NK,geneformer_mlp_probe
GTAACGTGTCCTAGCG_JIA_Total_1,CD56bright NK,CD56bright NK,geneformer_mlp_probe
GACTGCGCACATGGGA_JIA_Total_20,C3,C3,geneformer_mlp_probe
GGACATTGTAGCTAAA_JIA_Total_4,CD56dim NK,CD56dim NK,geneformer_mlp_probe
TCAGATGTCTGGCGTG_JIA_CD7_5,CD56bright NK,CD56bright NK,geneformer_mlp_probe
TCCCGATTCCCGGATG_JIA_Total_19,CD56dim NK,CD56dim NK,geneformer_mlp_probe
CGTTGGGCAGGTGGAT_JIA_Total_19,CD56bright NK,CD56bright NK,geneformer_mlp_probe
AATCCAGTCTTGTATC_JIA_CD7_5,C3,C2,geneformer_mlp_probe
CAGCCGACATGCAATC_JIA_CD7_5,CD56dim NK,CD56dim NK,geneformer_mlp_probe
CGACTTCCATTTGCCC_JIA_CD7_2,CD56dim NK,CD56dim NK,geneformer_mlp_probe
GGGATGACATAGGATA_JIA_Total_20,C1,C3,geneformer_mlp_probe
GGGTTGCCAATCACAC_JIA_CD7_5,Cycling NK,Cycling NK,geneformer_mlp_probe
TACGGGCCACGGTGTC_JIA_Total_20,C2,C3,geneformer_mlp_probe
CGATGGCCATCTCGCT_JIA_CD7_5,ILC2,ILC2,geneformer_mlp_probe
TTGCCGTTCAGATAAG_JIA_Total_20,C3,C3,geneformer_mlp_probe
CGCCAAGTCGGAGCAA_JIA_Total_19,CD56bright NK,CD56dim NK,geneformer_mlp_probe
TTGCGTCGTACAGTGG_JIA_CD7_1,ILC2,ILC2,geneformer_mlp_probe
GCCAAATAGTGTGAAT_JIA_Total_20,C2,C2,geneformer_mlp_probe
ACATCAGTCGCGTTTC_JIA_CD7_5,C2,C2,geneformer_mlp_probe
TAGCCGGCACAGAGGT_JIA_Total_20,C3,C2,geneformer_mlp_probe
GTACTTTTCAGCTCGG_JIA_Total_5,C1,CD56bright NK,geneformer_mlp_probe
CAGCAGCAGACTAGGC_JIA_Total_20,C2,C1,geneformer_mlp_probe
CGTTAGACATCGGAAG_JIA_Total_19,CD56bright NK,C1,geneformer_mlp_probe
TCGGTAACAGATCGGA_JIA_Total_2,C1,C1,geneformer_mlp_probe
GTTCATTTCATTCACT_JIA_Total_20,ILC3,ILC3,geneformer_mlp_probe
GTGTGCGTCGAATCCA_JIA_Total_19,CD56bright NK,CD56dim NK,geneformer_mlp_probe
TGTATTCAGTTTGCGT_JIA_Total_19,CD56bright NK,CD56dim NK,geneformer_mlp_probe
CGGACTGTCTCTAGGA_JIA_Total_20,C2,C2,geneformer_mlp_probe
CCGTGGAGTAAATGAC_JIA_CD7_5,CD56dim NK,CD56dim NK,geneformer_mlp_probe
GTCATTTAGTTAGGTA_JIA_Total_16,Naïve-like ILC,ILC2,geneformer_mlp_probe
TACGGTATCCACGTTC_JIA_CD7_1,C3,C2,geneformer_mlp_probe
GGCTGGTCACCAGCAC_JIA_Total_16,CD56dim NK,CD56dim NK,geneformer_mlp_probe
GACTGCGCAGATCCAT_JIA_CD7_5,CD56dim NK,CD56dim NK,geneformer_mlp_probe
CGTTAGAAGGTGACCA_JIA_Total_20,C3,C3,geneformer_mlp_probe
CAGAGAGTCTCTAAGG_JIA_Total_1,CD56bright NK,CD56bright NK,geneformer_mlp_probe
CGGGTCAGTCATTAGC_JIA_Total_20,C2,C2,geneformer_mlp_probe
TAAACCGCATAAGACA_JIA_Total_19,CD56dim NK,Cycling NK,geneformer_mlp_probe
ACGGGCTTCCTACAGA_JIA_Total_1,CD56dim NK,CD56dim NK,geneformer_mlp_probe
AACGTTGAGTGCCATT_JIA_Total_19,CD56bright NK,CD56dim NK,geneformer_mlp_probe
CGTTGGGCAGGGTTAG_JIA_Total_19,CD56dim NK,CD56dim NK,geneformer_mlp_probe
TGTGTTTTCCTTAATC_JIA_Total_20,C1,C2,geneformer_mlp_probe
TGCGTGGCAATGACCT_JIA_CD7_5,CD56dim NK,CD56dim NK,geneformer_mlp_probe
AGCGTCGGTCCTAGCG_JIA_CD7_1,C1,C1,geneformer_mlp_probe
GTAGGCCGTTTCCACC_JIA_CD7_5,CD56dim NK,CD56dim NK,geneformer_mlp_probe
GTAACGTCAAGGACAC_JIA_CD7_5,C2,CD56bright NK,geneformer_mlp_probe
AGCAGCCCAGGTCCAC_JIA_Total_20,C2,C2,geneformer_mlp_probe
CGGGTCACATCGGTTA_JIA_Total_1,Naïve-like ILC,C2,geneformer_mlp_probe
CTGTTTAAGAGACGAA_JIA_Total_1,CD56bright NK,CD56bright NK,geneformer_mlp_probe
TTATGCTCAGCGATCC_JIA_CD7_5,CD56dim NK,CD56dim NK,geneformer_mlp_probe
AGGGATGGTTAAAGAC_JIA_CD7_1,CD56dim NK,CD56dim NK,geneformer_mlp_probe
GGCTGGTTCCATGCTC_JIA_Total_1,ILC2,ILC2,geneformer_mlp_probe
GTCGTAACAGACAAGC_JIA_Total_19,CD56dim NK,CD56dim NK,geneformer_mlp_probe
TTCTACATCACTATTC_JIA_Total_19,CD56dim NK,CD56dim NK,geneformer_mlp_probe
CAACCAAAGCCAGTAG_JIA_Total_16,CD56bright NK,CD56bright NK,geneformer_mlp_probe
AAACGGGTCCCGACTT_JIA_CD7_5,CD56dim NK,CD56dim NK,geneformer_mlp_probe
TGGACGCGTTTCCACC_JIA_Total_16,CD56dim NK,CD56dim NK,geneformer_mlp_probe
TGGGAAGTCACAATGC_JIA_CD7_5,C1,C1,geneformer_mlp_probe
CGGGTCATCAGCATGT_JIA_CD7_5,CD56dim NK,CD56dim NK,geneformer_mlp_probe
GTCTCGTCACCTTGTC_JIA_Total_24,C1,Naïve-like ILC,geneformer_mlp_probe
GGAACTTGTGTTTGTG_JIA_CD7_5,CD56dim NK,CD56dim NK,geneformer_mlp_probe
CTGATCCCACTTACGA_JIA_Total_4,CD56dim NK,CD56dim NK,geneformer_mlp_probe
GTACGTATCATCATTC_JIA_Total_5,Cycling NK,Cycling NK,geneformer_mlp_probe
CGAACATGTCGGATCC_JIA_Total_20,C1,C1,geneformer_mlp_probe
CGTAGGCTCTGGTGTA_JIA_Total_19,CD56dim NK,CD56dim NK,geneformer_mlp_probe
AGCGGTCTCCTAGAAC_JIA_CD7_5,CD56dim NK,CD56bright NK,geneformer_mlp_probe
TTTACTGAGCTACCTA_JIA_Total_19,CD56dim NK,CD56dim NK,geneformer_mlp_probe
TCACGAAGTCCGTGAC_JIA_CD7_1,C2,C2,geneformer_mlp_probe
GGACATTGTAGTGAAT_JIA_CD7_5,CD56bright NK,CD56bright NK,geneformer_mlp_probe
TAAGAGAAGACAGAGA_JIA_Total_20,C1,C1,geneformer_mlp_probe
AGAATAGGTAAATGTG_JIA_Total_1,CD56dim NK,CD56dim NK,geneformer_mlp_probe
GGCCGATCAGCCACCA_JIA_Total_17,C1,CD56bright NK,geneformer_mlp_probe
TCACGAAGTAATTGGA_JIA_Total_24,C1,C1,geneformer_mlp_probe
CGGAGTCGTGGTGTAG_JIA_Total_19,CD56dim NK,CD56dim NK,geneformer_mlp_probe
TACCTTAAGTGGTAAT_JIA_CD7_5,Naïve-like ILC,Naïve-like ILC,geneformer_mlp_probe
TTCTACAGTGCAGGTA_JIA_Total_19,CD56dim NK,CD56dim NK,geneformer_mlp_probe
CGATTGACAGTGGAGT_JIA_CD7_5,Naïve-like ILC,Naïve-like ILC,geneformer_mlp_probe
TTCTACATCCGCAGTG_JIA_Total_17,C2,CD56dim NK,geneformer_mlp_probe
GCTTGAAGTCGCGTGT_JIA_Total_17,C1,C2,geneformer_mlp_probe
CATCAGAGTTATTCTC_JIA_Total_1,CD56dim NK,CD56dim NK,geneformer_mlp_probe
ACTGCTCGTGATGCCC_JIA_Total_4,CD56dim NK,CD56dim NK,geneformer_mlp_probe
CCATTCGAGACTAAGT_JIA_Total_2,C1,C1,geneformer_mlp_probe
GGGAATGGTGTTTGTG_JIA_Total_19,CD56dim NK,CD56dim NK,geneformer_mlp_probe
TTCTCAATCTCTGCTG_JIA_Total_19,CD56dim NK,CD56dim NK,geneformer_mlp_probe
TGAGCATCATCTCCCA_JIA_Total_1,CD56bright NK,ILC2,geneformer_mlp_probe
GAGTCCGTCACATAGC_JIA_Total_20,ILC3,C1,geneformer_mlp_probe
TTGACTTCAATAGCAA_JIA_Total_19,CD56dim NK,CD56dim NK,geneformer_mlp_probe
ATTATCCGTACATCCA_JIA_Total_5,Cycling NK,Cycling NK,geneformer_mlp_probe
AGAATAGGTGATGATA_JIA_CD7_5,CD56bright NK,CD56bright NK,geneformer_mlp_probe
AAAGATGCATCGGTTA_JIA_Total_1,CD56dim NK,CD56dim NK,geneformer_mlp_probe
CGGTTAATCCAGTAGT_JIA_Total_1,CD56dim NK,CD56dim NK,geneformer_mlp_probe
GCACATATCTCAAGTG_JIA_Total_19,CD56dim NK,CD56dim NK,geneformer_mlp_probe
ATTGGTGTCCAGTAGT_JIA_CD7_5,CD56dim NK,CD56dim NK,geneformer_mlp_probe
TTAACTCGTGTGTGCC_JIA_Total_20,C1,ILC2,geneformer_mlp_probe
ACGCCGAGTTTGTTTC_JIA_Total_20,C2,C2,geneformer_mlp_probe
GGGAGATCATCCGCGA_JIA_Total_17,C1,C2,geneformer_mlp_probe
GTGCTTCAGAGTCTGG_JIA_Total_19,CD56dim NK,CD56dim NK,geneformer_mlp_probe
GAACATCCACTGCCAG_JIA_Total_20,C3,C3,geneformer_mlp_probe
AGTCTTTGTCGAGTTT_JIA_CD7_5,C2,CD56bright NK,geneformer_mlp_probe
AGAGCGATCACCACCT_JIA_Total_20,ILC3,ILC3,geneformer_mlp_probe
CATGGCGCATGGGACA_JIA_CD7_5,CD56dim NK,CD56dim NK,geneformer_mlp_probe
TGAGCATAGTACGCCC_JIA_Total_16,CD56dim NK,CD56dim NK,geneformer_mlp_probe
GTATTCTTCCATGAGT_JIA_Total_19,CD56bright NK,CD56bright NK,geneformer_mlp_probe
CACAGGCGTGCTAGCC_JIA_CD7_5,C3,C2,geneformer_mlp_probe
GGGCATCGTTCCGTCT_JIA_Total_20,C2,C1,geneformer_mlp_probe
CTAACTTGTACTTGAC_JIA_Total_1,CD56dim NK,C1,geneformer_mlp_probe
CCTCAGTAGCACAGGT_JIA_Total_1,CD56bright NK,C1,geneformer_mlp_probe
ATAAGAGGTTATCCGA_JIA_Total_20,C1,C1,geneformer_mlp_probe
GAGCAGATCACGGTTA_JIA_Total_1,CD56dim NK,CD56dim NK,geneformer_mlp_probe
TGGCTGGCATCTCCCA_JIA_Total_1,CD56dim NK,CD56dim NK,geneformer_mlp_probe
AAGCCGCCAGCCAATT_JIA_Total_5,Cycling NK,Cycling NK,geneformer_mlp_probe
AGTGAGGCAGGCGATA_JIA_CD7_5,CD56dim NK,CD56dim NK,geneformer_mlp_probe
CCTCTGAGTCCCTTGT_JIA_Total_17,C1,CD56bright NK,geneformer_mlp_probe
CGAACATGTGTGTGCC_JIA_CD7_5,C2,CD56bright NK,geneformer_mlp_probe
ACGAGCCCATAACCTG_JIA_CD7_5,C2,C2,geneformer_mlp_probe
AGTCTTTAGGTAAACT_JIA_Total_5,Cycling NK,Cycling NK,geneformer_mlp_probe
CTACCCACAGCTGTGC_JIA_Total_19,CD56dim NK,CD56dim NK,geneformer_mlp_probe
CATGGCGCACGGTTTA_JIA_Total_17,C1,ILC2,geneformer_mlp_probe
TGAGGGAAGATCCCAT_JIA_Total_1,CD56bright NK,CD56bright NK,geneformer_mlp_probe
CAAGAAAGTAAAGTCA_JIA_CD7_2,Naïve-like ILC,CD56bright NK,geneformer_mlp_probe
CCTCTGACAAACGCGA_JIA_Total_1,CD56dim NK,CD56dim NK,geneformer_mlp_probe
AACTCTTCATCCGGGT_JIA_Total_17,C1,C1,geneformer_mlp_probe
TCATTACCAGCTTCGG_JIA_CD7_5,CD56bright NK,CD56bright NK,geneformer_mlp_probe
CTTAGGACAGGAACGT_JIA_Total_20,C2,CD56dim NK,geneformer_mlp_probe
AACACGTCACGCATCG_JIA_Total_1,ILC3,C3,geneformer_mlp_probe
TCGGGACAGTGACTCT_JIA_CD7_5,CD56dim NK,CD56dim NK,geneformer_mlp_probe
GTCGGGTTCTGTTGAG_JIA_CD7_5,CD56dim NK,CD56dim NK,geneformer_mlp_probe
CAGTAACGTTGTCGCG_JIA_Total_20,C2,C3,geneformer_mlp_probe
TCGAGGCGTCGCTTTC_JIA_Total_1,CD56bright NK,C1,geneformer_mlp_probe
CATTCGCCACGCTTTC_JIA_Total_1,CD56dim NK,CD56dim NK,geneformer_mlp_probe
AGATCTGGTGCGAAAC_JIA_CD7_5,CD56dim NK,CD56dim NK,geneformer_mlp_probe
CAAGAAAGTTACCGAT_JIA_CD7_5,CD56bright NK,CD56bright NK,geneformer_mlp_probe
ATGTGTGGTGCTAGCC_JIA_Total_17,ILC3,C1,geneformer_mlp_probe
CGGAGTCAGCGTTGCC_JIA_Total_19,CD56dim NK,CD56dim NK,geneformer_mlp_probe
CGACCTTTCATTATCC_JIA_Total_19,CD56bright NK,CD56bright NK,geneformer_mlp_probe
CCCAGTTCATTACCTT_JIA_Total_1,CD56dim NK,CD56dim NK,geneformer_mlp_probe
TACAGTGCAATTGCTG_JIA_CD7_5,CD56dim NK,CD56dim NK,geneformer_mlp_probe
GGCCGATAGTGTCCCG_JIA_Total_2,C1,C2,geneformer_mlp_probe
CACACTCAGTGATCGG_JIA_Total_17,C1,C1,geneformer_mlp_probe
TCACGAACACTAGTAC_JIA_CD7_5,CD56bright NK,CD56bright NK,geneformer_mlp_probe
GGCGTGTGTATAGGTA_JIA_Total_20,C2,C1,geneformer_mlp_probe
AACTTTCAGCGTTTAC_JIA_Total_19,CD56dim NK,CD56bright NK,geneformer_mlp_probe
GTAACGTGTCCAGTGC_JIA_Total_20,ILC3,C1,geneformer_mlp_probe
AACGTTGTCCGTCATC_JIA_CD7_5,CD56bright NK,CD56bright NK,geneformer_mlp_probe
GGACAAGCAGGTGCCT_JIA_CD7_5,CD56dim NK,CD56dim NK,geneformer_mlp_probe
GGACGTCCACATTTCT_JIA_Total_1,CD56dim NK,CD56bright NK,geneformer_mlp_probe
CCGGTAGGTTCCCTTG_JIA_CD7_5,CD56dim NK,CD56dim NK,geneformer_mlp_probe
TGCCCTAAGTCCAGGA_JIA_CD7_5,CD56dim NK,CD56dim NK,geneformer_mlp_probe
GCTGCTTGTTGATTGC_JIA_Total_17,Naïve-like ILC,CD56bright NK,geneformer_mlp_probe
CGTGTAATCGCTTAGA_JIA_Total_1,CD56dim NK,CD56dim NK,geneformer_mlp_probe
CTGAAACGTTCCTCCA_JIA_CD7_5,CD56bright NK,CD56bright NK,geneformer_mlp_probe
AATGCCACATCCGTTC_JIA_DC_1,C1,C1,geneformer_mlp_probe
GCATGATGTGCATCTA_JIA_CD7_5,C2,C2,geneformer_mlp_probe
CGTGTAAAGAGCTGCA_JIA_Total_19,ILC2,ILC2,geneformer_mlp_probe
CTAACTTGTACGACCC_JIA_Total_1,CD56dim NK,CD56dim NK,geneformer_mlp_probe
TGCGTGGAGCGTCTAT_JIA_CD7_5,CD56dim NK,CD56dim NK,geneformer_mlp_probe
GCAAACTAGTCAAGCG_JIA_Total_1,CD56dim NK,CD56dim NK,geneformer_mlp_probe
TGTTCCGAGGACGAAA_JIA_Total_1,CD56dim NK,CD56dim NK,geneformer_mlp_probe
GATCGCGAGACCCACC_JIA_Total_1,CD56dim NK,CD56dim NK,geneformer_mlp_probe
TCGGTAACACTAGTAC_JIA_CD7_5,CD56dim NK,CD56dim NK,geneformer_mlp_probe
GCGACCAGTCTGATTG_JIA_CD7_1,Naïve-like ILC,Naïve-like ILC,geneformer_mlp_probe
TGACTAGCAATCTACG_JIA_Total_17,C1,CD56dim NK,geneformer_mlp_probe
CAGGTGCTCCTCAATT_JIA_Total_1,Naïve-like ILC,Naïve-like ILC,geneformer_mlp_probe
GGCCGATGTGCTGTAT_JIA_CD7_5,CD56dim NK,CD56dim NK,geneformer_mlp_probe
GAGTCCGCATATGAGA_JIA_Total_1,CD56dim NK,CD56dim NK,geneformer_mlp_probe
TACTTACCATGGGAAC_JIA_Total_1,CD56bright NK,CD56dim NK,geneformer_mlp_probe
TCTTCGGGTCCGAATT_JIA_Total_19,CD56bright NK,C1,geneformer_mlp_probe
GGGCATCGTACATCCA_JIA_CD7_5,CD56dim NK,CD56dim NK,geneformer_mlp_probe
GTGTGCGAGGGTGTTG_JIA_Total_19,CD56dim NK,CD56dim NK,geneformer_mlp_probe
TACGGATAGCCCGAAA_JIA_Total_4,C1,CD56bright NK,geneformer_mlp_probe
CAGCTAAGTCCGACGT_JIA_Total_1,CD56dim NK,CD56dim NK,geneformer_mlp_probe
GCGCAGTCATAGTAAG_JIA_Total_19,CD56dim NK,CD56bright NK,geneformer_mlp_probe
GAACATCCATATGAGA_JIA_Total_17,C2,C2,geneformer_mlp_probe
GACACGCAGGTCGGAT_JIA_Total_20,C2,C3,geneformer_mlp_probe
AAGTCGTGTGCTGATT_JIA_DC_1,C2,C1,geneformer_mlp_probe
GGAGCAAAGGGTGTTG_JIA_CD7_5,CD56dim NK,CD56dim NK,geneformer_mlp_probe
AAACGGGCATAAGACA_JIA_CD7_5,CD56dim NK,CD56dim NK,geneformer_mlp_probe
CGGACGTTCTCTAAGG_JIA_Total_17,CD56bright NK,C1,geneformer_mlp_probe
TGAGGGACACAACTGT_JIA_CD7_1,C1,C1,geneformer_mlp_probe
GTAGGCCGTCTCTTTA_JIA_CD7_5,CD56dim NK,CD56dim NK,geneformer_mlp_probe
CGGAGTCGTACACCGC_JIA_CD7_5,CD56bright NK,CD56bright NK,geneformer_mlp_probe
TGCCCTACATACAGCT_JIA_Total_1,CD56dim NK,CD56dim NK,geneformer_mlp_probe
CAAGAAATCAGAGGTG_JIA_Total_17,C1,C1,geneformer_mlp_probe
CCTTCGAAGCTAGTTC_JIA_CD7_5,CD56dim NK,CD56dim NK,geneformer_mlp_probe
AAAGATGCATGGGACA_JIA_CD7_5,C2,CD56dim NK,geneformer_mlp_probe
AACTGGTCATACAGCT_JIA_CD7_5,CD56bright NK,C1,geneformer_mlp_probe
GTGATGTTCAAGGTGG_JIA_DC_1,C2,C1,geneformer_mlp_probe
TGGCGCAGTTAGATGA_JIA_Total_17,C1,C1,geneformer_mlp_probe
TTGCCGTTCATGTAGC_JIA_Total_17,C1,Naïve-like ILC,geneformer_mlp_probe
GCTTGAAGTCCAGTGC_JIA_CD7_5,CD56dim NK,CD56dim NK,geneformer_mlp_probe
AACTCCCCATGCATGT_JIA_Total_19,CD56bright NK,C1,geneformer_mlp_probe
AAAGATGGTCTAAAGA_JIA_Total_17,C1,CD56bright NK,geneformer_mlp_probe
CCAATCCTCCCATTAT_JIA_Total_20,C1,C1,geneformer_mlp_probe
AGCGGTCAGTGTTTGC_JIA_Total_1,Naïve-like ILC,C1,geneformer_mlp_probe
CCTATTAGTGTGACCC_JIA_Total_19,CD56bright NK,C1,geneformer_mlp_probe
CATCGGGAGCTCCTTC_JIA_Total_17,C1,C1,geneformer_mlp_probe
TGACTAGCACAGATTC_JIA_CD7_5,Naïve-like ILC,Naïve-like ILC,geneformer_mlp_probe
