cell_id,true_label,pred_label,model
TTGGAACAGATGTGGC_JIA_CD7_5,CD56dim NK,CD56dim NK,pca_logreg_same_split
GTCCTCACAGCGTCCA_JIA_CD7_3,Cycling NK,Cycling NK,pca_logreg_same_split
TTGCCGTTCATGTAGC_JIA_Total_17,C1,C2,pca_logreg_same_split
TGAGCATGTACCTACA_JIA_CD7_2,CD56dim NK,CD56dim NK,pca_logreg_same_split
GGATGTTGTAAATGTG_JIA_CD7_5,Cycling NK,Cycling NK,pca_logreg_same_split
CAACCTCGTTGAACTC_JIA_CD7_2,CD56dim NK,CD56dim NK,pca_logreg_same_split
AAGTCTGGTTCTGAAC_JIA_CD7_5,Naïve-like ILC,Naïve-like ILC,pca_logreg_same_split
ATCTACTTCGCTGATA_JIA_Total_20,C2,C3,pca_logreg_same_split
AGCAGCCAGCGCTCCA_JIA_CD7_2,C3,C3,pca_logreg_same_split
GTATCTTTCTCGGACG_JIA_CD7_1,CD56dim NK,CD56dim NK,pca_logreg_same_split
TTTGTCAGTCGGCATC_JIA_CD7_5,C1,C1,pca_logreg_same_split
TGTGTTTTCGCTGATA_JIA_Total_25,CD56dim NK,CD56dim NK,pca_logreg_same_split
CGTCCATCAATCTACG_JIA_CD7_5,Cycling NK,Cycling NK,pca_logreg_same_split
CAGTAACCACGAAACG_JIA_CD7_3,CD56dim NK,CD56dim NK,pca_logreg_same_split
AGGGATGAGGACAGAA_JIA_CD7_3,C1,C1,pca_logreg_same_split
AGCTTGATCAGTACGT_JIA_CD7_1,CD56dim NK,CD56dim NK,pca_logreg_same_split
GACTAACCACTACAGT_JIA_CD7_5,CD56bright NK,CD56bright NK,pca_logreg_same_split
TACTCATTCGTACGGC_JIA_CD7_3,C1,C1,pca_logreg_same_split
TCATGTTAGTCACTAC_JIA_DC_1,C2,C1,pca_logreg_same_split
AGGGTGACAGTCACTA_JIA_CD7_5,Cycling NK,Cycling NK,pca_logreg_same_split
CATCGAACACTCTGTC_JIA_CD7_4,CD56dim NK,CD56dim NK,pca_logreg_same_split
TACAGTGCAAACTGCT_JIA_Total_2,C1,C1,pca_logreg_same_split
GTTCTCGCACCTCGGA_JIA_CD7_5,Cycling NK,Cycling NK,pca_logreg_same_split
CTACCCATCTGCAAGT_JIA_CD7_5,Cycling NK,Cycling NK,pca_logreg_same_split
CGTGTAAGTAAGTTCC_JIA_CD7_3,Naïve-like ILC,Naïve-like ILC,pca_logreg_same_split
TGCCAAATCACCGTAA_JIA_Total_17,C2,C2,pca_logreg_same_split
TGCGCAGTCGGTGTCG_JIA_CD7_4,CD56dim NK,CD56dim NK,pca_logreg_same_split
GGCTCGAAGAGGTTAT_JIA_CD7_2,CD56bright NK,CD56bright NK,pca_logreg_same_split
ACGGAGACACGGCTAC_JIA_CD7_2,C1,CD56bright NK,pca_logreg_same_split
CGGCTAGAGGTAGCTG_JIA_CD7_5,C2,C2,pca_logreg_same_split
ACAGCTAGTCTTGCGG_JIA_CD7_5,Naïve-like ILC,Naïve-like ILC,pca_logreg_same_split
CTGCGAGTCCTCACTG_JIA_DC_2,C3,C1,pca_logreg_same_split
AGGGATGAGCGATCCC_JIA_CD7_1,C2,Cycling NK,pca_logreg_same_split
CCTTCGAGTTATCCGA_JIA_CD7_3,C1,C1,pca_logreg_same_split
GTTACAGAGGGTCTCC_JIA_CD7_5,C2,C2,pca_logreg_same_split
ATAACGCGTACGCACC_JIA_CD7_5,C3,C3,pca_logreg_same_split
TTCTCAATCTCTGCTG_JIA_Total_19,CD56dim NK,CD56dim NK,pca_logreg_same_split
CTGGTCTGTCGCGTGT_JIA_CD7_5,ILC2,ILC2,pca_logreg_same_split
GCTGCGATCACAGTAC_JIA_Total_20,Cycling NK,Cycling NK,pca_logreg_same_split
TCTATTGTCACAACGT_JIA_CD7_4,CD56bright NK,CD56bright NK,pca_logreg_same_split
GAGCAGATCACGGTTA_JIA_Total_1,CD56dim NK,CD56dim NK,pca_logreg_same_split
TCTGGAATCCGTAGTA_JIA_CD7_2,ILC2,ILC2,pca_logreg_same_split
GGAGCAAAGGGTGTTG_JIA_CD7_5,CD56dim NK,CD56dim NK,pca_logreg_same_split
TGATTTCAGTGACATA_JIA_CD7_1,CD56dim NK,CD56dim NK,pca_logreg_same_split
CTAATGGCAATAGCAA_JIA_CD7_3,C3,C3,pca_logreg_same_split
TCAACGATCCCATTTA_JIA_CD7_2,C1,CD56bright NK,pca_logreg_same_split
TCTGGAACACAGACAG_JIA_CD7_5,C1,C1,pca_logreg_same_split
AGCGGTCCAATGGTCT_JIA_Total_7,Cycling NK,CD56bright NK,pca_logreg_same_split
ACATTTCCACAGCATT_JIA_DC_1,C1,C1,pca_logreg_same_split
CGGAGTCTCTCGCATC_JIA_CD7_2,C2,Cycling NK,pca_logreg_same_split
ACGGGCTTCAGTTGAC_JIA_Total_1,CD56bright NK,CD56bright NK,pca_logreg_same_split
CGCTATCCATAACCTG_JIA_CD7_3,CD56dim NK,CD56dim NK,pca_logreg_same_split
GCAGCCAGTCCGAACC_JIA_CD7_4,C2,C2,pca_logreg_same_split
GAGTCCGAGCGCTCCA_JIA_CD7_5,Cycling NK,Cycling NK,pca_logreg_same_split
CGAGCCAAGTGGTCCC_JIA_CD7_2,C1,C1,pca_logreg_same_split
CGCGTTTTCGTCTGCT_JIA_CD7_5,C3,C3,pca_logreg_same_split
CGCTTCATCTCATTCA_JIA_CD7_4,C2,C2,pca_logreg_same_split
AGGGATGGTCCAAGTT_JIA_Total_7,CD56dim NK,CD56dim NK,pca_logreg_same_split
GGTGAAGGTTATCACG_JIA_Total_5,C1,CD56bright NK,pca_logreg_same_split
GAACGGAAGGTAGCTG_JIA_CD7_1,CD56dim NK,CD56dim NK,pca_logreg_same_split
ACATCAGAGCGATGAC_JIA_CD7_1,C2,C2,pca_logreg_same_split
CTCTACGCAAGGACTG_JIA_CD7_3,ILC2,ILC2,pca_logreg_same_split
CAAGTTGAGCACGCCT_JIA_CD7_3,C2,C2,pca_logreg_same_split
CCACTACTCAGAAATG_JIA_CD7_4,C1,C2,pca_logreg_same_split
AGGCCACTCTACGAGT_JIA_Total_1,CD56dim NK,CD56dim NK,pca_logreg_same_split
CGTAGGCGTTTGGCGC_JIA_Total_13,CD56dim NK,CD56dim NK,pca_logreg_same_split
TCAGCAAAGCGTAATA_JIA_CD7_4,CD56dim NK,CD56dim NK,pca_logreg_same_split
AACTTTCAGCCACCTG_JIA_Total_17,C3,C3,pca_logreg_same_split
CTCTGGTTCATACGGT_JIA_CD7_5,ILC2,ILC2,pca_logreg_same_split
CATGACAAGACAAGCC_JIA_CD7_5,C2,C2,pca_logreg_same_split
GTAACGTAGCGATGAC_JIA_CD7_4,C1,C1,pca_logreg_same_split
CCGGGTAAGTTCGCAT_JIA_DC_1,C2,C3,pca_logreg_same_split
GTTCTCGGTCTAGTGT_JIA_CD7_5,Cycling NK,Cycling NK,pca_logreg_same_split
CCTTTCTCAAATCCGT_JIA_CD7_4,CD56bright NK,CD56bright NK,pca_logreg_same_split
GAGCAGAGTTCAGTAC_JIA_CD7_5,C2,C2,pca_logreg_same_split
CTACGTCCAATCTGCA_JIA_Total_24,Cycling NK,Cycling NK,pca_logreg_same_split
CGAATGTCAAGCGTAG_JIA_Total_10,CD56dim NK,CD56dim NK,pca_logreg_same_split
ATTCTACGTTGGGACA_JIA_CD7_5,C2,C2,pca_logreg_same_split
TCTCACGGTCCGGTCA_JIA_DC_3,C1,C2,pca_logreg_same_split
CGGACGTTCTCTAAGG_JIA_Total_17,CD56bright NK,C1,pca_logreg_same_split
CGAACATGTGTGTGCC_JIA_CD7_4,C1,C1,pca_logreg_same_split
TTTGTCAGTCCAGTGC_JIA_Total_16,CD56dim NK,CD56dim NK,pca_logreg_same_split
CGGAGTCTCGGTCCGA_JIA_CD7_1,C2,C2,pca_logreg_same_split
GGACATTAGATCGATA_JIA_CD7_2,Cycling NK,Cycling NK,pca_logreg_same_split
AGGAGGTTCCCTTCCC_JIA_CD45_2,C2,C2,pca_logreg_same_split
CCACCTACAGATCCAT_JIA_CD7_4,CD56bright NK,CD56bright NK,pca_logreg_same_split
GCTGCAGGTTTGCATG_JIA_CD7_2,CD56dim NK,CD56dim NK,pca_logreg_same_split
GACTAACCATTTGCCC_JIA_CD7_3,CD56dim NK,CD56dim NK,pca_logreg_same_split
TGCCCATTCACCATAG_JIA_CD7_3,Cycling NK,Cycling NK,pca_logreg_same_split
CGGGTCATCAGCATGT_JIA_CD7_5,CD56dim NK,CD56dim NK,pca_logreg_same_split
CTACCCAGTCCAGTTA_JIA_Total_25,CD56dim NK,CD56dim NK,pca_logreg_same_split
CACCAGGGTCTCCCTA_JIA_Total_1,CD56bright NK,CD56bright NK,pca_logreg_same_split
GACAGAGCACAAGACG_JIA_CD7_3,C2,C2,pca_logreg_same_split
ATTCTACTCACCATAG_JIA_Total_14,C1,C1,pca_logreg_same_split
ACAGCTAGTGATAAAC_JIA_CD7_3,C3,C3,pca_logreg_same_split
AGGTCATGTTACCAGT_JIA_CD7_5,C2,C2,pca_logreg_same_split
CTGATAGAGCAACGGT_JIA_Total_2,C1,C1,pca_logreg_same_split
CTTGGCTGTGGTCCGT_JIA_Total_1,Cycling NK,Cycling NK,pca_logreg_same_split
AAGTCGTGTGCTGATT_JIA_DC_1,C2,C2,pca_logreg_same_split
CATATTCAGTTAGCGG_JIA_CD7_5,Cycling NK,Cycling NK,pca_logreg_same_split
TTCTCCTCATCACGTA_JIA_Total_26,Naïve-like ILC,Naïve-like ILC,pca_logreg_same_split
GTTTCTAGTAGCGTAG_JIA_CD7_5,C2,C3,pca_logreg_same_split
GGCGACTTCCTTTCTC_JIA_Total_20,C3,C3,pca_logreg_same_split
CCGTGGACATGTAAGA_JIA_CD7_5,CD56dim NK,CD56dim NK,pca_logreg_same_split
CTACATTTCACCACCT_JIA_CD7_5,ILC3,ILC3,pca_logreg_same_split
TGCGTGGGTAAGGGAA_JIA_CD7_5,C1,C1,pca_logreg_same_split
GTGAAGGCATAGTAAG_JIA_CD7_2,Cycling NK,Cycling NK,pca_logreg_same_split
TGGACGCAGTTTAGGA_JIA_CD7_4,C1,C1,pca_logreg_same_split
CATTATCGTGTAACGG_JIA_CD7_5,CD56bright NK,CD56bright NK,pca_logreg_same_split
GACCCTTGTGCGCTCA_JIA_DC_1,C1,C1,pca_logreg_same_split
AGGGTGAGTCTAGAGG_JIA_Total_20,C1,Cycling NK,pca_logreg_same_split
AAGGCAGCAAGAGGCT_JIA_CD7_5,Cycling NK,Cycling NK,pca_logreg_same_split
TACTCGCCATACAGCT_JIA_CD7_5,C2,C2,pca_logreg_same_split
CGAGCCAAGAATTGTG_JIA_CD7_2,CD56bright NK,CD56bright NK,pca_logreg_same_split
CTCGGAGTCCGCATCT_JIA_CD7_2,CD56bright NK,CD56bright NK,pca_logreg_same_split
GGACGTCCACATTTCT_JIA_Total_1,CD56dim NK,CD56dim NK,pca_logreg_same_split
CCGGGATGTACCGGCT_JIA_CD7_3,C2,C2,pca_logreg_same_split
GACGGCTAGAGCTGCA_JIA_CD7_2,CD56dim NK,CD56dim NK,pca_logreg_same_split
AACTCAGTCCACGTGG_JIA_CD7_4,C1,C1,pca_logreg_same_split
TAAGAGAAGCTAGCCC_JIA_Total_1,CD56dim NK,CD56dim NK,pca_logreg_same_split
CCTATTATCAGAGCTT_JIA_CD7_4,C3,C3,pca_logreg_same_split
CATTCGCCACTAAGTC_JIA_CD7_2,CD56bright NK,CD56bright NK,pca_logreg_same_split
TACCTTATCGCTGATA_JIA_CD7_1,Cycling NK,Cycling NK,pca_logreg_same_split
TAGAGCTGTAAGAGAG_JIA_CD7_4,C2,C2,pca_logreg_same_split
GCTGCTTGTTTCCACC_JIA_CD7_1,C2,C2,pca_logreg_same_split
AAAGCAACAATAACGA_JIA_CD7_2,CD56bright NK,CD56bright NK,pca_logreg_same_split
AAGCCGCCACAAGTAA_JIA_CD7_5,C1,C1,pca_logreg_same_split
GATGAGGAGACCTAGG_JIA_CD7_5,Cycling NK,Cycling NK,pca_logreg_same_split
TCGGTAATCTAGCACA_JIA_Total_24,Cycling NK,Cycling NK,pca_logreg_same_split
TGCTACCAGCGTCTAT_JIA_CD7_5,C3,C2,pca_logreg_same_split
ACTGTCCTCATCGATG_JIA_Total_20,C3,C3,pca_logreg_same_split
GCATGTAGTTGCCTCT_JIA_CD7_5,ILC2,ILC2,pca_logreg_same_split
GTGTTAGCAGTGGAGT_JIA_Total_5,C1,C1,pca_logreg_same_split
AGCATACTCATATCGG_JIA_CD7_4,ILC2,ILC2,pca_logreg_same_split
CATGACATCAATACCG_JIA_CD7_4,C1,C1,pca_logreg_same_split
TGCGTGGGTCTAGCCG_JIA_CD7_1,Cycling NK,Cycling NK,pca_logreg_same_split
GTGGTTAGTATCGCTA_JIA_DC_3,Cycling NK,Cycling NK,pca_logreg_same_split
ATTATCCTCAACGGGA_JIA_CD7_3,C2,C2,pca_logreg_same_split
CAAGATCCAGGAACGT_JIA_CD7_5,CD56bright NK,CD56bright NK,pca_logreg_same_split
AGCTCTCCAGTATAAG_JIA_Total_2,Cycling NK,Cycling NK,pca_logreg_same_split
CGGACACCATTTCACT_JIA_CD7_1,Cycling NK,Cycling NK,pca_logreg_same_split
CAAGGCCCACTCGACG_JIA_CD7_2,C1,CD56bright NK,pca_logreg_same_split
TACGGATTCCGTCAAA_JIA_CD7_5,Cycling NK,Cycling NK,pca_logreg_same_split
CGTTGGGAGGAGTAGA_JIA_CD7_4,C2,C2,pca_logreg_same_split
GGAAAGCAGGCCGAAT_JIA_Total_1,CD56dim NK,CD56dim NK,pca_logreg_same_split
TCTTCGGTCCCATTTA_JIA_CD7_5,CD56dim NK,CD56dim NK,pca_logreg_same_split
GGCGTGTGTATAGGTA_JIA_Total_20,C2,C2,pca_logreg_same_split
GGTGTTACAGACAAGC_JIA_CD7_4,Cycling NK,C2,pca_logreg_same_split
GTTTCTACATGACATC_JIA_CD7_3,ILC2,ILC2,pca_logreg_same_split
GCAGCCAGTCCGTCAG_JIA_CD7_2,CD56bright NK,CD56bright NK,pca_logreg_same_split
ACAGCTATCATGCAAC_JIA_CD7_5,Cycling NK,Cycling NK,pca_logreg_same_split
GTCCTCACACATCCGG_JIA_CD7_3,C1,Cycling NK,pca_logreg_same_split
TATTACCCATGTCGAT_JIA_CD7_2,CD56dim NK,CD56dim NK,pca_logreg_same_split
AAGACAAGTGAATGTA_JIA_DC_2,C1,Cycling NK,pca_logreg_same_split
TTACCGCAGCTTCTAG_JIA_CD45_1,ILC2,ILC2,pca_logreg_same_split
CGCGTTTGTCTAGAGG_JIA_CD7_1,CD56dim NK,CD56dim NK,pca_logreg_same_split
CAGCCGAAGAGGTTAT_JIA_CD7_5,C1,C1,pca_logreg_same_split
ACGCCGAAGCTCAACT_JIA_CD7_4,C3,C3,pca_logreg_same_split
CTACGTCAGGGCTTCC_JIA_CD7_4,C1,C1,pca_logreg_same_split
CACCTTGAGCCCAACC_JIA_Total_1,Cycling NK,Cycling NK,pca_logreg_same_split
GTGCGGTGTATAGGTA_JIA_CD7_5,ILC3,ILC3,pca_logreg_same_split
CATGCCTGTAGCGTAG_JIA_CD7_5,CD56bright NK,CD56bright NK,pca_logreg_same_split
ACTATCTGTTAAGTAG_JIA_Total_17,ILC2,ILC2,pca_logreg_same_split
GAAGCAGTCACCTTAT_JIA_CD7_4,Naïve-like ILC,ILC3,pca_logreg_same_split
ACGAGGAGTTTGCATG_JIA_Total_17,C1,CD56bright NK,pca_logreg_same_split
AATCCAGCATCTCCCA_JIA_CD7_3,CD56dim NK,CD56dim NK,pca_logreg_same_split
TAGTGGTGTGTGGCTC_JIA_Total_19,CD56bright NK,CD56bright NK,pca_logreg_same_split
TCACGAAGTCCGTGAC_JIA_CD7_1,C2,C2,pca_logreg_same_split
TCGTAGATCGTGGTCG_JIA_CD7_4,C2,C2,pca_logreg_same_split
AGGGTGATCAAGGCTT_JIA_Total_23,ILC2,ILC2,pca_logreg_same_split
ATCATGGAGCCACCTG_JIA_CD7_4,C2,C2,pca_logreg_same_split
GAGCCTGTCAGGAAAT_JIA_DC_2,C1,Naïve-like ILC,pca_logreg_same_split
CTCGTACGTAAGTAGT_JIA_CD7_5,C2,C2,pca_logreg_same_split
TTGACTTTCATTTGGG_JIA_Total_24,C2,C2,pca_logreg_same_split
AGGGAGTCAACACCTA_JIA_CD7_5,C2,C2,pca_logreg_same_split
GACGTGCGTCTGGAGA_JIA_CD7_1,C1,Cycling NK,pca_logreg_same_split
CTGTTTAGTGGCGAAT_JIA_Total_23,CD56bright NK,CD56bright NK,pca_logreg_same_split
TGACTTTAGAGACGAA_JIA_CD7_5,Cycling NK,Cycling NK,pca_logreg_same_split
CATGGCGCAGCCTTGG_JIA_Total_23,CD56dim NK,CD56dim NK,pca_logreg_same_split
GGAATAAGTCACACGC_JIA_CD7_3,CD56bright NK,CD56bright NK,pca_logreg_same_split
GACTACAAGATCGATA_JIA_CD7_3,C3,C3,pca_logreg_same_split
GAACATCCACTGCCAG_JIA_Total_20,C3,C3,pca_logreg_same_split
GGTGAAGGTCTACCTC_JIA_Total_26,C1,C1,pca_logreg_same_split
TGAGCATTCAAGATCC_JIA_Total_10,CD56dim NK,CD56dim NK,pca_logreg_same_split
ACCAGTAAGAGCTATA_JIA_Total_14,C2,C2,pca_logreg_same_split
GGGCATCAGAGACTTA_JIA_Total_24,C3,C3,pca_logreg_same_split
ACCAGTAAGTGGGCTA_JIA_CD7_4,Cycling NK,Cycling NK,pca_logreg_same_split
AGATTGCTCAGTTAGC_JIA_CD7_5,Cycling NK,Cycling NK,pca_logreg_same_split
TATCAGGAGCTGAAAT_JIA_Total_10,Cycling NK,Cycling NK,pca_logreg_same_split
AAAGTAGTCCAGGGCT_JIA_CD7_3,C1,C1,pca_logreg_same_split
ACTGCTCAGTGCTGCC_JIA_CD7_2,CD56bright NK,CD56bright NK,pca_logreg_same_split
ATGGGAGCAGACAAGC_JIA_CD7_5,C3,C3,pca_logreg_same_split
CGGCTAGTCACCAGGC_JIA_Total_14,C1,C1,pca_logreg_same_split
CCTCAGTAGTCAAGGC_JIA_CD7_4,C2,C2,pca_logreg_same_split
GAACGGACAGGTCTCG_JIA_CD7_3,CD56dim NK,CD56dim NK,pca_logreg_same_split
GCACTCTCAGTGACAG_JIA_CD7_4,CD56dim NK,CD56dim NK,pca_logreg_same_split
ACTGATGCAAGTAGTA_JIA_CD7_5,C1,C1,pca_logreg_same_split
CTGCTGTAGACAGACC_JIA_CD7_1,C2,C3,pca_logreg_same_split
GTGTTAGCAGGAACGT_JIA_CD7_5,CD56bright NK,CD56bright NK,pca_logreg_same_split
GCTGCTTGTTGATTGC_JIA_Total_17,Naïve-like ILC,Naïve-like ILC,pca_logreg_same_split
CTGTGCTGTTAAGTAG_JIA_CD7_5,C2,C3,pca_logreg_same_split
CCACCTAAGGGTGTGT_JIA_CD7_5,C2,C3,pca_logreg_same_split
AGAGCGAAGGGTCGAT_JIA_CD7_4,Cycling NK,C1,pca_logreg_same_split
GACGTGCAGTGCCAGA_JIA_CD7_4,C2,C2,pca_logreg_same_split
CTCGGGAAGGGTATCG_JIA_CD7_5,C2,C2,pca_logreg_same_split
TTAGTTCGTAGGGTAC_JIA_CD7_5,CD56dim NK,CD56dim NK,pca_logreg_same_split
AGAGCTTTCATCGCTC_JIA_CD7_3,CD56dim NK,CD56dim NK,pca_logreg_same_split
TCGGGACAGGGAACGG_JIA_CD7_2,Cycling NK,Cycling NK,pca_logreg_same_split
CATTATCTCACCGGGT_JIA_CD7_5,C2,C2,pca_logreg_same_split
CTGCCTACATTCCTGC_JIA_CD7_5,CD56bright NK,C1,pca_logreg_same_split
CAGCATAGTCATGCCG_JIA_CD7_3,CD56dim NK,CD56dim NK,pca_logreg_same_split
TAAGAGAGTCCAGTGC_JIA_Total_25,Cycling NK,Cycling NK,pca_logreg_same_split
TCAATCTCACATGACT_JIA_CD7_3,CD56dim NK,CD56dim NK,pca_logreg_same_split
CCTAGCTTCTGCCAGG_JIA_CD7_2,CD56bright NK,CD56bright NK,pca_logreg_same_split
ACATACGGTAACGTTC_JIA_CD7_4,C2,C2,pca_logreg_same_split
GCAAACTTCGCCAGCA_JIA_CD7_4,C2,C2,pca_logreg_same_split
CTCTGGTAGGGTTTCT_JIA_CD7_4,C2,C3,pca_logreg_same_split
GCTCCTAAGACAAAGG_JIA_CD7_1,C2,C2,pca_logreg_same_split
ATTTCTGGTTGCGCAC_JIA_Total_26,C1,C1,pca_logreg_same_split
CACAGGCGTGCTAGCC_JIA_CD7_5,C3,C2,pca_logreg_same_split
CGGACTGCAGTCACTA_JIA_CD7_4,CD56bright NK,C1,pca_logreg_same_split
ATCTACTAGTCCATAC_JIA_CD7_4,C1,C1,pca_logreg_same_split
ATAGACCGTCTCCCTA_JIA_CD7_2,CD56dim NK,CD56dim NK,pca_logreg_same_split
GCTTGAAGTCCAGTGC_JIA_CD7_5,CD56dim NK,CD56dim NK,pca_logreg_same_split
TTAGGACAGGGTCGAT_JIA_CD7_4,C1,C1,pca_logreg_same_split
TGGCTGGTCATTGCGA_JIA_CD7_3,C1,Naïve-like ILC,pca_logreg_same_split
CGCCAAGCAGCCAATT_JIA_Total_25,CD56dim NK,CD56dim NK,pca_logreg_same_split
GGGCATCGTTTGGGCC_JIA_CD7_3,CD56bright NK,CD56bright NK,pca_logreg_same_split
CCGGTAGCAAGCGAGT_JIA_CD7_3,CD56dim NK,CD56dim NK,pca_logreg_same_split
CATGGCGGTTCGGGCT_JIA_Total_1,CD56bright NK,ILC2,pca_logreg_same_split
GACGGCTTCCTCAACC_JIA_CD7_3,C1,C1,pca_logreg_same_split
TGGTTAGGTCGGATCC_JIA_CD7_3,ILC2,ILC2,pca_logreg_same_split
ATCTACTCACCCATTC_JIA_CD7_3,Naïve-like ILC,Naïve-like ILC,pca_logreg_same_split
CCACTACCAACTGCGC_JIA_Total_7,CD56bright NK,CD56bright NK,pca_logreg_same_split
TGTGTTTAGGCATTGG_JIA_Total_17,Cycling NK,C3,pca_logreg_same_split
CGGGTCATCCTCAATT_JIA_Total_1,CD56dim NK,CD56dim NK,pca_logreg_same_split
CATCCACAGCTAACAA_JIA_Total_23,CD56bright NK,CD56bright NK,pca_logreg_same_split
ACTGATGTCCAAACAC_JIA_Total_10,CD56dim NK,CD56dim NK,pca_logreg_same_split
AGAATAGAGTAATCCC_JIA_Total_25,Cycling NK,Cycling NK,pca_logreg_same_split
TGACTAGAGAAACGCC_JIA_Total_4,CD56bright NK,CD56bright NK,pca_logreg_same_split
CATGGCGTCGGCTTGG_JIA_Total_24,C1,C1,pca_logreg_same_split
ATCTGCCCACTTCGAA_JIA_CD7_5,Cycling NK,Cycling NK,pca_logreg_same_split
GACGTGCTCTTCATGT_JIA_CD7_2,CD56dim NK,CD56dim NK,pca_logreg_same_split
AGTGGGACACCCTATC_JIA_Total_17,C1,C1,pca_logreg_same_split
GATCGATTCTTGTACT_JIA_CD7_3,CD56dim NK,CD56dim NK,pca_logreg_same_split
GCATGATGTGCATCTA_JIA_CD7_5,C2,C2,pca_logreg_same_split
AACTGGTCAGGGTATG_JIA_CD7_4,CD56bright NK,CD56bright NK,pca_logreg_same_split
CCACGGAGTACGCACC_JIA_CD7_5,C1,C1,pca_logreg_same_split
TTTGTCATCATTGCGA_JIA_CD7_5,Cycling NK,Cycling NK,pca_logreg_same_split
ACGAGGACAGCTTCGG_JIA_CD7_2,Naïve-like ILC,Naïve-like ILC,pca_logreg_same_split
CATCGGGAGCTCCTTC_JIA_Total_17,C1,CD56bright NK,pca_logreg_same_split
TTGACTTAGCCATCGC_JIA_CD7_5,C2,C2,pca_logreg_same_split
CAGCCGACAAGGTGTG_JIA_CD7_5,C2,C2,pca_logreg_same_split
TCACGAAGTTGTGGAG_JIA_CD7_5,Naïve-like ILC,Naïve-like ILC,pca_logreg_same_split
ACTATCTTCACGAAGG_JIA_CD7_5,C2,C2,pca_logreg_same_split
GGCTCGAAGGAGTTTA_JIA_CD7_1,C2,C2,pca_logreg_same_split
GGACAGAAGCTCCCAG_JIA_Total_24,ILC2,ILC2,pca_logreg_same_split
TTGAACGGTGGTCCGT_JIA_CD7_1,CD56dim NK,CD56dim NK,pca_logreg_same_split
CGTGTCTTCCTGTACC_JIA_CD7_5,Naïve-like ILC,Naïve-like ILC,pca_logreg_same_split
TTCTACATCAACGGCC_JIA_CD7_5,C2,C2,pca_logreg_same_split
GTAGGCCCAGACACTT_JIA_CD7_4,CD56bright NK,CD56bright NK,pca_logreg_same_split
TTTGCGCAGGATCGCA_JIA_CD7_5,ILC3,ILC3,pca_logreg_same_split
GGACATTTCGGCGGTT_JIA_Total_1,CD56bright NK,CD56bright NK,pca_logreg_same_split
AACACGTCAGTGGGAT_JIA_Total_20,C3,C3,pca_logreg_same_split
CACACAAGTTCATGGT_JIA_CD7_5,Cycling NK,Cycling NK,pca_logreg_same_split
CGCCAAGAGCAGGTCA_JIA_Total_16,CD56dim NK,CD56dim NK,pca_logreg_same_split
TGCACCTAGGAGTCTG_JIA_Total_1,CD56bright NK,CD56bright NK,pca_logreg_same_split
GTACTTTTCAGCTCGG_JIA_Total_5,C1,CD56bright NK,pca_logreg_same_split
CTGCCTAAGAAACCAT_JIA_Total_1,CD56dim NK,CD56dim NK,pca_logreg_same_split
ATGGGAGAGCTCCTCT_JIA_CD7_4,CD56dim NK,CD56dim NK,pca_logreg_same_split
TACAGTGGTTATCACG_JIA_Total_20,C1,C3,pca_logreg_same_split
TACGGATCATACTACG_JIA_CD7_5,Cycling NK,Cycling NK,pca_logreg_same_split
CTAGTGACATGTAGTC_JIA_CD7_5,C2,C2,pca_logreg_same_split
CTAGTGATCCGTACAA_JIA_CD7_2,CD56bright NK,CD56bright NK,pca_logreg_same_split
TGACAACGTTATTCTC_JIA_CD7_5,CD56bright NK,CD56bright NK,pca_logreg_same_split
AACTTTCAGTTCGATC_JIA_CD7_5,CD56dim NK,CD56dim NK,pca_logreg_same_split
CTGTGCTCAATGACCT_JIA_Total_13,CD56bright NK,CD56bright NK,pca_logreg_same_split
GTACGTATCTTAGCCC_JIA_CD7_5,Cycling NK,Cycling NK,pca_logreg_same_split
GATCAGTTCCCAAGAT_JIA_CD7_1,ILC2,ILC2,pca_logreg_same_split
TACGGTAAGGGAAACA_JIA_CD7_1,C3,C3,pca_logreg_same_split
GCATGCGGTCTCTTTA_JIA_CD7_4,C2,C2,pca_logreg_same_split
TTGACTTGTCCGAGTC_JIA_CD7_4,C1,C1,pca_logreg_same_split
TTAGTTCCACACTGCG_JIA_CD7_5,CD56dim NK,CD56dim NK,pca_logreg_same_split
GCGAGAAAGTACCGGA_JIA_CD7_1,Cycling NK,C2,pca_logreg_same_split
AGCTTGATCCGCATAA_JIA_Total_10,CD56bright NK,CD56bright NK,pca_logreg_same_split
AACTTTCAGCGTTTAC_JIA_Total_19,CD56dim NK,CD56dim NK,pca_logreg_same_split
ATGCCTCCATACCGTA_JIA_DC_1,C1,C1,pca_logreg_same_split
TTTCCTCTCCGAATGT_JIA_CD7_4,Cycling NK,Cycling NK,pca_logreg_same_split
AAGGTTCCAAGCGCTC_JIA_CD7_3,CD56bright NK,CD56bright NK,pca_logreg_same_split
AGGGTGACAGCCTATA_JIA_CD7_4,C2,C2,pca_logreg_same_split
ATGCGATTCAGGCCCA_JIA_CD7_4,C3,C3,pca_logreg_same_split
CATGGCGCAGTACACT_JIA_Total_1,CD56bright NK,CD56bright NK,pca_logreg_same_split
TGAAAGATCTAACTGG_JIA_Total_25,CD56dim NK,CD56dim NK,pca_logreg_same_split
TTAACTCCAATTCCTT_JIA_Total_2,Cycling NK,Cycling NK,pca_logreg_same_split
AACGTTGGTTCGGCAC_JIA_CD7_3,C1,C1,pca_logreg_same_split
TTCTCCTTCAACACTG_JIA_Total_4,Cycling NK,Cycling NK,pca_logreg_same_split
ACGAGGATCACCGTAA_JIA_CD7_4,C1,C1,pca_logreg_same_split
GTGCTTCAGATCTGAA_JIA_CD7_2,ILC2,ILC2,pca_logreg_same_split
AACTCAGTCTTACCTA_JIA_CD7_2,CD56bright NK,CD56bright NK,pca_logreg_same_split
ATGAGGGCACACGCTG_JIA_CD7_2,C1,C1,pca_logreg_same_split
GATCGATCAAACTGCT_JIA_CD7_1,Cycling NK,Cycling NK,pca_logreg_same_split
TTCTAGTAGGCAGGGA_JIA_DC_1,C2,C2,pca_logreg_same_split
CCATGTCGTAGCGATG_JIA_CD7_5,Cycling NK,Cycling NK,pca_logreg_same_split
AGTTGGTGTTGGAGGT_JIA_CD7_4,CD56dim NK,CD56dim NK,pca_logreg_same_split
GGACATTCACAAGACG_JIA_CD7_3,CD56dim NK,CD56dim NK,pca_logreg_same_split
TGCCAAAAGGGCACTA_JIA_CD7_5,C2,C2,pca_logreg_same_split
TGCCCTAAGATTACCC_JIA_CD7_4,C1,C1,pca_logreg_same_split
TGTATTCGTCTAAACC_JIA_Total_11,C1,C1,pca_logreg_same_split
AGCGTCGCATCACGTA_JIA_CD7_3,ILC2,ILC2,pca_logreg_same_split
CATATGGTCGGGAGTA_JIA_CD7_4,ILC2,ILC2,pca_logreg_same_split
ATAGACCCACGCGAAA_JIA_CD7_4,CD56dim NK,CD56dim NK,pca_logreg_same_split
GCATCTCAGCCTCAGC_JIA_DC_1,C1,C1,pca_logreg_same_split
TCACGAATCGAGCCCA_JIA_CD7_4,CD56dim NK,CD56dim NK,pca_logreg_same_split
CGATTGATCGCAAGCC_JIA_CD7_4,C2,C2,pca_logreg_same_split
CAGCAGCGTAGGCTGA_JIA_CD7_4,C2,C2,pca_logreg_same_split
CTAATGGAGGCATTGG_JIA_CD7_5,Cycling NK,Cycling NK,pca_logreg_same_split
ATAGACCTCTGTCAAG_JIA_CD7_2,C1,CD56bright NK,pca_logreg_same_split
ATCATCTGTTGATTCG_JIA_CD7_4,C2,C2,pca_logreg_same_split
GAGTCCGTCATCACCC_JIA_CD7_5,ILC3,ILC3,pca_logreg_same_split
CTGTTTACACACGCTG_JIA_CD7_5,CD56dim NK,CD56dim NK,pca_logreg_same_split
CGGTTAACATGCTAGT_JIA_CD7_5,CD56bright NK,CD56bright NK,pca_logreg_same_split
ATGAGGGGTAAACCTC_JIA_CD7_5,Cycling NK,Cycling NK,pca_logreg_same_split
CATCGAATCCATGAAC_JIA_CD7_5,CD56bright NK,CD56bright NK,pca_logreg_same_split
GCAGCCACATGCCACG_JIA_Total_13,CD56dim NK,CD56dim NK,pca_logreg_same_split
AAGGTTCGTGCAACTT_JIA_CD7_5,C2,C2,pca_logreg_same_split
CTACGTCTCCGCTGTT_JIA_CD7_5,Cycling NK,Cycling NK,pca_logreg_same_split
ACATCAGTCGCGTTTC_JIA_CD7_5,C2,C2,pca_logreg_same_split
TGGGAAGGTCCGTTAA_JIA_CD7_1,C2,C2,pca_logreg_same_split
TACCTATTCGACGGAA_JIA_Total_1,CD56bright NK,CD56bright NK,pca_logreg_same_split
GCACTCTCACGAGGTA_JIA_CD7_4,Cycling NK,C1,pca_logreg_same_split
TAGTGGTGTTGGTAAA_JIA_Total_24,C1,C3,pca_logreg_same_split
GGGACCTTCTTACCGC_JIA_CD7_3,C1,C1,pca_logreg_same_split
GGGACAAGTCGTACAT_JIA_DC_2,C1,C1,pca_logreg_same_split
ACTATCTTCTCAAGTG_JIA_Total_20,C3,C2,pca_logreg_same_split
ACATCAGTCCCTAATT_JIA_CD7_2,CD56bright NK,CD56bright NK,pca_logreg_same_split
TGCACCTAGGTGCACA_JIA_Total_23,CD56dim NK,CD56dim NK,pca_logreg_same_split
GCGCCAATCCTCTAGC_JIA_CD7_2,CD56dim NK,CD56dim NK,pca_logreg_same_split
TATCTCAGTCCGACGT_JIA_CD7_2,Cycling NK,Cycling NK,pca_logreg_same_split
CGTAGGCGTCAAAGCG_JIA_Total_26,Naïve-like ILC,Naïve-like ILC,pca_logreg_same_split
GTGCGGTAGCCCAGCT_JIA_CD7_5,C2,C2,pca_logreg_same_split
ATCATGGGTTCATGGT_JIA_Total_10,CD56bright NK,CD56bright NK,pca_logreg_same_split
CGTCCATGTCTAGGTT_JIA_CD7_5,CD56bright NK,CD56bright NK,pca_logreg_same_split
TGAGCCGCACAGCCCA_JIA_CD7_2,CD56bright NK,CD56bright NK,pca_logreg_same_split
AACTTTCGTTACGCGC_JIA_CD7_4,C1,C1,pca_logreg_same_split
AAGTCTGAGGACTGGT_JIA_CD7_3,Cycling NK,Cycling NK,pca_logreg_same_split
GTAGTCAGTATTCGTG_JIA_CD7_5,CD56dim NK,CD56dim NK,pca_logreg_same_split
CTAGAGTAGTACGCGA_JIA_CD7_4,C3,C3,pca_logreg_same_split
GATCAGTGTTCGCGAC_JIA_CD7_3,C3,C3,pca_logreg_same_split
CTCCTAGCAGCAGTTT_JIA_CD7_1,CD56dim NK,CD56dim NK,pca_logreg_same_split
GTCGGGTGTGTCCTCT_JIA_CD7_3,C2,C3,pca_logreg_same_split
ATCTACTGTAAATGTG_JIA_CD7_5,CD56dim NK,CD56dim NK,pca_logreg_same_split
GGCTGGTAGCAGGCTA_JIA_CD7_1,CD56dim NK,CD56dim NK,pca_logreg_same_split
GGGCACTTCCTCGCAT_JIA_CD7_5,CD56dim NK,CD56dim NK,pca_logreg_same_split
TGGTTCCTCCGCTGTT_JIA_CD7_4,C3,C3,pca_logreg_same_split
CAACTAGCACTTCGAA_JIA_CD7_2,CD56bright NK,CD56bright NK,pca_logreg_same_split
GAATGAACATAGGATA_JIA_CD7_2,ILC2,ILC2,pca_logreg_same_split
ACAGCTAGTGAGTATA_JIA_Total_16,CD56dim NK,CD56dim NK,pca_logreg_same_split
GGATGTTCATATACGC_JIA_CD7_5,Cycling NK,Cycling NK,pca_logreg_same_split
CGTTGGGTCATTGCGA_JIA_CD7_3,Cycling NK,Cycling NK,pca_logreg_same_split
TGGACGCCAGAGTGTG_JIA_CD7_2,C1,C1,pca_logreg_same_split
CGTGTAACACATGGGA_JIA_CD7_4,C2,C2,pca_logreg_same_split
AGCTTGACATGACGGA_JIA_CD7_4,C3,C3,pca_logreg_same_split
CTACCCATCCAAGTAC_JIA_CD7_4,C2,C2,pca_logreg_same_split
GGCCGATCAGCGTAAG_JIA_CD7_5,C2,C2,pca_logreg_same_split
GGTGCGTTCGTGGGAA_JIA_CD7_1,Cycling NK,Cycling NK,pca_logreg_same_split
TGCTGCTAGCACGCCT_JIA_CD7_3,Cycling NK,C1,pca_logreg_same_split
ATGGGAGTCACTATTC_JIA_CD7_5,Cycling NK,Cycling NK,pca_logreg_same_split
GCTCTGTTCGCTGATA_JIA_CD7_1,Cycling NK,Cycling NK,pca_logreg_same_split
ACGAGCCTCGTCACGG_JIA_CD7_2,ILC2,ILC2,pca_logreg_same_split
TCGCGTTGTACTCAAC_JIA_CD7_2,CD56bright NK,CD56bright NK,pca_logreg_same_split
GTCTCGTAGTAATCCC_JIA_Total_20,C3,C3,pca_logreg_same_split
ATTGGTGCAACTGCGC_JIA_CD7_4,CD56dim NK,CD56dim NK,pca_logreg_same_split
AGCGTCGCACTCTGTC_JIA_Total_25,CD56dim NK,CD56dim NK,pca_logreg_same_split
TCGAGGCCAATAAGCA_JIA_CD7_2,Cycling NK,CD56dim NK,pca_logreg_same_split
TCACAAGTCATCACCC_JIA_CD7_5,ILC2,ILC2,pca_logreg_same_split
TTCTCAACATGGGACA_JIA_CD7_4,C2,C2,pca_logreg_same_split
CTCATTAAGTTTGCGT_JIA_CD7_5,Cycling NK,Cycling NK,pca_logreg_same_split
CGAGCCAAGTGCTGCC_JIA_CD7_5,Cycling NK,Cycling NK,pca_logreg_same_split
ACGGAGAGTATAGGTA_JIA_CD7_2,C1,C1,pca_logreg_same_split
GCAAACTAGCCAGAAC_JIA_CD7_2,C1,CD56bright NK,pca_logreg_same_split
GTCAAGTTCCAGAGGA_JIA_CD7_5,CD56bright NK,CD56bright NK,pca_logreg_same_split
CATCAGAAGCTCCTTC_JIA_CD7_4,CD56dim NK,CD56dim NK,pca_logreg_same_split
CGCGGTACAGTATCTG_JIA_CD7_2,CD56dim NK,CD56dim NK,pca_logreg_same_split
TTAGGCAGTGTGACCC_JIA_Total_5,C1,C1,pca_logreg_same_split
GGCCGATAGTGTCCCG_JIA_Total_2,C1,C1,pca_logreg_same_split
GCTTCCATCAACCATG_JIA_CD7_2,ILC2,ILC2,pca_logreg_same_split
AAGGAGCTCAAAGTAG_JIA_Total_14,C1,C1,pca_logreg_same_split
CTTGGCTGTTCGCTAA_JIA_Total_10,Cycling NK,Cycling NK,pca_logreg_same_split
TGAGAGGAGCGTAATA_JIA_CD7_2,ILC2,ILC2,pca_logreg_same_split
CATGCCTCAGTCAGAG_JIA_CD7_2,CD56dim NK,CD56dim NK,pca_logreg_same_split
ACTGAACTCGCCAGCA_JIA_CD7_4,C1,C1,pca_logreg_same_split
ACACCAACATCGTGGC_JIA_CD45_1,CD56dim NK,CD56dim NK,pca_logreg_same_split
CTACGTCAGGGAAACA_JIA_Total_4,CD56bright NK,CD56bright NK,pca_logreg_same_split
AAGCGTTTCCGTAGGC_JIA_DC_1,C1,C1,pca_logreg_same_split
ACGCCGAGTTTGTTTC_JIA_Total_20,C2,C2,pca_logreg_same_split
AGGCCACTCGCTGATA_JIA_CD7_3,CD56dim NK,CD56dim NK,pca_logreg_same_split
ATAACGCTCAGAAATG_JIA_CD7_2,C1,C1,pca_logreg_same_split
ACATACGTCGCAAACT_JIA_CD7_5,C2,C2,pca_logreg_same_split
CTTGGCTCAAGTTGTC_JIA_CD7_2,CD56dim NK,CD56dim NK,pca_logreg_same_split
TGTGTTTAGATCCGAG_JIA_CD7_2,ILC2,ILC2,pca_logreg_same_split
CAGCAGCGTAGTACCT_JIA_CD7_4,C1,C1,pca_logreg_same_split
CCGGTAGCACGAAGCA_JIA_CD7_2,CD56bright NK,CD56bright NK,pca_logreg_same_split
ACGTCAAGTTATCCGA_JIA_CD7_2,C1,CD56bright NK,pca_logreg_same_split
AGGCCACCAGAGTGTG_JIA_Total_25,CD56dim NK,CD56dim NK,pca_logreg_same_split
CGTTAGAAGGGCTTGA_JIA_CD7_5,Cycling NK,Cycling NK,pca_logreg_same_split
GTGTTAGCAACACCTA_JIA_CD7_5,CD56bright NK,CD56bright NK,pca_logreg_same_split
GTTACAGTCACGACTA_JIA_Total_24,C1,C1,pca_logreg_same_split
TCAGGTAGTATAGGTA_JIA_CD7_2,CD56dim NK,CD56dim NK,pca_logreg_same_split
CGACTTCGTTGGAGGT_JIA_CD7_3,C2,Cycling NK,pca_logreg_same_split
AGTGTCAGTTCGTCTC_JIA_CD7_1,Cycling NK,Cycling NK,pca_logreg_same_split
AAGGTTCCACCTGGTG_JIA_CD7_5,C1,C1,pca_logreg_same_split
GGACGTCCATCACGTA_JIA_CD7_2,CD56bright NK,CD56bright NK,pca_logreg_same_split
AAGCCGCCAGCCAATT_JIA_Total_5,Cycling NK,Cycling NK,pca_logreg_same_split
TTCTTAGGTCATCCCT_JIA_CD7_5,C2,C2,pca_logreg_same_split
TGAGCATGTCGGCATC_JIA_CD7_2,Cycling NK,Cycling NK,pca_logreg_same_split
ACGGCCAGTTCCAACA_JIA_CD7_4,C1,C1,pca_logreg_same_split
GAGTCCGCACAGTCGC_JIA_CD7_1,CD56dim NK,CD56dim NK,pca_logreg_same_split
GTGTCCTAGCTAATGA_JIA_DC_1,C1,C1,pca_logreg_same_split
GAACCTATCCGTCAAA_JIA_CD7_5,C2,C2,pca_logreg_same_split
AACAGGGTCGTGAGAG_JIA_CD45_1,CD56dim NK,CD56bright NK,pca_logreg_same_split
GGGATGAAGGAGCGTT_JIA_CD7_4,C1,C2,pca_logreg_same_split
AGTGTCAAGCTGAAAT_JIA_CD7_5,CD56dim NK,CD56dim NK,pca_logreg_same_split
TCAATCTTCAGGATCT_JIA_Total_1,CD56dim NK,CD56dim NK,pca_logreg_same_split
TTGGAACGTAGCGCTC_JIA_CD7_3,ILC3,Naïve-like ILC,pca_logreg_same_split
CGGACTGTCTCTAGGA_JIA_Total_20,C2,C2,pca_logreg_same_split
TTCGAAGCACACAGAG_JIA_CD7_5,Cycling NK,Cycling NK,pca_logreg_same_split
CGAGCCAGTGCACTTA_JIA_CD7_5,Naïve-like ILC,C1,pca_logreg_same_split
TGCGGGTTCTGACCTC_JIA_CD7_1,C2,C2,pca_logreg_same_split
TGACTAGTCTGAAAGA_JIA_CD7_5,CD56dim NK,CD56dim NK,pca_logreg_same_split
TACGGGCGTCGCATCG_JIA_Total_14,C1,C1,pca_logreg_same_split
TTCTACAGTGCAGGTA_JIA_Total_19,CD56dim NK,CD56dim NK,pca_logreg_same_split
GATGAAAGTTCGGCAC_JIA_CD7_4,C3,C3,pca_logreg_same_split
TTTGCGCCAAGAAAGG_JIA_CD7_5,C3,C3,pca_logreg_same_split
TTAGGCACAATCTGCA_JIA_CD7_5,C2,C2,pca_logreg_same_split
CAGAATCTCCGTAGTA_JIA_CD7_3,C3,C3,pca_logreg_same_split
CCTACCAAGGCTCAGA_JIA_CD7_5,CD56dim NK,CD56dim NK,pca_logreg_same_split
AAGGTTCAGGAGTACC_JIA_CD7_3,CD56dim NK,CD56dim NK,pca_logreg_same_split
CCCAGTTGTAATTGGA_JIA_CD7_4,C3,C3,pca_logreg_same_split
GTGTGCGTCGAATCCA_JIA_Total_19,CD56bright NK,CD56bright NK,pca_logreg_same_split
CAGATCACACCGAATT_JIA_CD7_2,C1,CD56bright NK,pca_logreg_same_split
AACCATGGTTCGGCAC_JIA_CD7_4,ILC2,ILC2,pca_logreg_same_split
CGCCAAGGTGTGCGTC_JIA_Total_20,ILC3,ILC3,pca_logreg_same_split
CCGTTCAAGCGATGAC_JIA_CD7_4,Cycling NK,Cycling NK,pca_logreg_same_split
AGTGAGGCATTCGACA_JIA_CD7_4,ILC2,ILC2,pca_logreg_same_split
TGGTTAGGTAGTACCT_JIA_CD7_3,CD56dim NK,CD56dim NK,pca_logreg_same_split
TTGGCAAGTACAAGTA_JIA_CD7_2,ILC2,ILC2,pca_logreg_same_split
CGGAGTCCACAACGTT_JIA_CD7_4,ILC2,ILC2,pca_logreg_same_split
GATGCTATCGCGTTTC_JIA_CD7_5,CD56dim NK,CD56dim NK,pca_logreg_same_split
CAGGGCTCAGCTCGGT_JIA_DC_2,C3,C3,pca_logreg_same_split
CAAGTTGGTTACGTCA_JIA_Total_7,ILC2,ILC2,pca_logreg_same_split
CTGAAGTGTTCCAACA_JIA_CD7_2,C1,CD56bright NK,pca_logreg_same_split
GTCTTCGCAGTGAGTG_JIA_CD7_4,C1,C1,pca_logreg_same_split
CTAATGGGTATGAATG_JIA_CD7_4,C1,C1,pca_logreg_same_split
CTCGAAACAGCTGTGC_JIA_CD7_2,CD56bright NK,CD56bright NK,pca_logreg_same_split
CAGGTGCCATCGGAAG_JIA_CD7_3,ILC2,ILC2,pca_logreg_same_split
GGGATGAGTGCATCTA_JIA_CD7_4,C1,C1,pca_logreg_same_split
GACACGCTCAGTTGAC_JIA_CD7_4,C1,C1,pca_logreg_same_split
CACACTCTCGATGAGG_JIA_Total_1,CD56dim NK,CD56dim NK,pca_logreg_same_split
TTTGGTTGTTCCAACA_JIA_CD7_2,Cycling NK,Cycling NK,pca_logreg_same_split
GTAGTCATCATATCGG_JIA_CD7_3,Cycling NK,Cycling NK,pca_logreg_same_split
GGGACCTTCTATCCTA_JIA_Total_24,C1,C1,pca_logreg_same_split
CGTGTCTTCCACGAAT_JIA_Total_24,C3,C3,pca_logreg_same_split
AGAGCTTAGCTGTTCA_JIA_CD7_3,CD56dim NK,CD56dim NK,pca_logreg_same_split
CTGATAGCAAGCCGCT_JIA_Total_2,C2,C2,pca_logreg_same_split
GTGCATATCTGAGGGA_JIA_CD7_5,Cycling NK,Cycling NK,pca_logreg_same_split
CGAATGTAGAGAGCTC_JIA_CD7_5,CD56dim NK,CD56dim NK,pca_logreg_same_split
AGAGTGGAGTAGCGGT_JIA_CD7_2,CD56bright NK,CD56bright NK,pca_logreg_same_split
CCACCTAGTCTGCAAT_JIA_CD7_5,CD56bright NK,CD56bright NK,pca_logreg_same_split
GGTGTTACACTACAGT_JIA_CD7_4,ILC3,ILC3,pca_logreg_same_split
ACGATGTCACGTTGGC_JIA_CD7_1,CD56dim NK,Cycling NK,pca_logreg_same_split
TATCAGGCAGTCTTCC_JIA_CD7_1,Cycling NK,Cycling NK,pca_logreg_same_split
AGGTCATCATCACCCT_JIA_Total_14,C1,Cycling NK,pca_logreg_same_split
TCTTCGGGTGTCCTCT_JIA_CD7_4,C2,C2,pca_logreg_same_split
TTCCCAGCAAGCCATT_JIA_CD7_3,CD56bright NK,C1,pca_logreg_same_split
TGCCAAATCCTAGGGC_JIA_Total_5,C1,C1,pca_logreg_same_split
GGAAAGCAGAGACGAA_JIA_Total_1,Cycling NK,Cycling NK,pca_logreg_same_split
GTGCATATCTTAGCCC_JIA_Total_23,Cycling NK,Cycling NK,pca_logreg_same_split
GCGCCAACAATGTAAG_JIA_CD7_5,Cycling NK,Cycling NK,pca_logreg_same_split
GAACATCGTGGACGAT_JIA_CD7_3,CD56dim NK,CD56dim NK,pca_logreg_same_split
CGTTCTGAGTGTCCCG_JIA_CD7_4,Cycling NK,Cycling NK,pca_logreg_same_split
ACTATCTCATACCATG_JIA_CD7_1,Cycling NK,Cycling NK,pca_logreg_same_split
CTGCTGTCAAACGCGA_JIA_Total_24,Naïve-like ILC,C3,pca_logreg_same_split
GCAAACTAGTCAAGCG_JIA_Total_1,CD56dim NK,CD56dim NK,pca_logreg_same_split
CAGTAACCACCGGAAA_JIA_CD7_1,C2,C2,pca_logreg_same_split
CAGAATCGTGTCAATC_JIA_CD7_1,C2,C2,pca_logreg_same_split
CGTTGGGGTCTCTCTG_JIA_CD7_5,C1,C1,pca_logreg_same_split
GAAATGAAGTGTGAAT_JIA_CD7_1,Cycling NK,Cycling NK,pca_logreg_same_split
TCAGCTCAGAGGGATA_JIA_CD7_3,C1,C1,pca_logreg_same_split
AGCGTATCACACATGT_JIA_CD7_5,ILC2,ILC2,pca_logreg_same_split
TGTGGTAGTCAGAAGC_JIA_CD7_4,C2,C2,pca_logreg_same_split
GTTCATTCACGGTAGA_JIA_CD7_5,C1,C1,pca_logreg_same_split
CCACTTGGTCGTATGT_JIA_DC_1,CD56bright NK,CD56bright NK,pca_logreg_same_split
AGCAGCCAGGTAGCTG_JIA_Total_1,Cycling NK,Cycling NK,pca_logreg_same_split
GCGCAGTAGTACGTAA_JIA_Total_2,C1,C1,pca_logreg_same_split
GGAGCAACATTCTCAT_JIA_CD7_3,C1,C1,pca_logreg_same_split
AAGACCTCATAAAGGT_JIA_Total_24,C3,C1,pca_logreg_same_split
GAGGTGAGTCCTCTTG_JIA_CD7_4,C1,C1,pca_logreg_same_split
CGTCTACAGGGATACC_JIA_Total_19,CD56dim NK,CD56bright NK,pca_logreg_same_split
GTGCAGCGTCCGAACC_JIA_CD7_3,Naïve-like ILC,ILC3,pca_logreg_same_split
GTCCTCATCCTCAATT_JIA_CD7_4,C1,C1,pca_logreg_same_split
CGGACTGAGCAATATG_JIA_CD7_4,CD56bright NK,CD56bright NK,pca_logreg_same_split
ACTGAACTCTGCTGTC_JIA_CD7_2,CD56dim NK,CD56dim NK,pca_logreg_same_split
GACGCGTGTCCAACTA_JIA_CD7_3,C2,C2,pca_logreg_same_split
GTCTCGTGTCGTCTTC_JIA_CD7_5,Cycling NK,Cycling NK,pca_logreg_same_split
GGACATTGTACGCACC_JIA_CD7_5,C2,C2,pca_logreg_same_split
CACACTCAGGATATAC_JIA_Total_16,CD56dim NK,CD56dim NK,pca_logreg_same_split
CATATGGTCGCACTCT_JIA_CD7_1,C2,C2,pca_logreg_same_split
ATCCACCGTCCAGTGC_JIA_CD7_5,CD56dim NK,CD56dim NK,pca_logreg_same_split
TTGAACGTCTACTCAT_JIA_CD7_5,C2,C2,pca_logreg_same_split
AGAGCTTTCCTCATTA_JIA_CD7_2,C1,C1,pca_logreg_same_split
GGTATTGGTTTCGCTC_JIA_CD7_1,CD56dim NK,CD56dim NK,pca_logreg_same_split
CTCGGAGCAATTCCTT_JIA_CD7_4,CD56dim NK,CD56dim NK,pca_logreg_same_split
CGTGTAATCGCTTAGA_JIA_Total_1,CD56dim NK,CD56dim NK,pca_logreg_same_split
GTCAAGTTCGGATGGA_JIA_CD7_5,Cycling NK,Cycling NK,pca_logreg_same_split
CTCTGGTGTTTAGCTG_JIA_CD7_3,CD56dim NK,CD56dim NK,pca_logreg_same_split
GGGAGATCAGTATGCT_JIA_CD7_2,CD56dim NK,CD56dim NK,pca_logreg_same_split
GTCCTCAGTCTCTTAT_JIA_CD7_2,CD56dim NK,CD56dim NK,pca_logreg_same_split
CATCCACGTAAACCTC_JIA_CD7_4,CD56bright NK,CD56bright NK,pca_logreg_same_split
TTTATGCTCTCGCTTG_JIA_CD7_4,Cycling NK,Cycling NK,pca_logreg_same_split
CCTCAGTAGGCGTACA_JIA_Total_1,CD56bright NK,CD56bright NK,pca_logreg_same_split
TGAGCATCATATACCG_JIA_CD7_4,Cycling NK,Cycling NK,pca_logreg_same_split
GCATGCGGTTCGCTAA_JIA_CD7_4,C1,CD56bright NK,pca_logreg_same_split
CCTTCCCTCTTGTTTG_JIA_Total_4,CD56dim NK,CD56dim NK,pca_logreg_same_split
CTGAAACAGCACAGGT_JIA_CD7_3,Cycling NK,Cycling NK,pca_logreg_same_split
CGTCTACCACATTTCT_JIA_CD7_3,Cycling NK,Cycling NK,pca_logreg_same_split
AGCAGCCCACCAGGCT_JIA_CD7_2,CD56bright NK,CD56bright NK,pca_logreg_same_split
GATCGCGGTAGGACAC_JIA_CD7_1,C2,C2,pca_logreg_same_split
CTAACTTTCAGTCCCT_JIA_Total_19,CD56bright NK,CD56bright NK,pca_logreg_same_split
TAGACCACACTGCCAG_JIA_CD7_2,ILC2,ILC2,pca_logreg_same_split
AACTGGTGTACAAGTA_JIA_CD7_5,CD56bright NK,CD56bright NK,pca_logreg_same_split
AACTCAGGTCTTCTCG_JIA_CD7_1,CD56dim NK,CD56dim NK,pca_logreg_same_split
GTAGTCAAGGGAACGG_JIA_CD7_5,CD56bright NK,CD56bright NK,pca_logreg_same_split
CGGAGTCCACGCATCG_JIA_CD7_2,CD56dim NK,CD56dim NK,pca_logreg_same_split
ACCGTAAAGATCTGCT_JIA_CD7_3,ILC2,ILC2,pca_logreg_same_split
CGTCACTCACGTCTCT_JIA_CD7_5,C3,C3,pca_logreg_same_split
ACATCAGTCAGTTCGA_JIA_CD7_3,C1,C1,pca_logreg_same_split
AAGACCTTCCTAGTGA_JIA_CD7_4,CD56dim NK,CD56dim NK,pca_logreg_same_split
GCACTCTCAATCACAC_JIA_Total_24,C2,C2,pca_logreg_same_split
GACAGAGTCATGCAAC_JIA_CD7_1,C2,C2,pca_logreg_same_split
GCGCAGTGTAGTAGTA_JIA_Total_26,Cycling NK,Cycling NK,pca_logreg_same_split
GAATGAAGTTTAGCTG_JIA_CD7_5,CD56dim NK,CD56dim NK,pca_logreg_same_split
CGATGTAAGTGTCCCG_JIA_CD7_1,C3,C3,pca_logreg_same_split
GACGTGCCAGATCCAT_JIA_CD7_5,C2,C2,pca_logreg_same_split
CGGACTGCAATCCGAT_JIA_CD7_2,C1,C1,pca_logreg_same_split
TGGGAAGGTATGAATG_JIA_CD7_3,CD56dim NK,CD56dim NK,pca_logreg_same_split
CACATAGGTATGCTTG_JIA_CD7_2,ILC2,ILC2,pca_logreg_same_split
GGCAATTTCGCTAGCG_JIA_CD7_4,C2,C2,pca_logreg_same_split
GTAACTGAGCAGACTG_JIA_CD7_5,CD56bright NK,CD56bright NK,pca_logreg_same_split
CACAAACAGCTTATCG_JIA_Total_13,CD56bright NK,CD56bright NK,pca_logreg_same_split
ACGGCCAAGATCCGAG_JIA_CD7_3,C2,C2,pca_logreg_same_split
CTGCGGACAATGAAAC_JIA_CD7_2,Cycling NK,Cycling NK,pca_logreg_same_split
TCGAGGCGTGCTAGCC_JIA_CD7_5,CD56dim NK,CD56dim NK,pca_logreg_same_split
GACCTGGCAGAAGCAC_JIA_Total_24,Naïve-like ILC,Naïve-like ILC,pca_logreg_same_split
CCTACACTCAAGAAGT_JIA_CD7_4,CD56dim NK,CD56dim NK,pca_logreg_same_split
TGCGGGTCAGAGTGTG_JIA_CD7_4,ILC2,ILC2,pca_logreg_same_split
CCTTCCCAGATGGCGT_JIA_CD7_4,C2,C2,pca_logreg_same_split
TCATTACCATAAAGGT_JIA_CD7_2,CD56dim NK,CD56dim NK,pca_logreg_same_split
TATCAGGCAGCTGTAT_JIA_CD7_3,CD56bright NK,CD56bright NK,pca_logreg_same_split
ACGCAGCTCATGTCCC_JIA_CD7_5,Cycling NK,Cycling NK,pca_logreg_same_split
CTAATGGAGACCTTTG_JIA_CD7_5,C1,C1,pca_logreg_same_split
CGAGCCATCACTATTC_JIA_CD7_5,C3,C3,pca_logreg_same_split
TGAAAGATCACCGGGT_JIA_CD7_2,CD56dim NK,CD56dim NK,pca_logreg_same_split
AGTGAGGGTTTGTTTC_JIA_CD7_1,Cycling NK,Cycling NK,pca_logreg_same_split
GGCAATTAGATGAGAG_JIA_CD7_4,Naïve-like ILC,Naïve-like ILC,pca_logreg_same_split
TGATTTCAGTAGTGCG_JIA_CD7_5,Cycling NK,Cycling NK,pca_logreg_same_split
TAAACCGCATAGGATA_JIA_Total_7,CD56dim NK,CD56dim NK,pca_logreg_same_split
TGAGCATCATGTTGAC_JIA_Total_5,C2,C2,pca_logreg_same_split
CCGGTAGTCGGCCGAT_JIA_CD7_5,C2,C2,pca_logreg_same_split
CTCGGGACATTGGTAC_JIA_CD7_4,CD56dim NK,CD56dim NK,pca_logreg_same_split
CATGCCTTCAAACCAC_JIA_CD7_3,C1,C1,pca_logreg_same_split
AGTAGTCAGGGCACTA_JIA_CD7_3,ILC2,ILC2,pca_logreg_same_split
TCAGCTCGTATAGGTA_JIA_CD7_4,C2,C2,pca_logreg_same_split
CAGGTGCTCCCTTGTG_JIA_CD7_5,Cycling NK,Cycling NK,pca_logreg_same_split
AAAGATGAGGCTAGAC_JIA_Total_19,CD56bright NK,CD56bright NK,pca_logreg_same_split
GAAACTCGTGACTCAT_JIA_CD7_3,C2,C2,pca_logreg_same_split
TGAGAGGGTCTAGCGC_JIA_CD7_1,C2,C2,pca_logreg_same_split
ATCCGAATCCGGGTGT_JIA_CD7_4,C2,C2,pca_logreg_same_split
ACTTGTTAGTACGACG_JIA_CD7_3,CD56bright NK,CD56bright NK,pca_logreg_same_split
GCGCAGTAGTGCCATT_JIA_Total_24,C1,C1,pca_logreg_same_split
GATCGATCAACGCACC_JIA_CD7_5,CD56dim NK,CD56dim NK,pca_logreg_same_split
CGATGGCAGTATTGGA_JIA_Total_19,CD56bright NK,CD56bright NK,pca_logreg_same_split
CGTAGGCGTGCACTTA_JIA_CD7_4,ILC2,ILC2,pca_logreg_same_split
GCGCAGTCACTTAACG_JIA_CD7_5,Cycling NK,Cycling NK,pca_logreg_same_split
GTCTTCGAGGCCCTTG_JIA_CD7_2,CD56bright NK,CD56bright NK,pca_logreg_same_split
CTACGTCAGGATGGTC_JIA_CD7_5,ILC3,ILC3,pca_logreg_same_split
GGCTGGTAGAGCTATA_JIA_CD7_4,C1,C1,pca_logreg_same_split
GCATGATTCTGGTATG_JIA_CD7_5,CD56dim NK,CD56dim NK,pca_logreg_same_split
GCTGCTTAGCGATTCT_JIA_CD7_5,Cycling NK,Cycling NK,pca_logreg_same_split
ACTGATGTCGAATCCA_JIA_CD7_5,C1,C1,pca_logreg_same_split
TGACTTTTCTACTCAT_JIA_CD7_3,C2,C2,pca_logreg_same_split
TCAGGATGTTGGTAAA_JIA_CD7_4,Cycling NK,Cycling NK,pca_logreg_same_split
CACATTTCATAGTAAG_JIA_CD7_5,Naïve-like ILC,Naïve-like ILC,pca_logreg_same_split
CCTACACAGTCTTGCA_JIA_CD7_3,C2,C2,pca_logreg_same_split
CAAGATCAGGCAGGTT_JIA_Total_25,CD56bright NK,CD56bright NK,pca_logreg_same_split
AGAATAGAGGCCCGTT_JIA_CD7_1,C3,C3,pca_logreg_same_split
GATGCTAGTGACTCAT_JIA_Total_7,CD56dim NK,CD56dim NK,pca_logreg_same_split
GTGGAAGCAGCTGGTC_JIA_DC_2,Cycling NK,Cycling NK,pca_logreg_same_split
AGGTCCGTCCAAGCCG_JIA_Total_24,C1,C1,pca_logreg_same_split
CCTTCGACACTTCTGC_JIA_CD7_3,CD56dim NK,CD56dim NK,pca_logreg_same_split
AGGGAGTCACGTTGGC_JIA_CD7_4,C3,C3,pca_logreg_same_split
CGTCCATCACATTCGA_JIA_CD7_1,C2,C2,pca_logreg_same_split
CTCGGGATCTGCAGTA_JIA_CD7_5,Cycling NK,Cycling NK,pca_logreg_same_split
CGATGGCTCCGTAGTA_JIA_CD7_2,Cycling NK,Cycling NK,pca_logreg_same_split
CGAACATGTCGGATCC_JIA_Total_20,C1,C1,pca_logreg_same_split
GGACATTGTAGCTAAA_JIA_Total_4,CD56dim NK,CD56dim NK,pca_logreg_same_split
GCCAAATAGTGTGAAT_JIA_Total_20,C2,C2,pca_logreg_same_split
GTGCAGCAGACGCACA_JIA_CD7_4,C3,C3,pca_logreg_same_split
TCGCGAGTCAGAAATG_JIA_CD7_5,C1,C1,pca_logreg_same_split
CGAGAAGAGCCAGAAC_JIA_CD7_5,Cycling NK,Cycling NK,pca_logreg_same_split
GGGCACTGTTCCAACA_JIA_CD7_3,ILC2,ILC2,pca_logreg_same_split
GGGCATCCACGCGAAA_JIA_CD7_5,ILC3,ILC3,pca_logreg_same_split
GCGCCAAAGAATTCCC_JIA_Total_14,C1,C1,pca_logreg_same_split
CATTATCAGATCTGCT_JIA_CD7_4,C1,C1,pca_logreg_same_split
TTCTTAGAGGCCCGTT_JIA_CD7_5,C2,C3,pca_logreg_same_split
TTTACTGCACCATCCT_JIA_Total_2,Cycling NK,Cycling NK,pca_logreg_same_split
CCTTCGATCTGATACG_JIA_CD7_3,Cycling NK,Cycling NK,pca_logreg_same_split
CTGATAGTCCAAGTAC_JIA_Total_23,CD56bright NK,CD56bright NK,pca_logreg_same_split
ATGCGATTCACTTATC_JIA_CD7_3,CD56bright NK,CD56bright NK,pca_logreg_same_split
GTTACAGTCGCAAACT_JIA_Total_17,ILC3,ILC3,pca_logreg_same_split
CACACCTTCACATACG_JIA_CD7_4,C3,C3,pca_logreg_same_split
CCAGCGAAGCCCGAAA_JIA_CD7_3,CD56bright NK,CD56bright NK,pca_logreg_same_split
CGAGCCAAGGAGTAGA_JIA_CD7_4,CD56bright NK,CD56bright NK,pca_logreg_same_split
GACACGCTCTGATTCT_JIA_CD7_4,C2,C2,pca_logreg_same_split
ACTGAACGTACAAGTA_JIA_CD7_4,C2,C2,pca_logreg_same_split
TCAGATGAGCCTCGTG_JIA_Total_10,CD56bright NK,CD56bright NK,pca_logreg_same_split
CGATGGCAGAAGCCCA_JIA_CD7_4,CD56bright NK,CD56bright NK,pca_logreg_same_split
CAGAGAGAGTTGTAGA_JIA_CD7_3,CD56bright NK,CD56bright NK,pca_logreg_same_split
CGTTCTGAGCACACAG_JIA_Total_20,C1,C1,pca_logreg_same_split
CGTGAGCAGTTAACGA_JIA_CD7_3,Cycling NK,Cycling NK,pca_logreg_same_split
GAGTCCGTCACGACTA_JIA_Total_2,C1,C1,pca_logreg_same_split
GTCATTTAGTTAGGTA_JIA_Total_16,Naïve-like ILC,Naïve-like ILC,pca_logreg_same_split
TACGGTAGTGTCGCTG_JIA_CD7_1,CD56dim NK,CD56dim NK,pca_logreg_same_split
TGCGTGGTCCACGCAG_JIA_CD7_1,C2,C2,pca_logreg_same_split
CCTTACGAGACGCACA_JIA_CD7_3,C2,C2,pca_logreg_same_split
ATTGGTGGTTCAGACT_JIA_CD7_3,C2,Cycling NK,pca_logreg_same_split
TGGCGCAAGCAGACTG_JIA_CD7_5,ILC3,ILC3,pca_logreg_same_split
CAGAGAGCATGCAATC_JIA_CD7_5,Naïve-like ILC,Naïve-like ILC,pca_logreg_same_split
TACGGATAGCCCGAAA_JIA_Total_4,C1,CD56bright NK,pca_logreg_same_split
GATTCAGAGATAGCAT_JIA_Total_10,Naïve-like ILC,C1,pca_logreg_same_split
CCCTCCTCAACTGCGC_JIA_Total_10,CD56dim NK,CD56dim NK,pca_logreg_same_split
CCGGGATAGCCACGCT_JIA_CD7_3,Naïve-like ILC,ILC2,pca_logreg_same_split
CGGTTAATCAAACGGG_JIA_CD7_3,Cycling NK,Cycling NK,pca_logreg_same_split
TAGCCGGTCGTACGGC_JIA_Total_4,CD56bright NK,CD56bright NK,pca_logreg_same_split
GTAACTGCAGGTTTCA_JIA_Total_11,C1,C1,pca_logreg_same_split
CAGAATCAGGTACTCT_JIA_CD7_4,C2,C2,pca_logreg_same_split
AGCTCTCTCCACTCCA_JIA_Total_7,CD56bright NK,CD56bright NK,pca_logreg_same_split
CAGGTGCAGAACAACT_JIA_CD7_2,CD56dim NK,CD56bright NK,pca_logreg_same_split
AAGCCGCTCACTGGGC_JIA_Total_19,CD56bright NK,CD56bright NK,pca_logreg_same_split
AACTGGTGTAGCTGCC_JIA_CD7_4,C1,C1,pca_logreg_same_split
AAATGCCTCGTCTGCT_JIA_Total_11,Cycling NK,Cycling NK,pca_logreg_same_split
TCGCGTTGTAAGTGGC_JIA_CD7_2,C1,CD56bright NK,pca_logreg_same_split
TCAGGATTCATTGCCC_JIA_CD7_5,Cycling NK,Cycling NK,pca_logreg_same_split
ACGGGCTTCTAGCACA_JIA_CD7_5,CD56bright NK,CD56bright NK,pca_logreg_same_split
TGATTTCGTGGTGTAG_JIA_CD7_5,Cycling NK,Cycling NK,pca_logreg_same_split
GAGTCCGAGCTGAACG_JIA_CD7_1,Cycling NK,Cycling NK,pca_logreg_same_split
ATGCGATCACTGTCGG_JIA_CD7_4,Cycling NK,Cycling NK,pca_logreg_same_split
ATCATGGGTTTACTCT_JIA_CD7_3,C1,Cycling NK,pca_logreg_same_split
GAGGTGAAGACCTTTG_JIA_Total_4,CD56dim NK,Cycling NK,pca_logreg_same_split
CCTCAGTAGTAGCCGA_JIA_CD7_3,C1,C1,pca_logreg_same_split
GATCAGTAGCTACCTA_JIA_CD7_1,C2,C2,pca_logreg_same_split
CCCAGTTCACCCATTC_JIA_CD7_3,CD56dim NK,CD56dim NK,pca_logreg_same_split
CAAGAAATCAGAGGTG_JIA_Total_17,C1,C1,pca_logreg_same_split
CGACCTTTCAACGCTA_JIA_CD7_5,CD56bright NK,CD56bright NK,pca_logreg_same_split
GTCAAGTGTGCCTTGG_JIA_CD7_5,CD56bright NK,CD56bright NK,pca_logreg_same_split
AGGGATGAGTGGAGTC_JIA_CD7_5,C2,C2,pca_logreg_same_split
CGCTTCATCTTGCATT_JIA_CD7_5,C3,C3,pca_logreg_same_split
TCAGGTAGTCGACTAT_JIA_CD7_3,CD56bright NK,C1,pca_logreg_same_split
TGTGTTTAGATGTAAC_JIA_CD7_5,Cycling NK,Cycling NK,pca_logreg_same_split
GAACGGACATCCCATC_JIA_CD7_3,C3,C3,pca_logreg_same_split
CGTAGGCTCAGCCTAA_JIA_CD7_5,C2,C2,pca_logreg_same_split
GTGATGTTCAAGGTGG_JIA_DC_1,C2,C2,pca_logreg_same_split
TCTGGCTTCTTAGCCC_JIA_DC_1,C1,C1,pca_logreg_same_split
GGCTCGAGTAAAGTCA_JIA_CD7_2,CD56dim NK,CD56dim NK,pca_logreg_same_split
CTCATTATCGCCAGCA_JIA_CD7_2,C1,C1,pca_logreg_same_split
TACACGAGTCACAAGG_JIA_CD7_2,CD56bright NK,CD56bright NK,pca_logreg_same_split
AACTTTCAGTACACCT_JIA_CD7_2,C1,CD56bright NK,pca_logreg_same_split
CTCTGGTGTCGAAAGC_JIA_Total_25,CD56dim NK,CD56dim NK,pca_logreg_same_split
CGTTAGATCACCATAG_JIA_CD7_5,CD56bright NK,CD56bright NK,pca_logreg_same_split
TGAGGGAAGATCCCAT_JIA_Total_1,CD56bright NK,CD56bright NK,pca_logreg_same_split
TATCTCATCTGGCGAC_JIA_CD7_5,CD56bright NK,CD56bright NK,pca_logreg_same_split
AACCGCGTCATCATTC_JIA_CD7_4,Cycling NK,Cycling NK,pca_logreg_same_split
CAACCTCAGGATATAC_JIA_CD7_5,C2,C2,pca_logreg_same_split
TGGCGCAAGGATTCGG_JIA_CD7_5,Cycling NK,Cycling NK,pca_logreg_same_split
CATGCCTGTTGAACTC_JIA_Total_24,C2,C2,pca_logreg_same_split
AGTCTTTAGGTAAACT_JIA_Total_5,Cycling NK,Cycling NK,pca_logreg_same_split
TGTCCCACATCCGTGG_JIA_CD7_5,CD56dim NK,CD56dim NK,pca_logreg_same_split
GGTATTGGTATCTGCA_JIA_CD7_5,C2,C2,pca_logreg_same_split
CTGCGGATCGGCGCTA_JIA_CD7_4,C1,C1,pca_logreg_same_split
ATTGGTGTCCAGTAGT_JIA_CD7_5,CD56dim NK,CD56dim NK,pca_logreg_same_split
GGAACTTTCAGGCGAA_JIA_CD7_1,C3,C3,pca_logreg_same_split
GTGTGCGAGGCTACGA_JIA_CD7_5,Cycling NK,Cycling NK,pca_logreg_same_split
CGACCTTTCATTATCC_JIA_Total_19,CD56bright NK,CD56bright NK,pca_logreg_same_split
CAAGGCCGTTGGACCC_JIA_CD7_3,Naïve-like ILC,Naïve-like ILC,pca_logreg_same_split
TGGTTCCAGGGTCTCC_JIA_CD7_5,C2,C2,pca_logreg_same_split
CGTCTACGTCCATGAT_JIA_CD7_5,CD56bright NK,CD56bright NK,pca_logreg_same_split
CTCGGGAGTGCGATAG_JIA_CD7_4,Cycling NK,Cycling NK,pca_logreg_same_split
CTAATGGCACAGACAG_JIA_CD7_4,Naïve-like ILC,Naïve-like ILC,pca_logreg_same_split
GTTACAGTCCCATTTA_JIA_Total_25,CD56dim NK,CD56dim NK,pca_logreg_same_split
GAGTCCGAGGAATCGC_JIA_CD7_2,CD56dim NK,CD56dim NK,pca_logreg_same_split
GAAATGAAGTCACGCC_JIA_CD7_3,CD56bright NK,CD56bright NK,pca_logreg_same_split
TCAGGTACAGGCGATA_JIA_CD7_4,C2,C2,pca_logreg_same_split
GGCGTGTTCATCTGTT_JIA_CD7_5,CD56bright NK,CD56bright NK,pca_logreg_same_split
AGCTCCTCAATCCGAT_JIA_Total_17,Cycling NK,Cycling NK,pca_logreg_same_split
ACCTTTACAGACTCGC_JIA_Total_24,C1,C1,pca_logreg_same_split
CTCAGAACACATTTCT_JIA_CD7_5,CD56bright NK,CD56bright NK,pca_logreg_same_split
CAGCTAAGTATCAGTC_JIA_CD7_4,Naïve-like ILC,Naïve-like ILC,pca_logreg_same_split
GTGAAGGGTGGTACAG_JIA_Total_24,C2,C2,pca_logreg_same_split
CCTACCATCCAGAGGA_JIA_Total_19,CD56dim NK,CD56dim NK,pca_logreg_same_split
CATCAGACAAGACGTG_JIA_Total_1,Cycling NK,Cycling NK,pca_logreg_same_split
AACTCTTCATCCGGGT_JIA_Total_17,C1,C2,pca_logreg_same_split
GCACATATCACGCATA_JIA_CD7_3,C2,C2,pca_logreg_same_split
ACCTTTACACATGTGT_JIA_CD7_1,ILC3,ILC3,pca_logreg_same_split
CCAGCGAAGAAGGTTT_JIA_CD7_5,ILC3,ILC3,pca_logreg_same_split
AAGGTTCCAAGTTCTG_JIA_CD7_1,C2,C2,pca_logreg_same_split
TCGTAGATCACGAAGG_JIA_CD7_5,Cycling NK,Cycling NK,pca_logreg_same_split
TAATCTCAGTGCAACG_JIA_DC_1,CD56bright NK,CD56bright NK,pca_logreg_same_split
CTGATCCTCCTGTAGA_JIA_CD7_4,C1,C1,pca_logreg_same_split
GGAATAATCAGCACAT_JIA_CD7_2,Cycling NK,Cycling NK,pca_logreg_same_split
GTTCGGGAGCTCCTCT_JIA_CD7_3,Cycling NK,Cycling NK,pca_logreg_same_split
GGGATGAGTTTGACTG_JIA_Total_25,CD56bright NK,CD56bright NK,pca_logreg_same_split
GGTGCGTCAATACGCT_JIA_Total_14,C1,C1,pca_logreg_same_split
GGCAATTTCTCCAGGG_JIA_CD7_4,C2,C2,pca_logreg_same_split
CGGTTAAGTCTTCTCG_JIA_CD7_4,C1,CD56bright NK,pca_logreg_same_split
CTGTTTACACGAGGTA_JIA_CD7_5,CD56bright NK,CD56bright NK,pca_logreg_same_split
TACTGCCAGTAACGAT_JIA_DC_1,CD56bright NK,C1,pca_logreg_same_split
GCATACAAGGATGCGT_JIA_CD7_4,C1,C1,pca_logreg_same_split
CCGTGGATCTCATTCA_JIA_CD7_5,C1,C1,pca_logreg_same_split
AATCCAGTCTACCTGC_JIA_CD7_2,CD56dim NK,CD56dim NK,pca_logreg_same_split
CACACTCCACGCTTTC_JIA_CD7_3,CD56dim NK,CD56dim NK,pca_logreg_same_split
AGCATACAGCACGCCT_JIA_Total_24,C1,C1,pca_logreg_same_split
CTGAAACTCAGTCCCT_JIA_CD7_1,Cycling NK,Cycling NK,pca_logreg_same_split
TGAGAGGGTCACCTAA_JIA_Total_10,ILC2,ILC2,pca_logreg_same_split
CTCGTCAAGCCGCCTA_JIA_CD7_4,Naïve-like ILC,Naïve-like ILC,pca_logreg_same_split
CTCGGGAAGAGACTTA_JIA_CD7_4,C3,C3,pca_logreg_same_split
GTAACGTAGTACCGGA_JIA_CD7_5,C2,C2,pca_logreg_same_split
TCACAAGCAGTATAAG_JIA_CD7_2,CD56dim NK,CD56dim NK,pca_logreg_same_split
GTAACGTGTCCAGTGC_JIA_Total_20,ILC3,Naïve-like ILC,pca_logreg_same_split
GGGTCTGGTCGCATAT_JIA_CD7_3,CD56dim NK,CD56dim NK,pca_logreg_same_split
CTGGTCTGTTCCACAA_JIA_CD7_1,Cycling NK,Cycling NK,pca_logreg_same_split
CTGCCTAGTCAAACTC_JIA_CD7_3,CD56dim NK,CD56dim NK,pca_logreg_same_split
TGTTCCGCATCGGACC_JIA_CD7_5,C2,C2,pca_logreg_same_split
TCGAACAAGCGATCGA_JIA_DC_1,C1,C1,pca_logreg_same_split
GTCTCGTGTAATTGGA_JIA_Total_25,CD56dim NK,CD56dim NK,pca_logreg_same_split
GCATGCGGTTGCTCCT_JIA_CD7_2,Cycling NK,Cycling NK,pca_logreg_same_split
ACGATACAGTGACATA_JIA_CD7_3,C2,C2,pca_logreg_same_split
ACACCAATCTGTTGAG_JIA_CD7_3,Cycling NK,Cycling NK,pca_logreg_same_split
CACCACTTCTGCGGCA_JIA_Total_26,ILC3,ILC3,pca_logreg_same_split
CGATTGATCTAACTGG_JIA_CD7_1,C2,C2,pca_logreg_same_split
AGACGTTCAGCCACCA_JIA_CD7_4,CD56bright NK,CD56bright NK,pca_logreg_same_split
GGGCACTAGAGGTACC_JIA_CD7_1,C2,C2,pca_logreg_same_split
GTATCTTCAAGTAGTA_JIA_Total_20,C2,C2,pca_logreg_same_split
GGGCATCGTTTAGGAA_JIA_CD7_5,C2,C2,pca_logreg_same_split
TAAGCGTCATGGATGG_JIA_CD7_3,Naïve-like ILC,Naïve-like ILC,pca_logreg_same_split
ATCATGGCAGGACGTA_JIA_CD7_3,CD56dim NK,CD56dim NK,pca_logreg_same_split
TGAGCATTCTCCAACC_JIA_CD7_4,ILC2,ILC2,pca_logreg_same_split
GTCAAGTTCAATACCG_JIA_CD7_2,CD56bright NK,CD56bright NK,pca_logreg_same_split
ACCTGAAGTGCGTCGT_JIA_DC_1,C1,CD56bright NK,pca_logreg_same_split
GCGCGATGTCGAACAG_JIA_CD7_4,Cycling NK,Cycling NK,pca_logreg_same_split
TCGTAGAGTGACGCCT_JIA_CD7_3,Cycling NK,Cycling NK,pca_logreg_same_split
CGTTGGGGTGATGCCC_JIA_CD7_2,C1,Naïve-like ILC,pca_logreg_same_split
CTGCCTACACAGGTTT_JIA_CD7_3,CD56dim NK,CD56dim NK,pca_logreg_same_split
TAGAGCTCACCGGAAA_JIA_CD7_3,C1,C1,pca_logreg_same_split
ACTATCTCACCGATAT_JIA_CD7_2,ILC2,ILC2,pca_logreg_same_split
TTGAACGTCGGTTAAC_JIA_CD7_5,Cycling NK,Cycling NK,pca_logreg_same_split
ACGAGGACACAGCCCA_JIA_CD7_2,C3,C3,pca_logreg_same_split
GAGGTGAGTAAGGATT_JIA_CD7_5,Cycling NK,Cycling NK,pca_logreg_same_split
GTTCTCGGTTAAAGAC_JIA_CD7_2,CD56bright NK,CD56bright NK,pca_logreg_same_split
CAACTAGCAATCACAC_JIA_CD7_3,C1,C1,pca_logreg_same_split
AGTAGTCCAGTCAGCC_JIA_Total_14,ILC3,ILC3,pca_logreg_same_split
CAGCATAGTTACGCGC_JIA_CD7_5,CD56bright NK,CD56bright NK,pca_logreg_same_split
ACACCCTTCTGCAAGT_JIA_CD7_3,CD56dim NK,CD56dim NK,pca_logreg_same_split
TCGTAGAAGGCGTACA_JIA_CD7_3,C1,C1,pca_logreg_same_split
AGTAGTCTCTAACCGA_JIA_CD7_3,CD56dim NK,CD56dim NK,pca_logreg_same_split
TATCAGGGTACCGTAT_JIA_CD7_4,C2,C2,pca_logreg_same_split
TAAACCGCATAAGACA_JIA_Total_19,CD56dim NK,CD56dim NK,pca_logreg_same_split
CACCAGGAGAAACGAG_JIA_CD7_3,Cycling NK,Cycling NK,pca_logreg_same_split
TAGTGGTAGACAAAGG_JIA_CD7_4,C2,C2,pca_logreg_same_split
TCAGCTCTCCTTTCTC_JIA_CD7_4,C2,C2,pca_logreg_same_split
CTACGTCTCATTTGGG_JIA_CD7_2,CD56bright NK,CD56bright NK,pca_logreg_same_split
GGCCGATTCATACGGT_JIA_CD7_4,ILC2,ILC2,pca_logreg_same_split
CGAGCCAGTGATGTCT_JIA_CD7_4,CD56bright NK,CD56bright NK,pca_logreg_same_split
TTCTACAGTGTGGTTT_JIA_CD7_1,Cycling NK,Cycling NK,pca_logreg_same_split
GATAGCTCAGTCTGGC_JIA_DC_3,C1,C2,pca_logreg_same_split
CTCGAAATCGAGCCCA_JIA_CD7_5,C2,C2,pca_logreg_same_split
ACACCAACACGAGAGT_JIA_CD7_5,Cycling NK,CD56dim NK,pca_logreg_same_split
TTCTTAGCAAGCGCTC_JIA_CD7_4,Cycling NK,Cycling NK,pca_logreg_same_split
CACAGGCTCCTAGGGC_JIA_Total_19,CD56bright NK,CD56bright NK,pca_logreg_same_split
TAGTTGGCACTAGTAC_JIA_CD7_5,C2,C2,pca_logreg_same_split
CCTACACGTAGTGAAT_JIA_CD7_5,Cycling NK,Cycling NK,pca_logreg_same_split
TCAGATGAGATAGCAT_JIA_CD7_2,C3,C3,pca_logreg_same_split
ATAGACCAGAGGTAGA_JIA_CD7_5,CD56bright NK,CD56bright NK,pca_logreg_same_split
ACATGGTTCCTAGAAC_JIA_CD7_5,CD56bright NK,CD56bright NK,pca_logreg_same_split
AACTCTTTCACCTTAT_JIA_Total_25,CD56dim NK,CD56dim NK,pca_logreg_same_split
GCTGGGTGTCGCGGTT_JIA_CD7_2,Naïve-like ILC,Naïve-like ILC,pca_logreg_same_split
TCATTACCAGCTTCGG_JIA_CD7_5,CD56bright NK,CD56bright NK,pca_logreg_same_split
TGGGAAGGTTATTCTC_JIA_CD7_2,CD56dim NK,CD56dim NK,pca_logreg_same_split
GTCAAGTCATACGCCG_JIA_CD7_4,C1,C1,pca_logreg_same_split
ATCTACTAGACAATAC_JIA_CD7_2,C1,C1,pca_logreg_same_split
GCTGCTTTCAAGGTAA_JIA_Total_26,C1,C1,pca_logreg_same_split
AAGGTTCAGACTTTCG_JIA_CD7_1,CD56dim NK,CD56dim NK,pca_logreg_same_split
CCTAAAGTCGCCATAA_JIA_CD7_3,ILC2,ILC2,pca_logreg_same_split
GCCTCTACATCTCCCA_JIA_CD7_3,C1,C1,pca_logreg_same_split
AGCTCCTTCACGCGGT_JIA_CD7_2,CD56dim NK,CD56dim NK,pca_logreg_same_split
CAAGAAAAGGTGCTTT_JIA_CD7_5,Cycling NK,Cycling NK,pca_logreg_same_split
ATGGGAGAGATCCTGT_JIA_CD7_5,CD56dim NK,CD56dim NK,pca_logreg_same_split
TGCGGGTTCTTAGCCC_JIA_Total_25,CD56bright NK,CD56bright NK,pca_logreg_same_split
CGATTGACAGTGGAGT_JIA_CD7_5,Naïve-like ILC,Naïve-like ILC,pca_logreg_same_split
AGCCTAACATTTCACT_JIA_CD7_2,ILC2,ILC2,pca_logreg_same_split
CTACATTAGAAGATTC_JIA_CD7_5,Naïve-like ILC,ILC3,pca_logreg_same_split
AGAGCTTGTGACGGTA_JIA_CD7_4,C1,C1,pca_logreg_same_split
CGATGGCTCACATACG_JIA_Total_4,ILC2,ILC2,pca_logreg_same_split
CTCACACAGACAATAC_JIA_CD7_3,C2,C2,pca_logreg_same_split
ATCTGCCCAGACTCGC_JIA_CD7_3,Cycling NK,Cycling NK,pca_logreg_same_split
TCTCTAACAAAGCGGT_JIA_CD7_3,C1,C1,pca_logreg_same_split
CGTTGGGAGTATGACA_JIA_CD7_5,C3,C3,pca_logreg_same_split
AGATCTGGTATGCTTG_JIA_CD7_4,CD56bright NK,CD56bright NK,pca_logreg_same_split
CAGCTAAGTCCGACGT_JIA_Total_1,CD56dim NK,CD56dim NK,pca_logreg_same_split
CGCTTCACAACTGGCC_JIA_Total_26,C1,Naïve-like ILC,pca_logreg_same_split
GTATCTTAGGATGGTC_JIA_CD7_5,C2,C2,pca_logreg_same_split
GCTGGGTTCACGACTA_JIA_Total_20,C2,C2,pca_logreg_same_split
GGACAGAAGGATGCGT_JIA_Total_17,Cycling NK,Cycling NK,pca_logreg_same_split
CTCGGAGGTATAAACG_JIA_CD7_3,CD56dim NK,CD56dim NK,pca_logreg_same_split
GCATGTACAAAGAATC_JIA_CD7_1,Cycling NK,Cycling NK,pca_logreg_same_split
GGGCACTCATCGGAAG_JIA_CD7_5,ILC3,ILC3,pca_logreg_same_split
CAGCCGACATGCAATC_JIA_CD7_5,CD56dim NK,CD56dim NK,pca_logreg_same_split
CTTACCGTCGATCCCT_JIA_CD7_5,Cycling NK,Cycling NK,pca_logreg_same_split
CTGTTTACATCCAACA_JIA_CD7_5,C2,C2,pca_logreg_same_split
GAAGCAGAGCTAGTCT_JIA_CD7_4,C2,C2,pca_logreg_same_split
CCGTGGATCTGTTTGT_JIA_CD7_2,CD56bright NK,CD56bright NK,pca_logreg_same_split
GTCGGGTCATGACGGA_JIA_CD7_4,CD56dim NK,CD56dim NK,pca_logreg_same_split
CGTAGGCTCGGAAATA_JIA_CD7_2,C3,C3,pca_logreg_same_split
AAAGTAGGTCTCTTAT_JIA_CD7_2,C3,C3,pca_logreg_same_split
GCTGCTTCATCGGACC_JIA_CD7_3,CD56dim NK,CD56dim NK,pca_logreg_same_split
GGGAGATAGGGAGTAA_JIA_Total_17,C1,C1,pca_logreg_same_split
CGGACTGAGGAGTTTA_JIA_Total_1,CD56dim NK,CD56dim NK,pca_logreg_same_split
ATCGAGTGTACTTGAC_JIA_CD7_5,Cycling NK,Cycling NK,pca_logreg_same_split
CGAGGCTAGTATTGCC_JIA_DC_1,C1,C1,pca_logreg_same_split
TAGAGCTAGCGCTCCA_JIA_CD7_2,Cycling NK,CD56dim NK,pca_logreg_same_split
GACGTGCGTTTAGGAA_JIA_CD7_5,CD56dim NK,CD56dim NK,pca_logreg_same_split
ATCATCTTCAGTTCGA_JIA_CD7_5,CD56dim NK,CD56dim NK,pca_logreg_same_split
GTGTTAGAGTGTACGG_JIA_CD7_5,C3,C3,pca_logreg_same_split
CGCTATCAGCGATTCT_JIA_CD7_1,Cycling NK,Cycling NK,pca_logreg_same_split
AACTGGTGTCCCGACA_JIA_CD7_3,CD56dim NK,CD56dim NK,pca_logreg_same_split
AGCTCCTAGTACGTAA_JIA_CD7_3,C2,C2,pca_logreg_same_split
GAGCAGAGTAAAGTCA_JIA_CD7_5,C2,C2,pca_logreg_same_split
AAGGAGCCATATACCG_JIA_Total_25,CD56dim NK,CD56dim NK,pca_logreg_same_split
TGGACGCGTACCGGCT_JIA_CD7_5,CD56dim NK,CD56dim NK,pca_logreg_same_split
TGCGGGTCACCGGAAA_JIA_CD7_4,C2,C2,pca_logreg_same_split
TCACGAAAGGAATGGA_JIA_CD7_2,CD56dim NK,CD56dim NK,pca_logreg_same_split
CAGTAACGTTGTCGCG_JIA_Total_20,C2,C2,pca_logreg_same_split
TACTCATAGCCTATGT_JIA_CD7_2,CD56bright NK,CD56bright NK,pca_logreg_same_split
ACGAGCCAGCAGCCTC_JIA_Total_24,C2,C2,pca_logreg_same_split
TGATTTCGTCAGTGGA_JIA_CD7_5,C3,C3,pca_logreg_same_split
CAACTAGAGTGAACGC_JIA_CD7_2,ILC2,ILC2,pca_logreg_same_split
ATCATCTAGTGGAGAA_JIA_CD7_3,C1,Cycling NK,pca_logreg_same_split
CATATTCCAAACGCGA_JIA_CD7_2,Cycling NK,Cycling NK,pca_logreg_same_split
CGAGCACTCTAACTCT_JIA_CD7_4,C1,C1,pca_logreg_same_split
TAAGCGTAGCGTTTAC_JIA_CD7_3,Cycling NK,Cycling NK,pca_logreg_same_split
TATTACCGTCAGATAA_JIA_CD7_4,CD56bright NK,CD56bright NK,pca_logreg_same_split
GCGCAACCATTGGTAC_JIA_CD7_5,C2,C2,pca_logreg_same_split
CACTCCAAGAGGGATA_JIA_CD7_5,CD56dim NK,CD56dim NK,pca_logreg_same_split
CGATGGCAGCCGGTAA_JIA_Total_23,CD56bright NK,CD56bright NK,pca_logreg_same_split
CGGAGTCTCTGGCGAC_JIA_CD7_1,Cycling NK,Cycling NK,pca_logreg_same_split
CAACCAACATAACCTG_JIA_CD7_5,C2,C3,pca_logreg_same_split
TTCCCAGGTATTCGTG_JIA_CD7_3,Cycling NK,Cycling NK,pca_logreg_same_split
GAGCAGAGTGGTTTCA_JIA_CD7_1,C3,C1,pca_logreg_same_split
CGAGCACGTCCAGTAT_JIA_CD7_5,CD56dim NK,CD56dim NK,pca_logreg_same_split
CTCCTAGCAGGATCGA_JIA_CD7_5,Cycling NK,Cycling NK,pca_logreg_same_split
AGGGATGGTTAAAGAC_JIA_CD7_1,CD56dim NK,CD56dim NK,pca_logreg_same_split
GAACATCCATATGAGA_JIA_Total_17,C2,C2,pca_logreg_same_split
CATGGCGCAAGTTGTC_JIA_CD7_5,CD56bright NK,CD56bright NK,pca_logreg_same_split
TAGAGCTGTATTCTCT_JIA_CD7_5,CD56dim NK,CD56dim NK,pca_logreg_same_split
TCTATTGTCAGTGTTG_JIA_CD7_2,CD56dim NK,CD56dim NK,pca_logreg_same_split
TACGGTAAGGTGCACA_JIA_CD7_3,ILC2,ILC2,pca_logreg_same_split
CTCTAATCAATAGAGT_JIA_CD7_5,C2,C2,pca_logreg_same_split
TATTACCCACTCTGTC_JIA_CD7_2,CD56bright NK,CD56bright NK,pca_logreg_same_split
AAACGGGTCCTGTACC_JIA_Total_1,Cycling NK,Cycling NK,pca_logreg_same_split
GGCGTGTGTCCTGCTT_JIA_CD7_1,Cycling NK,C2,pca_logreg_same_split
GGACAAGAGGATTCGG_JIA_CD7_4,C1,C1,pca_logreg_same_split
TGGGAAGAGTGTGGCA_JIA_CD7_2,CD56bright NK,CD56bright NK,pca_logreg_same_split
CAGCTGGAGAGAGCTC_JIA_CD7_5,Cycling NK,Cycling NK,pca_logreg_same_split
AGCAGCCGTCCGACGT_JIA_CD7_4,C2,C1,pca_logreg_same_split
CCTACACTCGGCTACG_JIA_CD7_4,C1,C1,pca_logreg_same_split
CGAACATTCGCTTAGA_JIA_Total_20,C3,C3,pca_logreg_same_split
CGTGAGCCAAGTTAAG_JIA_CD7_5,C2,C2,pca_logreg_same_split
CTCAGAATCGTACGGC_JIA_CD7_4,C2,C2,pca_logreg_same_split
ATCATGGAGAGCTATA_JIA_Total_2,Cycling NK,Cycling NK,pca_logreg_same_split
CTCAGAACACTCGACG_JIA_CD7_5,CD56bright NK,CD56bright NK,pca_logreg_same_split
ACCCACTAGTACACCT_JIA_CD7_3,C1,C1,pca_logreg_same_split
GACGCGTCACGTCTCT_JIA_CD7_4,C2,C2,pca_logreg_same_split
TACTCGCGTTGACGTT_JIA_CD7_4,C1,C1,pca_logreg_same_split
GAACGGATCACTCCTG_JIA_CD7_5,CD56dim NK,CD56dim NK,pca_logreg_same_split
TTTGTCAGTAGAAGGA_JIA_CD7_5,C2,C2,pca_logreg_same_split
CACCTTGAGCGTTTAC_JIA_CD7_2,ILC2,ILC2,pca_logreg_same_split
TCGCGTTAGGCATTGG_JIA_CD7_3,C3,C3,pca_logreg_same_split
CTAACTTGTACGACCC_JIA_Total_1,CD56dim NK,CD56dim NK,pca_logreg_same_split
CTACACCAGCCTCGTG_JIA_CD7_3,CD56dim NK,CD56dim NK,pca_logreg_same_split
ATGCGATTCCTGTACC_JIA_CD7_2,ILC2,ILC2,pca_logreg_same_split
ATCCGAACATACGCTA_JIA_CD7_4,C3,C3,pca_logreg_same_split
GACGTGCGTTTGTTGG_JIA_CD7_2,Cycling NK,Cycling NK,pca_logreg_same_split
ACTTTCAGTACTTGAC_JIA_CD7_4,CD56dim NK,CD56dim NK,pca_logreg_same_split
CTTTGCGTCTCCTATA_JIA_CD7_4,CD56bright NK,CD56bright NK,pca_logreg_same_split
CGCTGGACAGGAATCG_JIA_CD7_3,C2,C2,pca_logreg_same_split
GGTGTTAAGCCCGAAA_JIA_CD7_3,ILC2,ILC2,pca_logreg_same_split
CGGACTGCAATGGACG_JIA_CD7_5,Cycling NK,Cycling NK,pca_logreg_same_split
CAGCCGATCAGGCCCA_JIA_CD7_2,C1,C1,pca_logreg_same_split
AGTGTCAGTCCCTACT_JIA_Total_26,ILC3,ILC3,pca_logreg_same_split
GTGGGTCTCACAACGT_JIA_CD7_3,CD56dim NK,CD56dim NK,pca_logreg_same_split
CGGAGTCAGGATGGAA_JIA_Total_20,C1,C1,pca_logreg_same_split
TCTCCGAGTGTTCCAA_JIA_DC_3,C1,Naïve-like ILC,pca_logreg_same_split
TAAACCGGTTCCTCCA_JIA_CD7_2,C1,C1,pca_logreg_same_split
GGGCACTTCGCCTGTT_JIA_CD7_4,C2,C2,pca_logreg_same_split
CAGATCATCATTGCCC_JIA_CD7_2,CD56bright NK,CD56bright NK,pca_logreg_same_split
ACGAGGATCCCTCTTT_JIA_CD7_3,C2,C2,pca_logreg_same_split
ATAAGAGGTTTAGCTG_JIA_CD7_1,Naïve-like ILC,Naïve-like ILC,pca_logreg_same_split
ATCTGCCCATCCCACT_JIA_CD7_5,C1,C1,pca_logreg_same_split
GACCTGGGTTTGACTG_JIA_CD7_5,Cycling NK,Cycling NK,pca_logreg_same_split
TGCTACCGTCAGATAA_JIA_Total_2,C1,C1,pca_logreg_same_split
TCTGGAACAGGGCATA_JIA_CD7_1,Cycling NK,Cycling NK,pca_logreg_same_split
ATCATCTTCGCATGAT_JIA_Total_20,C2,C2,pca_logreg_same_split
GTCGTAAAGACTACAA_JIA_CD7_1,Cycling NK,Cycling NK,pca_logreg_same_split
TCATTTGAGTGTTGAA_JIA_CD7_5,C2,C2,pca_logreg_same_split
TACCTTACAAGTAATG_JIA_CD7_5,Cycling NK,Cycling NK,pca_logreg_same_split
CTCACACCATAAAGGT_JIA_CD7_3,CD56dim NK,CD56dim NK,pca_logreg_same_split
TCGTACCCATTGGTAC_JIA_CD7_4,C2,C2,pca_logreg_same_split
ATTCTACGTTCAGACT_JIA_CD7_3,C2,C3,pca_logreg_same_split
GCCTCTAGTGTGGCTC_JIA_CD7_4,C1,C1,pca_logreg_same_split
AGAGTGGCATATGCTG_JIA_CD7_2,C2,C2,pca_logreg_same_split
TACGGGCGTTGTTTGG_JIA_CD7_5,C2,C2,pca_logreg_same_split
CATTATCAGAGTTGGC_JIA_CD7_5,C2,C2,pca_logreg_same_split
TAGACCAAGTCCGTAT_JIA_CD7_5,CD56dim NK,CD56dim NK,pca_logreg_same_split
GGTGTTATCTTGGGTA_JIA_Total_10,CD56bright NK,CD56bright NK,pca_logreg_same_split
TTTACTGAGCATCATC_JIA_CD7_5,C2,C2,pca_logreg_same_split
GTACTCCTCTAACGGT_JIA_Total_20,C1,C2,pca_logreg_same_split
CACCTTGCACCCATGG_JIA_CD7_5,C2,C2,pca_logreg_same_split
CGTCCATCATGCTGGC_JIA_CD7_4,Cycling NK,Cycling NK,pca_logreg_same_split
CGACCTTAGCCGCCTA_JIA_CD7_5,C2,C2,pca_logreg_same_split
CCTATTATCAACACAC_JIA_CD7_4,CD56dim NK,CD56dim NK,pca_logreg_same_split
CTTCTCTCAAATCCGT_JIA_CD7_5,C2,C3,pca_logreg_same_split
TACCTTACACGGATAG_JIA_CD7_1,C2,C2,pca_logreg_same_split
TACCTTAAGCCACGCT_JIA_CD7_4,C1,C1,pca_logreg_same_split
CCAGCGATCCCAAGAT_JIA_CD7_2,ILC2,ILC2,pca_logreg_same_split
TCAGGTACACGCCAGT_JIA_CD7_5,C1,C2,pca_logreg_same_split
GCAGTTATCCACTCCA_JIA_CD7_2,ILC3,ILC3,pca_logreg_same_split
TGTATTCGTAGAGCTG_JIA_CD7_3,C3,C3,pca_logreg_same_split
TCAGCTCGTGCCTTGG_JIA_CD7_5,C3,C3,pca_logreg_same_split
GCTTGAATCTTGGGTA_JIA_CD7_2,CD56dim NK,CD56dim NK,pca_logreg_same_split
GCTGCAGTCGAATGCT_JIA_CD7_5,CD56dim NK,CD56dim NK,pca_logreg_same_split
CGATGGCGTCTTGCGG_JIA_CD7_5,Cycling NK,Cycling NK,pca_logreg_same_split
GTAACTGTCAACGAAA_JIA_CD7_3,ILC2,ILC2,pca_logreg_same_split
AAAGATGCATCGGTTA_JIA_Total_1,CD56dim NK,CD56dim NK,pca_logreg_same_split
CGGGTCAGTTCTGTTT_JIA_CD7_4,CD56bright NK,CD56bright NK,pca_logreg_same_split
GGGAGATAGTACCGGA_JIA_CD7_2,C2,Cycling NK,pca_logreg_same_split
CCTATTATCAACACAC_JIA_Total_19,Cycling NK,Cycling NK,pca_logreg_same_split
CTGAAGTTCGGCGGTT_JIA_CD7_5,Naïve-like ILC,Naïve-like ILC,pca_logreg_same_split
ATTACTCGTGAGGGTT_JIA_CD7_4,C1,C1,pca_logreg_same_split
TTGACTTAGCTTATCG_JIA_CD7_2,C3,C1,pca_logreg_same_split
TCTGAGACAGCTCGAC_JIA_CD7_4,C1,CD56bright NK,pca_logreg_same_split
CGATTGACACGGTAGA_JIA_CD7_1,Cycling NK,Cycling NK,pca_logreg_same_split
CAAGGCCCACAGTCGC_JIA_CD7_4,C1,C1,pca_logreg_same_split
GCTGCGAGTTTGACAC_JIA_CD7_2,Cycling NK,Cycling NK,pca_logreg_same_split
CACACAACAGGTCTCG_JIA_CD7_4,CD56dim NK,CD56dim NK,pca_logreg_same_split
CGGGTCAGTGTTCGAT_JIA_CD7_1,C2,C2,pca_logreg_same_split
TGACGGCAGACCTTTG_JIA_CD7_4,Naïve-like ILC,Naïve-like ILC,pca_logreg_same_split
ACGGGCTAGGAGTTTA_JIA_Total_10,CD56bright NK,CD56bright NK,pca_logreg_same_split
CTACGTCCATGGGACA_JIA_Total_1,CD56dim NK,CD56dim NK,pca_logreg_same_split
CTCGTCAGTTCATGGT_JIA_CD7_4,C2,C2,pca_logreg_same_split
AACTTTCCATGGTAGG_JIA_CD7_5,Cycling NK,Cycling NK,pca_logreg_same_split
TCGGTAATCTGCTTGC_JIA_Total_14,ILC3,ILC3,pca_logreg_same_split
TGAAAGATCTGCTGTC_JIA_CD7_4,C1,C1,pca_logreg_same_split
CTTTGCGGTTCCACTC_JIA_CD7_5,C2,C2,pca_logreg_same_split
GTCATTTTCAAGGTAA_JIA_CD7_1,C2,C2,pca_logreg_same_split
TCAGCAATCATCGATG_JIA_CD7_3,CD56bright NK,CD56bright NK,pca_logreg_same_split
CGTTAGACATCTGGTA_JIA_Total_23,CD56dim NK,CD56dim NK,pca_logreg_same_split
AAAGCAACACCCATTC_JIA_CD7_3,C2,C2,pca_logreg_same_split
GGGTCTGAGATGTCGG_JIA_CD7_4,ILC3,ILC3,pca_logreg_same_split
AAAGATGGTCTAAAGA_JIA_Total_17,C1,C1,pca_logreg_same_split
CTACATTCACTATCTT_JIA_CD7_4,C1,C1,pca_logreg_same_split
GGTGTTATCCGCGGTA_JIA_CD7_5,C3,C3,pca_logreg_same_split
CCTCAGTTCTAAGCCA_JIA_CD7_1,CD56dim NK,CD56dim NK,pca_logreg_same_split
GGCCGATCAGCCACCA_JIA_Total_17,C1,C1,pca_logreg_same_split
TGCCAAAGTCCTGCTT_JIA_CD7_4,C2,C1,pca_logreg_same_split
TTGGGTATCGGTAGGA_JIA_DC_2,ILC3,ILC3,pca_logreg_same_split
GCAAACTCAGTCAGCC_JIA_CD7_3,Cycling NK,Cycling NK,pca_logreg_same_split
ACACTGATCATGTAGC_JIA_Total_10,CD56dim NK,CD56dim NK,pca_logreg_same_split
TCACGAACAAGTCATC_JIA_CD7_4,Naïve-like ILC,Naïve-like ILC,pca_logreg_same_split
TATCTCAGTGACTCAT_JIA_CD7_5,CD56dim NK,CD56dim NK,pca_logreg_same_split
GAGTCCGCATAGTAAG_JIA_CD7_3,C1,C1,pca_logreg_same_split
CTTCTCTCAAGTAATG_JIA_CD7_3,C2,C2,pca_logreg_same_split
AACGTTGTCCGTCATC_JIA_CD7_5,CD56bright NK,CD56bright NK,pca_logreg_same_split
CGGTTAAGTCTCAACA_JIA_CD7_1,C1,C1,pca_logreg_same_split
TACCTTACAAACCCAT_JIA_CD7_2,ILC2,ILC2,pca_logreg_same_split
TGGACGCCATATACCG_JIA_CD7_1,C2,C2,pca_logreg_same_split
TGATTTCAGCGGATCA_JIA_CD7_4,CD56bright NK,CD56bright NK,pca_logreg_same_split
CATCAAGTCTCTAGGA_JIA_Total_24,C1,C1,pca_logreg_same_split
ACATACGGTCACTTCC_JIA_CD7_4,Naïve-like ILC,Naïve-like ILC,pca_logreg_same_split
TCACAAGAGCCCAATT_JIA_CD7_5,CD56bright NK,CD56bright NK,pca_logreg_same_split
CGGACTGTCTGCGACG_JIA_CD7_5,C3,C3,pca_logreg_same_split
TACACGATCTTGCATT_JIA_CD7_5,C2,C2,pca_logreg_same_split
AACACGTCAAGCCGTC_JIA_CD7_1,CD56dim NK,CD56dim NK,pca_logreg_same_split
GTGCGGTGTATGCTTG_JIA_CD7_4,C1,C1,pca_logreg_same_split
ACGCCAGCAAGAGTCG_JIA_CD7_4,Cycling NK,Cycling NK,pca_logreg_same_split
GGGTCTGAGACTTCCA_JIA_DC_3,Naïve-like ILC,ILC3,pca_logreg_same_split
TGTCCCACACTATCTT_JIA_CD7_2,CD56dim NK,CD56dim NK,pca_logreg_same_split
CTGGTCTGTGTTCGAT_JIA_CD7_4,C2,C2,pca_logreg_same_split
TCTTCGGGTTCGGCAC_JIA_CD7_4,ILC2,ILC2,pca_logreg_same_split
CGCTATCAGTTGAGAT_JIA_CD7_3,C1,C1,pca_logreg_same_split
ACCCACTAGAAGATTC_JIA_CD7_4,C1,C1,pca_logreg_same_split
ACTGATGTCGGCCGAT_JIA_CD7_4,C1,C1,pca_logreg_same_split
ACGCCGAGTGAAGGCT_JIA_Total_20,C3,C3,pca_logreg_same_split
TGAGCATGTGTCGCTG_JIA_Total_24,C1,Naïve-like ILC,pca_logreg_same_split
AGCTTGAGTGGTACAG_JIA_CD7_2,ILC2,ILC2,pca_logreg_same_split
TGGAACTGTTAGGGTG_JIA_CD45_1,C1,C1,pca_logreg_same_split
TTCTACATCACTATTC_JIA_Total_19,CD56dim NK,CD56dim NK,pca_logreg_same_split
CGTTCTGAGCCACGCT_JIA_Total_17,CD56bright NK,CD56bright NK,pca_logreg_same_split
CGAGCCAGTGCAGTAG_JIA_CD7_4,C3,C3,pca_logreg_same_split
TGGCCAGTCAGAGGTG_JIA_CD7_2,CD56dim NK,CD56dim NK,pca_logreg_same_split
AGCGTATCACCACGTG_JIA_CD7_5,Cycling NK,Cycling NK,pca_logreg_same_split
GAAATGAAGGATGGTC_JIA_CD7_1,Cycling NK,Cycling NK,pca_logreg_same_split
GCTGCAGTCGAACTGT_JIA_CD7_2,C1,CD56bright NK,pca_logreg_same_split
GTTCGGGCATGTCGAT_JIA_CD7_5,C2,C2,pca_logreg_same_split
TTCGAAGCAATACGCT_JIA_Total_1,Cycling NK,Cycling NK,pca_logreg_same_split
ACACCGGGTCGTCTTC_JIA_CD7_3,C2,C2,pca_logreg_same_split
TGGCGCAGTCTGATTG_JIA_Total_17,C2,C2,pca_logreg_same_split
GGGAATGAGTTCGCAT_JIA_CD7_5,C1,C1,pca_logreg_same_split
ATCTGCCAGTTAGCGG_JIA_Total_7,Naïve-like ILC,Naïve-like ILC,pca_logreg_same_split
GGAATAACAGTCCTTC_JIA_Total_5,C1,C1,pca_logreg_same_split
GGGAATGCATTAACCG_JIA_CD7_4,Cycling NK,Cycling NK,pca_logreg_same_split
ACTTACTTCAACGCTA_JIA_CD7_2,CD56dim NK,CD56dim NK,pca_logreg_same_split
GTAGTCAGTCTAGTCA_JIA_CD7_5,C2,C2,pca_logreg_same_split
CCTCTGAGTATATGGA_JIA_CD7_5,ILC3,ILC3,pca_logreg_same_split
GCGAGAAGTGTGTGCC_JIA_CD7_3,CD56dim NK,CD56dim NK,pca_logreg_same_split
TTCTCCTTCCACTGGG_JIA_Total_24,C2,C2,pca_logreg_same_split
CGACCTTGTCCAGTAT_JIA_CD7_5,Naïve-like ILC,Naïve-like ILC,pca_logreg_same_split
GAACATCAGCAATATG_JIA_Total_19,ILC2,ILC2,pca_logreg_same_split
CGCCAAGGTTCTCATT_JIA_CD7_5,C2,C2,pca_logreg_same_split
ACGTCAAGTACCGGCT_JIA_CD7_4,Naïve-like ILC,Naïve-like ILC,pca_logreg_same_split
TCTTCGGTCAGCATGT_JIA_Total_24,C1,C1,pca_logreg_same_split
GGCTGGTTCGCTTGTC_JIA_CD7_5,Cycling NK,Cycling NK,pca_logreg_same_split
CTCGGGAGTCCCTTGT_JIA_CD7_3,CD56dim NK,CD56dim NK,pca_logreg_same_split
TTAACTCGTGTGTGCC_JIA_Total_20,C1,C2,pca_logreg_same_split
ATCCGAAAGAATCTCC_JIA_CD7_4,C1,C2,pca_logreg_same_split
GTCACGGAGTTGTCGT_JIA_CD7_5,C2,C2,pca_logreg_same_split
ATAAGAGGTTATCCGA_JIA_Total_20,C1,C1,pca_logreg_same_split
TGAGCCGGTGAGGCTA_JIA_CD7_2,CD56bright NK,C1,pca_logreg_same_split
GGCTCGAGTAAAGTCA_JIA_Total_14,C1,C1,pca_logreg_same_split
GACTCAAAGATTAGTG_JIA_DC_1,C1,C1,pca_logreg_same_split
CACACTCTCAGGCAAG_JIA_CD7_5,ILC2,ILC2,pca_logreg_same_split
GACGTGCCAGGCTGAA_JIA_CD7_4,CD56bright NK,CD56bright NK,pca_logreg_same_split
GTCACGGTCTGGTATG_JIA_CD7_1,CD56dim NK,CD56dim NK,pca_logreg_same_split
CGTGTCTGTAAGGGAA_JIA_CD7_5,C2,C2,pca_logreg_same_split
AACTCCCCACCCATTC_JIA_CD7_2,CD56dim NK,CD56dim NK,pca_logreg_same_split
CTGATAGCACCCAGTG_JIA_CD7_3,Cycling NK,Cycling NK,pca_logreg_same_split
ATCACGACAAGTTGTC_JIA_CD7_4,CD56bright NK,CD56bright NK,pca_logreg_same_split
CCGGTAGGTTCCCTTG_JIA_CD7_5,CD56dim NK,CD56dim NK,pca_logreg_same_split
CGAACATAGTACGTTC_JIA_CD7_4,C1,C1,pca_logreg_same_split
CGAGCCATCCCTTGTG_JIA_CD7_4,Naïve-like ILC,Naïve-like ILC,pca_logreg_same_split
TTCGAAGTCAAGATCC_JIA_CD7_1,Cycling NK,Cycling NK,pca_logreg_same_split
GAAATGAGTAACGTTC_JIA_Total_10,CD56dim NK,CD56dim NK,pca_logreg_same_split
AAACCTGAGCGATCCC_JIA_CD7_5,CD56bright NK,CD56bright NK,pca_logreg_same_split
GAATAAGTCACCACCT_JIA_CD7_5,Cycling NK,Cycling NK,pca_logreg_same_split
TAGACCAAGAAGCCCA_JIA_CD7_5,C2,C2,pca_logreg_same_split
CTGTGCTGTTTCCACC_JIA_Total_5,Cycling NK,Cycling NK,pca_logreg_same_split
GGGTTGCGTGCAACGA_JIA_CD7_5,C2,C2,pca_logreg_same_split
GCGAGAACAGTACACT_JIA_Total_24,C1,C1,pca_logreg_same_split
GAAGCAGTCACGGTTA_JIA_CD7_2,CD56bright NK,CD56bright NK,pca_logreg_same_split
AGTGTCATCTGATTCT_JIA_CD7_3,Cycling NK,Cycling NK,pca_logreg_same_split
ACACCAACAAGGGTCA_JIA_CD7_3,Cycling NK,Cycling NK,pca_logreg_same_split
GAGTCCGGTGTTAAGA_JIA_CD7_3,C2,C2,pca_logreg_same_split
GCGCAACTCCCTTGTG_JIA_CD7_2,C1,C1,pca_logreg_same_split
ACTATCTAGATGAGAG_JIA_CD7_5,C2,C2,pca_logreg_same_split
CGTTGGGCAGGGTTAG_JIA_Total_19,CD56dim NK,CD56dim NK,pca_logreg_same_split
CATTATCGTGACTACT_JIA_CD7_2,ILC2,ILC2,pca_logreg_same_split
GATCTAGGTACAAGTA_JIA_Total_20,C1,ILC3,pca_logreg_same_split
GGAACTTGTGTTTGTG_JIA_CD7_5,CD56dim NK,CD56dim NK,pca_logreg_same_split
GACGTTACAGGAATCG_JIA_CD7_1,CD56dim NK,CD56dim NK,pca_logreg_same_split
CCAATCCCACTCTGTC_JIA_CD7_4,C2,C2,pca_logreg_same_split
GGCTGGTAGCTAGGCA_JIA_CD7_5,CD56dim NK,CD56dim NK,pca_logreg_same_split
ATTGGTGGTGCATCTA_JIA_CD7_5,CD56bright NK,CD56bright NK,pca_logreg_same_split
TACCTTAGTGCAACGA_JIA_CD7_3,C1,C1,pca_logreg_same_split
ACGATACCAAGCCCAC_JIA_Total_24,C3,C3,pca_logreg_same_split
AAGGCAGCACGGCGTT_JIA_CD7_5,C2,C2,pca_logreg_same_split
CTCGAGGGTTGAACTC_JIA_CD7_2,C1,C1,pca_logreg_same_split
GCATGTATCTGCCCTA_JIA_CD7_1,C3,C3,pca_logreg_same_split
AGGCCGTAGGCGTACA_JIA_CD7_2,CD56dim NK,CD56dim NK,pca_logreg_same_split
AGAGTGGAGCGCCTCA_JIA_CD7_5,CD56bright NK,CD56bright NK,pca_logreg_same_split
CGCCAAGTCGGAGCAA_JIA_Total_19,CD56bright NK,CD56bright NK,pca_logreg_same_split
TACGGATAGTTGTCGT_JIA_CD7_4,C1,C1,pca_logreg_same_split
GGCGTGTTCTGTCTCG_JIA_CD7_5,C2,C2,pca_logreg_same_split
AGCGTCGGTCCTAGCG_JIA_CD7_1,C1,C1,pca_logreg_same_split
AAGTCTGTCACCTTAT_JIA_CD7_4,CD56dim NK,CD56dim NK,pca_logreg_same_split
CCCATACGTCGATTGT_JIA_CD7_2,CD56dim NK,CD56dim NK,pca_logreg_same_split
TATCAGGGTGGTCCGT_JIA_CD7_4,Naïve-like ILC,C1,pca_logreg_same_split
GGCTGGTTCCATGCTC_JIA_Total_1,ILC2,ILC2,pca_logreg_same_split
GCAAACTTCTTTCCTC_JIA_Total_17,CD56bright NK,CD56bright NK,pca_logreg_same_split
CATCAGAGTTATTCTC_JIA_Total_1,CD56dim NK,CD56dim NK,pca_logreg_same_split
GCTTCCATCAAACCAC_JIA_CD7_2,CD56dim NK,CD56dim NK,pca_logreg_same_split
ACGCCGAGTTCGCGAC_JIA_CD7_4,Naïve-like ILC,C1,pca_logreg_same_split
AGGGATGCAAAGTCAA_JIA_CD7_4,CD56bright NK,CD56bright NK,pca_logreg_same_split
ACTGATGCACGAAGCA_JIA_CD7_5,Cycling NK,Cycling NK,pca_logreg_same_split
TCGCGTTGTCTAGGTT_JIA_CD7_4,C1,C1,pca_logreg_same_split
GTAACTGCATTACGAC_JIA_Total_17,C3,C3,pca_logreg_same_split
GATCTAGGTTACAGAA_JIA_Total_23,CD56bright NK,CD56bright NK,pca_logreg_same_split
TGACTTTCACGGCTAC_JIA_CD7_5,C3,C2,pca_logreg_same_split
ACGGGCTAGAGCCCAA_JIA_CD7_5,CD56dim NK,CD56dim NK,pca_logreg_same_split
CAAGTTGCATGCATGT_JIA_Total_24,C2,C2,pca_logreg_same_split
GTCGTAACAGACACTT_JIA_CD7_1,C3,C3,pca_logreg_same_split
CATGGCGCACGGTTTA_JIA_Total_17,C1,C1,pca_logreg_same_split
TAAGCGTAGTGACATA_JIA_CD7_5,C2,C2,pca_logreg_same_split
CTCTACGAGCGGCTTC_JIA_CD7_4,Naïve-like ILC,Naïve-like ILC,pca_logreg_same_split
GATCGCGTCCGTTGCT_JIA_CD7_5,C3,C3,pca_logreg_same_split
AGGCCACGTATATGAG_JIA_Total_26,Cycling NK,Cycling NK,pca_logreg_same_split
TCAGCAAGTGTTCTTT_JIA_CD7_2,CD56dim NK,CD56dim NK,pca_logreg_same_split
TATCTCACACACGCTG_JIA_CD7_4,C1,C1,pca_logreg_same_split
CCTACACTCCATGAGT_JIA_CD7_5,C2,C2,pca_logreg_same_split
TCGGGACGTTTGTTGG_JIA_CD7_5,CD56dim NK,CD56dim NK,pca_logreg_same_split
TTCCCAGAGGCTACGA_JIA_CD7_5,CD56dim NK,CD56dim NK,pca_logreg_same_split
TTCGAAGAGATGGGTC_JIA_CD7_5,C2,C2,pca_logreg_same_split
TGGCGCAGTTAGATGA_JIA_Total_17,C1,C1,pca_logreg_same_split
TGCCCTAGTCCGTCAG_JIA_CD7_5,C2,C2,pca_logreg_same_split
TCCCGATCAGGTCCAC_JIA_CD7_5,CD56dim NK,CD56dim NK,pca_logreg_same_split
ACGAGGATCATCGATG_JIA_CD7_3,CD56dim NK,CD56dim NK,pca_logreg_same_split
AGGCCGTCAGGCAGTA_JIA_CD7_5,ILC2,ILC2,pca_logreg_same_split
CCTAGCTGTAAAGTCA_JIA_CD7_4,C2,C2,pca_logreg_same_split
CCGGTAGAGTGTGGCA_JIA_CD7_3,CD56dim NK,CD56dim NK,pca_logreg_same_split
CCTTACGTCCTCCTAG_JIA_CD7_1,C2,C2,pca_logreg_same_split
CATTCGCAGAGTACAT_JIA_CD7_3,C2,C2,pca_logreg_same_split
GCTGCAGGTTAAAGAC_JIA_CD7_5,C2,C2,pca_logreg_same_split
CTCTAATCAACGATGG_JIA_CD7_5,CD56dim NK,CD56dim NK,pca_logreg_same_split
AACTGGTAGAGGGATA_JIA_CD7_3,CD56dim NK,CD56dim NK,pca_logreg_same_split
CACATAGGTATAGTAG_JIA_CD7_1,Cycling NK,Cycling NK,pca_logreg_same_split
TTGCCGTTCAGATAAG_JIA_Total_20,C3,C3,pca_logreg_same_split
ACGATACAGAGTGAGA_JIA_CD7_2,ILC2,ILC2,pca_logreg_same_split
CCGTGGAGTCCGAGTC_JIA_CD7_2,CD56dim NK,CD56dim NK,pca_logreg_same_split
CGGGTCATCGACCAGC_JIA_CD7_2,ILC2,ILC2,pca_logreg_same_split
CGATGTACATGTAGTC_JIA_CD7_4,Cycling NK,C1,pca_logreg_same_split
CATCCACGTCCGAAGA_JIA_CD7_3,C2,C2,pca_logreg_same_split
CAACCTCGTAGCGTGA_JIA_CD7_5,Cycling NK,Cycling NK,pca_logreg_same_split
CACACTCGTGTGGCTC_JIA_CD7_5,ILC3,ILC3,pca_logreg_same_split
AGCATACAGATGTGTA_JIA_CD7_4,CD56dim NK,CD56dim NK,pca_logreg_same_split
GTGTGCGTCGGATGTT_JIA_CD7_1,Cycling NK,Cycling NK,pca_logreg_same_split
TGCTGCTTCCGCAAGC_JIA_CD7_5,C2,C2,pca_logreg_same_split
TGCTACCCAGTACACT_JIA_CD7_3,C1,C1,pca_logreg_same_split
TCGGGACCATCCAACA_JIA_CD7_1,Cycling NK,Cycling NK,pca_logreg_same_split
GATCAGTAGACAAAGG_JIA_Total_26,Cycling NK,Cycling NK,pca_logreg_same_split
TATCAGGCACCGGAAA_JIA_CD7_5,ILC3,ILC3,pca_logreg_same_split
TGTATTCAGTTTGCGT_JIA_Total_19,CD56bright NK,CD56bright NK,pca_logreg_same_split
TACAGTGCATTCTCAT_JIA_CD7_2,C2,C2,pca_logreg_same_split
CGATGGCTCGCTGATA_JIA_Total_17,C3,CD56bright NK,pca_logreg_same_split
GCATACAGTTAAGAAC_JIA_CD7_4,C1,C1,pca_logreg_same_split
CTCATTAAGACCTTTG_JIA_CD7_1,CD56dim NK,CD56dim NK,pca_logreg_same_split
ACCAGTACAATAGCAA_JIA_CD7_3,CD56bright NK,CD56bright NK,pca_logreg_same_split
TGGCTGGTCCGCGTTT_JIA_CD7_4,C3,C3,pca_logreg_same_split
CAGGTGCCAAAGCGGT_JIA_CD7_4,C2,C2,pca_logreg_same_split
TTCCCAGAGATGGGTC_JIA_Total_23,CD56dim NK,CD56dim NK,pca_logreg_same_split
ACGCAGCTCACCATAG_JIA_CD7_2,ILC2,ILC2,pca_logreg_same_split
GGAACTTAGCGATCCC_JIA_CD7_4,C2,C2,pca_logreg_same_split
CCGTGGACATAACCTG_JIA_CD7_4,C3,C3,pca_logreg_same_split
ACAGCCGTCTGGTATG_JIA_CD7_2,ILC2,ILC2,pca_logreg_same_split
GATCGATTCCCAAGTA_JIA_Total_1,CD56bright NK,CD56bright NK,pca_logreg_same_split
GTCGGGTTCGCGCCAA_JIA_CD7_1,CD56dim NK,CD56dim NK,pca_logreg_same_split
CACCACTGTTAAGTAG_JIA_CD7_4,C3,C3,pca_logreg_same_split
GCTGGGTTCGTGACAT_JIA_CD7_2,ILC2,ILC2,pca_logreg_same_split
GGAGCAAAGTTGTCGT_JIA_CD7_2,CD56bright NK,CD56bright NK,pca_logreg_same_split
CACCACTCAGGGAGAG_JIA_CD7_5,C3,C3,pca_logreg_same_split
TGGGATTGTAGTCGTT_JIA_CD45_1,CD56dim NK,CD56dim NK,pca_logreg_same_split
ACCAGTAAGCTACCTA_JIA_CD7_4,C1,C1,pca_logreg_same_split
CATATGGAGCGACGTA_JIA_Total_25,C2,CD56bright NK,pca_logreg_same_split
CTCATTATCCCTCTTT_JIA_Total_7,CD56dim NK,CD56dim NK,pca_logreg_same_split
AACCGCGGTTCCGGCA_JIA_Total_11,Naïve-like ILC,Naïve-like ILC,pca_logreg_same_split
CTTGGCTCACTGCCAG_JIA_CD7_4,C1,C1,pca_logreg_same_split
ACATACGGTTTCCACC_JIA_CD7_1,CD56dim NK,CD56dim NK,pca_logreg_same_split
ATCTACTGTACGAAAT_JIA_CD7_3,CD56dim NK,CD56dim NK,pca_logreg_same_split
ATTGGGTCAGAAACCG_JIA_CD45_2,CD56dim NK,CD56dim NK,pca_logreg_same_split
CGATCGGTCAAAGACA_JIA_CD7_2,CD56dim NK,CD56dim NK,pca_logreg_same_split
TTGGAACCATCTGGTA_JIA_CD7_1,CD56dim NK,CD56dim NK,pca_logreg_same_split
ATCCACCCAGGGATTG_JIA_CD7_5,Cycling NK,Cycling NK,pca_logreg_same_split
TGCTACCAGCTCCTCT_JIA_CD7_2,CD56bright NK,CD56bright NK,pca_logreg_same_split
ATCGTAGAGGAACGAA_JIA_DC_1,C1,C1,pca_logreg_same_split
AAAGCAAAGCCCAACC_JIA_CD7_3,C2,C2,pca_logreg_same_split
GCGCCAAAGGAGTACC_JIA_CD7_4,C2,C2,pca_logreg_same_split
CACCAGGAGGAGTTTA_JIA_CD7_5,C1,Cycling NK,pca_logreg_same_split
GTACTTTAGCTACCTA_JIA_CD7_1,CD56dim NK,CD56dim NK,pca_logreg_same_split
GTTCTCGGTCTAGAGG_JIA_CD7_5,Naïve-like ILC,ILC3,pca_logreg_same_split
AGTGAGGCAGGCGATA_JIA_CD7_5,CD56dim NK,CD56dim NK,pca_logreg_same_split
GCGCCAATCACGAAGG_JIA_CD7_3,CD56dim NK,CD56dim NK,pca_logreg_same_split
GCACTCTGTCCAGTAT_JIA_CD7_5,C1,C1,pca_logreg_same_split
TTAACTCAGTAACCCT_JIA_CD7_5,CD56bright NK,CD56bright NK,pca_logreg_same_split
TCGTACCCATCGGTTA_JIA_CD7_3,CD56dim NK,CD56dim NK,pca_logreg_same_split
CGTCTACAGCGATATA_JIA_CD7_4,C1,C1,pca_logreg_same_split
GTTCATTAGATGTGTA_JIA_CD7_1,C2,C2,pca_logreg_same_split
TGGCCAGTCGCCTGTT_JIA_CD7_5,Cycling NK,Cycling NK,pca_logreg_same_split
ACGATGTGTGACCAAG_JIA_CD7_5,ILC3,ILC3,pca_logreg_same_split
TTTGTTGAGCATATGA_JIA_DC_2,C1,C1,pca_logreg_same_split
GTGCAGCAGTATCTCG_JIA_Total_10,Cycling NK,Cycling NK,pca_logreg_same_split
ATTATCCTCGTCGTTC_JIA_CD7_2,CD56dim NK,CD56dim NK,pca_logreg_same_split
TGCACCTTCTCTGTCG_JIA_CD7_4,Cycling NK,CD56dim NK,pca_logreg_same_split
TTTCCTCCAAAGGAAG_JIA_CD7_3,CD56bright NK,CD56bright NK,pca_logreg_same_split
GCGGGTTAGACTCGGA_JIA_CD7_4,C2,C2,pca_logreg_same_split
TTCTCAAAGTTCGATC_JIA_CD7_5,CD56bright NK,CD56bright NK,pca_logreg_same_split
GCGCAGTAGACTAAGT_JIA_CD7_3,CD56bright NK,Cycling NK,pca_logreg_same_split
AGAGTGGAGGCTCAGA_JIA_CD7_3,C1,C1,pca_logreg_same_split
CATCAAGGTATATCCG_JIA_CD7_2,C2,C2,pca_logreg_same_split
TTAACTCAGGCTAGAC_JIA_CD7_5,CD56bright NK,CD56bright NK,pca_logreg_same_split
TTGCGTCGTTGCTCCT_JIA_CD7_5,C1,C2,pca_logreg_same_split
CTGCTGTCAACTGCGC_JIA_CD7_3,C2,C2,pca_logreg_same_split
GCAAACTTCGGATGGA_JIA_CD7_4,C1,C1,pca_logreg_same_split
ATCGAGTGTGCGGTAA_JIA_CD7_1,C2,C2,pca_logreg_same_split
GAGCAGACAGTAAGAT_JIA_Total_7,CD56bright NK,CD56bright NK,pca_logreg_same_split
ACGGGTCCAAGGACAC_JIA_CD7_5,C3,C3,pca_logreg_same_split
ACATCAGTCACTTCAT_JIA_CD7_4,C2,C2,pca_logreg_same_split
ACGTCAAAGACAAGCC_JIA_CD7_4,ILC2,ILC2,pca_logreg_same_split
CGGACTGAGCTATGCT_JIA_CD7_1,CD56dim NK,CD56dim NK,pca_logreg_same_split
AAAGCAAAGAATGTTG_JIA_Total_24,C1,C1,pca_logreg_same_split
GGGTCTGAGGCTAGAC_JIA_CD7_5,C2,C2,pca_logreg_same_split
TAGCCGGCATTAGCCA_JIA_CD7_1,ILC2,ILC2,pca_logreg_same_split
ACCTTTAAGTAGTGCG_JIA_CD7_2,CD56dim NK,CD56dim NK,pca_logreg_same_split
TGGTTCCTCTCTTATG_JIA_CD7_5,C2,C2,pca_logreg_same_split
TCTTTCCCAGCCACCA_JIA_CD7_4,C3,C3,pca_logreg_same_split
ACTTACTTCCGCAGTG_JIA_CD7_5,CD56dim NK,CD56dim NK,pca_logreg_same_split
ACGCCAGCATCACGTA_JIA_CD7_2,ILC2,ILC2,pca_logreg_same_split
AGGTCCGCATGGTCAT_JIA_CD7_5,Cycling NK,Cycling NK,pca_logreg_same_split
ACAGCCGTCAGGCCCA_JIA_CD7_2,ILC2,ILC2,pca_logreg_same_split
CGACTTCCAAGTAGTA_JIA_CD7_4,C2,C2,pca_logreg_same_split
GCACTCTCATTAGGCT_JIA_CD7_4,C1,C1,pca_logreg_same_split
CGAGCCAGTACGCACC_JIA_CD7_5,CD56bright NK,CD56bright NK,pca_logreg_same_split
CCTTACGTCAGGCGAA_JIA_CD7_2,C1,C1,pca_logreg_same_split
TACTCGCCAGATCTGT_JIA_CD7_2,CD56dim NK,CD56dim NK,pca_logreg_same_split
TCTCATACATTCACTT_JIA_CD7_4,Cycling NK,Cycling NK,pca_logreg_same_split
TCCCGATTCTATCGCC_JIA_CD7_5,C2,C2,pca_logreg_same_split
GCTTGAAGTCGCGTGT_JIA_Total_17,C1,C1,pca_logreg_same_split
GTCGTAAGTAGTGAAT_JIA_Total_23,CD56bright NK,CD56bright NK,pca_logreg_same_split
GTAGGCCGTTTCCACC_JIA_CD7_5,CD56dim NK,CD56dim NK,pca_logreg_same_split
TGTATTCAGTAGTGCG_JIA_CD7_4,ILC2,ILC2,pca_logreg_same_split
GTACTTTCACCGAATT_JIA_CD7_4,Cycling NK,Cycling NK,pca_logreg_same_split
GGCTCGACAGAAGCAC_JIA_CD7_4,C2,C2,pca_logreg_same_split
CATATTCGTCCATGAT_JIA_Total_13,CD56bright NK,CD56bright NK,pca_logreg_same_split
TGGCTGGAGTAGCGGT_JIA_CD7_4,C1,CD56bright NK,pca_logreg_same_split
GCGCGATGTACACCGC_JIA_CD7_1,CD56dim NK,CD56dim NK,pca_logreg_same_split
CTGCCTACATACCATG_JIA_CD7_5,Cycling NK,Cycling NK,pca_logreg_same_split
AGCTCTCTCGTCTGCT_JIA_CD7_5,CD56bright NK,CD56bright NK,pca_logreg_same_split
CGGTTAATCAAGCCTA_JIA_CD7_4,C1,C1,pca_logreg_same_split
TTGAACGGTCCGTTAA_JIA_CD7_5,C2,C2,pca_logreg_same_split
CCCTCCTAGTCCCACG_JIA_CD7_2,Naïve-like ILC,Naïve-like ILC,pca_logreg_same_split
GCAATCAAGCAATCTC_JIA_CD7_4,C1,C1,pca_logreg_same_split
CATATGGGTGCGCTTG_JIA_CD7_5,Cycling NK,Cycling NK,pca_logreg_same_split
GCTGCGAGTGAGGCTA_JIA_CD7_5,Cycling NK,Cycling NK,pca_logreg_same_split
CACACCTGTCACACGC_JIA_CD7_2,ILC2,ILC2,pca_logreg_same_split
TCGCGAGAGACCTTTG_JIA_Total_26,ILC3,ILC3,pca_logreg_same_split
CACACAATCGTTTATC_JIA_CD7_5,CD56bright NK,CD56bright NK,pca_logreg_same_split
GGGACCTTCCTTTCTC_JIA_CD7_5,Cycling NK,Cycling NK,pca_logreg_same_split
CTACGTCGTCAGTGGA_JIA_CD7_5,Cycling NK,Cycling NK,pca_logreg_same_split
CACAGTAAGATCTGCT_JIA_CD7_5,C1,C1,pca_logreg_same_split
GTGAAGGGTGGCTCCA_JIA_CD7_2,CD56dim NK,CD56dim NK,pca_logreg_same_split
GCTGCTTGTCTCCACT_JIA_CD7_3,C1,C1,pca_logreg_same_split
AACTCCCTCAGCCTAA_JIA_Total_23,CD56dim NK,CD56dim NK,pca_logreg_same_split
CGTCCATTCTTTAGGG_JIA_CD7_1,CD56dim NK,Cycling NK,pca_logreg_same_split
CGCTGGATCCTGCTTG_JIA_Total_25,CD56bright NK,CD56bright NK,pca_logreg_same_split
ACCTTTAGTCTACCTC_JIA_CD7_5,CD56bright NK,CD56bright NK,pca_logreg_same_split
CATCGAAAGGCAATTA_JIA_CD7_2,ILC2,ILC2,pca_logreg_same_split
AGCGGTCCATCCAACA_JIA_CD7_4,C1,C1,pca_logreg_same_split
GATTCAGAGAATGTGT_JIA_Total_10,ILC3,ILC3,pca_logreg_same_split
GCTGCGATCTGCAGTA_JIA_CD7_4,Cycling NK,Cycling NK,pca_logreg_same_split
ACAGCCGGTCAAAGCG_JIA_CD7_1,CD56dim NK,CD56dim NK,pca_logreg_same_split
GCGCAGTCATAGTAAG_JIA_Total_19,CD56dim NK,CD56dim NK,pca_logreg_same_split
TCAGATGGTGAGGCTA_JIA_Total_2,Cycling NK,Cycling NK,pca_logreg_same_split
GGAACTTTCGTATCAG_JIA_CD7_1,Cycling NK,Cycling NK,pca_logreg_same_split
TAGCCGGAGATCACGG_JIA_CD7_4,C2,C2,pca_logreg_same_split
CACCTTGAGTGGTAGC_JIA_CD7_3,C1,C1,pca_logreg_same_split
GTGAAGGAGATAGCAT_JIA_Total_10,CD56dim NK,CD56dim NK,pca_logreg_same_split
CTCGTACGTTAAGTAG_JIA_CD7_2,Cycling NK,Cycling NK,pca_logreg_same_split
GTAACTGGTTTAGGAA_JIA_CD7_4,Naïve-like ILC,Naïve-like ILC,pca_logreg_same_split
CTAGTGAAGGAGTTTA_JIA_CD7_5,CD56dim NK,CD56dim NK,pca_logreg_same_split
GGAAAGCTCCTCAATT_JIA_CD7_5,Cycling NK,Cycling NK,pca_logreg_same_split
TTGAACGCATGCCTTC_JIA_CD7_5,C1,C3,pca_logreg_same_split
TCTCTAACATCACCCT_JIA_Total_24,C1,C1,pca_logreg_same_split
GAATAAGCACCGAAAG_JIA_CD7_2,CD56bright NK,CD56bright NK,pca_logreg_same_split
CCTCTGACAAACGCGA_JIA_Total_1,CD56dim NK,CD56dim NK,pca_logreg_same_split
CACACTCGTAGGACAC_JIA_CD7_5,Cycling NK,Cycling NK,pca_logreg_same_split
CGGACGTCATAAGACA_JIA_CD7_3,C2,C2,pca_logreg_same_split
AGCAGCCCAAATCCGT_JIA_CD7_5,C2,C2,pca_logreg_same_split
TCTCTAATCCGCGCAA_JIA_CD7_5,CD56bright NK,CD56bright NK,pca_logreg_same_split
GACCTGGCAACAACCT_JIA_CD7_2,C1,CD56bright NK,pca_logreg_same_split
AGACGTTAGCTAACTC_JIA_CD7_3,Cycling NK,Cycling NK,pca_logreg_same_split
CAAGAAAGTTACCGAT_JIA_CD7_5,CD56bright NK,CD56bright NK,pca_logreg_same_split
CTGATCCAGATATGGT_JIA_Total_17,Cycling NK,Cycling NK,pca_logreg_same_split
TGCCAAATCAGAGGTG_JIA_Total_4,CD56dim NK,CD56dim NK,pca_logreg_same_split
TCTGAGATCTGATTCT_JIA_CD7_4,CD56dim NK,CD56dim NK,pca_logreg_same_split
TGACGGCAGTGGACGT_JIA_Total_17,C1,C1,pca_logreg_same_split
ACGGAGATCTTCGAGA_JIA_CD7_5,C1,C2,pca_logreg_same_split
GAAACTCGTAAATACG_JIA_CD7_3,C1,Naïve-like ILC,pca_logreg_same_split
CTCGTCACACTTGGAT_JIA_CD7_5,C2,C2,pca_logreg_same_split
TTTGTCACAAAGGAAG_JIA_CD7_2,ILC2,ILC2,pca_logreg_same_split
CGCGTTTGTCTCTCTG_JIA_CD7_3,C1,C1,pca_logreg_same_split
TTAGGCAAGAACAATC_JIA_CD7_3,CD56dim NK,CD56dim NK,pca_logreg_same_split
TGCCCTACATACAGCT_JIA_Total_1,CD56dim NK,CD56dim NK,pca_logreg_same_split
CCCAATCAGTATCGAA_JIA_CD7_5,CD56bright NK,CD56bright NK,pca_logreg_same_split
TCTGAGAAGTCTTGCA_JIA_Total_25,CD56dim NK,CD56dim NK,pca_logreg_same_split
CTCGTCAGTAGCGCAA_JIA_CD7_3,CD56bright NK,CD56bright NK,pca_logreg_same_split
CTGCTGTGTGCCTGGT_JIA_Total_26,C2,C1,pca_logreg_same_split
TAGTTGGGTTTGGCGC_JIA_CD7_5,C2,C2,pca_logreg_same_split
TTCTTAGAGGAGTACC_JIA_CD7_1,C2,C2,pca_logreg_same_split
TTCTACAAGCTTCGCG_JIA_CD7_1,C2,C2,pca_logreg_same_split
TTGACTTAGTCATGCT_JIA_CD7_4,C1,C1,pca_logreg_same_split
CGTAGCGCAACTTGAC_JIA_CD7_4,CD56dim NK,CD56dim NK,pca_logreg_same_split
ATGCGATAGCCAACAG_JIA_CD7_2,C1,CD56bright NK,pca_logreg_same_split
AGTAGTCGTACCGTTA_JIA_CD7_5,C1,C1,pca_logreg_same_split
TTGCGTCTCCTCAATT_JIA_CD7_3,C1,C1,pca_logreg_same_split
CAAGGCCAGTAGCGGT_JIA_CD7_3,CD56dim NK,CD56dim NK,pca_logreg_same_split
GTACTCCGTTTGTTTC_JIA_CD7_2,C1,C1,pca_logreg_same_split
TGGCGCAAGAAGGACA_JIA_Total_26,C1,C1,pca_logreg_same_split
GCAGTTACAAGACACG_JIA_Total_25,Cycling NK,Cycling NK,pca_logreg_same_split
CTGGTCTGTGGAAAGA_JIA_CD7_2,Cycling NK,CD56dim NK,pca_logreg_same_split
TGAGAGGGTCCGCTGA_JIA_CD7_5,C2,C2,pca_logreg_same_split
AACTGGTAGCGTTTAC_JIA_CD7_4,CD56bright NK,CD56bright NK,pca_logreg_same_split
GACAGAGGTGTGGTTT_JIA_CD7_3,CD56dim NK,CD56dim NK,pca_logreg_same_split
TACTCATAGATCCGAG_JIA_CD7_4,C1,C1,pca_logreg_same_split
TCACAAGTCTAAGCCA_JIA_CD7_4,Cycling NK,Cycling NK,pca_logreg_same_split
TCTTTCCCACATTAGC_JIA_Total_16,Cycling NK,Cycling NK,pca_logreg_same_split
AAACGGGCAGACTCGC_JIA_CD7_3,ILC2,ILC2,pca_logreg_same_split
CCACGGATCTATCCTA_JIA_CD7_5,CD56dim NK,CD56dim NK,pca_logreg_same_split
GTATTCTTCCATGAGT_JIA_Total_19,CD56bright NK,CD56bright NK,pca_logreg_same_split
GAGTCCGCATATGAGA_JIA_Total_1,CD56dim NK,CD56dim NK,pca_logreg_same_split
GAATAAGAGTTAAGTG_JIA_Total_19,CD56bright NK,CD56bright NK,pca_logreg_same_split
GGGTTGCGTCCATCCT_JIA_CD7_5,Cycling NK,Cycling NK,pca_logreg_same_split
GTGCATATCGTTACAG_JIA_CD7_4,CD56dim NK,CD56dim NK,pca_logreg_same_split
CAGGTGCAGCATCATC_JIA_Total_11,C3,C3,pca_logreg_same_split
CCACCTAAGAGGTTAT_JIA_CD7_5,C1,C1,pca_logreg_same_split
TTGGCAAGTCGCATAT_JIA_CD7_3,Cycling NK,Cycling NK,pca_logreg_same_split
CTGTTTATCGGTTCGG_JIA_CD7_2,C1,C1,pca_logreg_same_split
GGTATTGAGAATTCCC_JIA_CD7_3,CD56dim NK,Cycling NK,pca_logreg_same_split
TCGGTAAAGCGAGAAA_JIA_CD7_4,C2,C2,pca_logreg_same_split
TCAGCTCGTTGTGGCC_JIA_CD7_1,CD56dim NK,CD56dim NK,pca_logreg_same_split
CGGACACAGCCCGAAA_JIA_CD7_3,C3,C2,pca_logreg_same_split
CTAACTTCATAGACTC_JIA_CD7_4,C1,C1,pca_logreg_same_split
GACGTTACAACAACCT_JIA_CD7_2,CD56dim NK,CD56dim NK,pca_logreg_same_split
GATGCTAAGTACCGGA_JIA_CD7_5,Naïve-like ILC,Naïve-like ILC,pca_logreg_same_split
GGCCGATGTAAGAGGA_JIA_CD7_5,Cycling NK,Cycling NK,pca_logreg_same_split
AGGTCCGAGGACTGGT_JIA_CD7_5,Naïve-like ILC,Naïve-like ILC,pca_logreg_same_split
AGTCTTTGTTGTGGAG_JIA_CD7_5,C1,C1,pca_logreg_same_split
GTACGTACACTATCTT_JIA_CD7_3,ILC2,ILC2,pca_logreg_same_split
CGTCACTTCCGCATCT_JIA_CD7_5,Cycling NK,Cycling NK,pca_logreg_same_split
ATCACGATCAAACCAC_JIA_CD7_3,ILC2,ILC2,pca_logreg_same_split
GTTCGGGTCACCTCGT_JIA_CD7_2,CD56bright NK,CD56bright NK,pca_logreg_same_split
AAGTCTGGTCCGAACC_JIA_CD7_5,Cycling NK,Cycling NK,pca_logreg_same_split
TCTGAGATCCCTTGCA_JIA_CD7_1,CD56dim NK,CD56dim NK,pca_logreg_same_split
AGAGTGGCATGCTGGC_JIA_CD7_4,C2,C2,pca_logreg_same_split
AAGGAGCGTCTAGCCG_JIA_CD7_5,C2,C2,pca_logreg_same_split
CGTAGGCAGGCAGTCA_JIA_Total_23,CD56dim NK,CD56dim NK,pca_logreg_same_split
GATGCTACAGATCCAT_JIA_CD7_4,CD56bright NK,CD56bright NK,pca_logreg_same_split
AAAGCAACACGGTAGA_JIA_CD7_3,CD56dim NK,CD56dim NK,pca_logreg_same_split
ACTTGTTAGGGCTTGA_JIA_CD7_5,Cycling NK,Cycling NK,pca_logreg_same_split
TGCGTGGGTCACTTCC_JIA_Total_11,C1,C3,pca_logreg_same_split
CGTAGGCTCTGGTGTA_JIA_Total_19,CD56dim NK,CD56dim NK,pca_logreg_same_split
GATGCTACACTGTTAG_JIA_Total_19,CD56dim NK,CD56bright NK,pca_logreg_same_split
CACAGTAAGACCACGA_JIA_CD7_4,C2,C2,pca_logreg_same_split
GTTACAGAGACGACGT_JIA_CD7_2,CD56bright NK,CD56bright NK,pca_logreg_same_split
CCTACCATCTGCTGCT_JIA_CD7_1,CD56dim NK,CD56dim NK,pca_logreg_same_split
CTCGAGGAGAAACCTA_JIA_CD7_5,ILC3,ILC3,pca_logreg_same_split
CAGAGAGTCTCTAAGG_JIA_Total_1,CD56bright NK,CD56bright NK,pca_logreg_same_split
ATCCACCAGTGTACTC_JIA_Total_7,CD56bright NK,CD56bright NK,pca_logreg_same_split
GACACGCCACGGTAAG_JIA_CD7_4,C2,C2,pca_logreg_same_split
CGTCCATAGCCAACAG_JIA_CD7_4,C2,C2,pca_logreg_same_split
GGCTGGTCAGGTCGTC_JIA_CD7_5,C1,C1,pca_logreg_same_split
CAGGTGCTCCTCAATT_JIA_Total_1,Naïve-like ILC,Naïve-like ILC,pca_logreg_same_split
GACCTGGAGGGTCTCC_JIA_CD7_4,CD56bright NK,CD56bright NK,pca_logreg_same_split
ATCCGAAGTCTGCAAT_JIA_Total_17,C2,C2,pca_logreg_same_split
TTTATGCGTGCATCTA_JIA_CD7_3,CD56bright NK,CD56bright NK,pca_logreg_same_split
CTGTGCTAGACAAAGG_JIA_CD7_3,CD56dim NK,CD56dim NK,pca_logreg_same_split
GCGCAGTGTGTAATGA_JIA_CD7_3,Cycling NK,Cycling NK,pca_logreg_same_split
AGACACTAGGTGTGAC_JIA_CD45_2,Naïve-like ILC,Naïve-like ILC,pca_logreg_same_split
TTCGGTCAGCCTTGAT_JIA_CD7_5,Cycling NK,C2,pca_logreg_same_split
TACGGTAGTTGGGACA_JIA_CD7_4,C1,C1,pca_logreg_same_split
AATCGGTAGAAACCAT_JIA_CD7_1,Cycling NK,Cycling NK,pca_logreg_same_split
TGGCTGGGTCGGGTCT_JIA_CD7_4,C1,C1,pca_logreg_same_split
GCAAACTAGTGAACGC_JIA_CD7_4,CD56dim NK,CD56dim NK,pca_logreg_same_split
CAGCTGGTCCACGACG_JIA_CD7_1,C2,C2,pca_logreg_same_split
TCGTACCGTCGCATAT_JIA_CD7_3,C2,C2,pca_logreg_same_split
GTCCTCATCACATACG_JIA_CD7_1,CD56dim NK,CD56dim NK,pca_logreg_same_split
CAGATCACATTAGGCT_JIA_CD7_5,C2,C2,pca_logreg_same_split
CACACCTTCGAACTGT_JIA_CD7_4,C2,C2,pca_logreg_same_split
TTGCGTCTCAACACTG_JIA_CD7_1,C2,C2,pca_logreg_same_split
GCACTCTAGCGCTCCA_JIA_CD7_4,C3,Cycling NK,pca_logreg_same_split
GGAGCAATCGCACTCT_JIA_CD7_2,CD56dim NK,CD56dim NK,pca_logreg_same_split
GAAATGATCGTGGTCG_JIA_CD7_5,Cycling NK,Cycling NK,pca_logreg_same_split
TGCCCTATCCGCATCT_JIA_CD7_5,Naïve-like ILC,Naïve-like ILC,pca_logreg_same_split
TTAACTCAGCTGAAAT_JIA_CD7_1,CD56dim NK,CD56dim NK,pca_logreg_same_split
GAACACTGTGGACTGA_JIA_DC_1,C2,C2,pca_logreg_same_split
ACTTTCATCCTCTAGC_JIA_CD7_4,Cycling NK,Cycling NK,pca_logreg_same_split
GTGCGGTGTCGCGTGT_JIA_CD7_2,C1,C1,pca_logreg_same_split
CGTGTCTTCAAACAAG_JIA_CD7_4,CD56bright NK,CD56bright NK,pca_logreg_same_split
TCGGTAACACTAGTAC_JIA_CD7_5,CD56dim NK,CD56dim NK,pca_logreg_same_split
GGACATTGTGTCGCTG_JIA_CD7_3,ILC2,ILC2,pca_logreg_same_split
GTATTCTTCATGCTCC_JIA_CD7_5,C2,C2,pca_logreg_same_split
GGACAGAAGGTGTTAA_JIA_CD7_3,C1,C1,pca_logreg_same_split
TGACTTTAGTATCGAA_JIA_CD7_2,ILC2,ILC2,pca_logreg_same_split
TAGAGCTCAGTCCTTC_JIA_CD7_5,C2,C2,pca_logreg_same_split
TCGTACCCACACATGT_JIA_Total_24,C2,C2,pca_logreg_same_split
GATGAAAGTTGCGTTA_JIA_CD7_1,CD56dim NK,CD56dim NK,pca_logreg_same_split
GAAATGAGTAGCGTGA_JIA_CD7_4,C1,C1,pca_logreg_same_split
AACCATGGTTCTGGTA_JIA_CD7_5,C2,C3,pca_logreg_same_split
AATCCAGAGTGGACGT_JIA_CD7_3,C3,C3,pca_logreg_same_split
AAGTCTGAGTCTCCTC_JIA_CD7_5,C1,C1,pca_logreg_same_split
GACGTTACATATGGTC_JIA_Total_2,Cycling NK,Cycling NK,pca_logreg_same_split
CCGTGGAGTCTAAACC_JIA_Total_26,C1,C1,pca_logreg_same_split
CTTAACTGTGGAAAGA_JIA_CD7_5,CD56dim NK,CD56dim NK,pca_logreg_same_split
ATTTCTGAGTACACCT_JIA_CD7_4,CD56bright NK,CD56bright NK,pca_logreg_same_split
TGTATTCCACGGCCAT_JIA_CD7_1,C2,C2,pca_logreg_same_split
TGCGTGGCAGTGACAG_JIA_CD7_5,C3,C3,pca_logreg_same_split
GAACATCAGTTGTAGA_JIA_CD7_3,C1,C1,pca_logreg_same_split
CATCGTCTCTGACCCT_JIA_DC_1,Naïve-like ILC,Naïve-like ILC,pca_logreg_same_split
TAGTGGTAGTAAGTAC_JIA_CD7_3,Naïve-like ILC,Naïve-like ILC,pca_logreg_same_split
TCATATCAGACGGATC_JIA_CD45_1,CD56dim NK,CD56dim NK,pca_logreg_same_split
CAGCTAATCAGGTAAA_JIA_CD7_5,CD56dim NK,CD56dim NK,pca_logreg_same_split
GACTCAAGTCCGGTGT_JIA_DC_2,C1,C2,pca_logreg_same_split
TGCGGGTTCATTCACT_JIA_CD7_5,C2,C2,pca_logreg_same_split
CAACCTCGTTCCATGA_JIA_Total_10,CD56dim NK,CD56dim NK,pca_logreg_same_split
TGTTCCGGTTGTCTTT_JIA_CD7_4,C1,C1,pca_logreg_same_split
AACGTTGTCATAGCAC_JIA_CD7_3,Cycling NK,Cycling NK,pca_logreg_same_split
AGCGTATCAGCTGTTA_JIA_CD7_4,Cycling NK,Cycling NK,pca_logreg_same_split
TGCGGGTAGAAACGAG_JIA_CD7_3,Cycling NK,Cycling NK,pca_logreg_same_split
GTTTCTATCCGAATGT_JIA_CD7_2,Naïve-like ILC,Naïve-like ILC,pca_logreg_same_split
CAAGAAATCCCTCTTT_JIA_Total_1,CD56bright NK,CD56bright NK,pca_logreg_same_split
TACTTACCATGGGAAC_JIA_Total_1,CD56bright NK,CD56bright NK,pca_logreg_same_split
GTCACAACAGGCGATA_JIA_Total_20,C2,C2,pca_logreg_same_split
CTCTGGTAGCCTTGAT_JIA_CD7_1,C1,C1,pca_logreg_same_split
CACACAAGTGACTACT_JIA_Total_4,CD56dim NK,CD56dim NK,pca_logreg_same_split
CCCAATCCAGTTTACG_JIA_CD7_4,Cycling NK,Cycling NK,pca_logreg_same_split
CTGGACGCATACAGAA_JIA_DC_2,C1,C1,pca_logreg_same_split
GGACAGACACCAGTTA_JIA_CD7_4,ILC2,ILC2,pca_logreg_same_split
CACAGTAAGGAGTTGC_JIA_CD7_5,CD56dim NK,CD56dim NK,pca_logreg_same_split
TTTGCGCGTCTGATTG_JIA_CD7_4,C2,C2,pca_logreg_same_split
CTTCTCTTCGCATGGC_JIA_CD7_3,C2,C2,pca_logreg_same_split
ACTTACTCACTTAACG_JIA_CD7_5,C2,C2,pca_logreg_same_split
TTGCCGTTCAGTTCGA_JIA_CD7_5,C2,C2,pca_logreg_same_split
TCTGAGAGTCTTGCGG_JIA_CD7_5,ILC3,ILC3,pca_logreg_same_split
TATGCCCGTACTTAGC_JIA_Total_2,ILC2,Cycling NK,pca_logreg_same_split
CTTGGCTAGTTAACGA_JIA_CD7_5,Cycling NK,Cycling NK,pca_logreg_same_split
GTTACAGCACATGGGA_JIA_CD7_2,C1,Naïve-like ILC,pca_logreg_same_split
GGAATAATCAACACAC_JIA_CD7_3,Cycling NK,Cycling NK,pca_logreg_same_split
CTTACCGAGGCTCAGA_JIA_CD7_4,ILC2,ILC2,pca_logreg_same_split
GACTGCGGTTAAGTAG_JIA_CD7_1,C2,C2,pca_logreg_same_split
GCTTCCATCTCACATT_JIA_Total_25,CD56dim NK,CD56dim NK,pca_logreg_same_split
CTGTTTATCTCGCTTG_JIA_CD7_4,C1,C1,pca_logreg_same_split
CATTATCCACGCCAGT_JIA_CD7_1,Cycling NK,Cycling NK,pca_logreg_same_split
GTAATCGCATCTAGAC_JIA_DC_1,C1,C1,pca_logreg_same_split
GTTCATTGTTTGTTTC_JIA_CD7_2,Cycling NK,Cycling NK,pca_logreg_same_split
ACGCAGCCAGGTTTCA_JIA_CD7_5,CD56dim NK,CD56dim NK,pca_logreg_same_split
ACAGCCGCACTTAACG_JIA_CD7_1,C2,C2,pca_logreg_same_split
CTGCTGTAGCTCCCAG_JIA_CD7_1,Cycling NK,Cycling NK,pca_logreg_same_split
CATCAAGAGAAACGCC_JIA_CD7_5,C2,C2,pca_logreg_same_split
GTGAGGAGTATAGCTC_JIA_DC_2,C1,C1,pca_logreg_same_split
CGGCTAGCATACTCTT_JIA_CD7_1,C2,C2,pca_logreg_same_split
ACCGTAAGTCAATACC_JIA_CD7_3,C1,C1,pca_logreg_same_split
AAAGATGCATGGGACA_JIA_CD7_5,C2,C2,pca_logreg_same_split
TCTATTGTCGAGAACG_JIA_CD7_4,CD56bright NK,C1,pca_logreg_same_split
TGACTTTCAATGAAAC_JIA_CD7_5,C2,C2,pca_logreg_same_split
GTTTCTAAGGTAAACT_JIA_CD7_4,Cycling NK,Cycling NK,pca_logreg_same_split
GTACTTTGTCAGCTAT_JIA_CD7_2,CD56dim NK,CD56dim NK,pca_logreg_same_split
ACGGGCTTCGTATCAG_JIA_CD7_3,Cycling NK,Cycling NK,pca_logreg_same_split
CGTAGGCAGATCCGAG_JIA_CD7_5,C2,C2,pca_logreg_same_split
CGACTTCCATTTGCCC_JIA_CD7_2,CD56dim NK,Cycling NK,pca_logreg_same_split
AAGACCTTCCTATTCA_JIA_CD7_4,ILC3,ILC3,pca_logreg_same_split
ATCGAGTCACAGACAG_JIA_CD7_5,Cycling NK,Cycling NK,pca_logreg_same_split
CAAGATCCAGACGCAA_JIA_CD7_2,ILC2,ILC2,pca_logreg_same_split
ATCCGAAAGTTCGATC_JIA_CD7_5,C2,Cycling NK,pca_logreg_same_split
AGCGTCGCAATGGTCT_JIA_CD7_5,C3,C3,pca_logreg_same_split
CGTGTAAAGAGCTGCA_JIA_Total_19,ILC2,ILC2,pca_logreg_same_split
CAAGTTGCAGCTCGCA_JIA_CD7_3,ILC2,ILC2,pca_logreg_same_split
TGGTTAGAGGTTACCT_JIA_CD7_5,C2,C2,pca_logreg_same_split
CCACCTATCCGCTGTT_JIA_CD7_5,ILC3,ILC3,pca_logreg_same_split
CACCACTGTCAATACC_JIA_CD7_3,CD56dim NK,CD56dim NK,pca_logreg_same_split
GACTGCGGTGTATGGG_JIA_CD7_5,C2,C2,pca_logreg_same_split
TAGACCATCCGAATGT_JIA_CD7_4,C1,C2,pca_logreg_same_split
CCTACACCAGGGTACA_JIA_CD7_1,C2,C2,pca_logreg_same_split
TCCACACCAATAGCAA_JIA_CD7_2,CD56bright NK,CD56bright NK,pca_logreg_same_split
AACTGGTCATACAGCT_JIA_CD7_5,CD56bright NK,CD56bright NK,pca_logreg_same_split
GTCTTCGCAAGCTGTT_JIA_Total_23,CD56bright NK,CD56bright NK,pca_logreg_same_split
TTTACTGAGAAGGCCT_JIA_CD7_5,C3,C3,pca_logreg_same_split
CCAATCCTCCCATTAT_JIA_Total_20,C1,C2,pca_logreg_same_split
GACTCTCGTGCATTTG_JIA_CD45_1,ILC2,ILC2,pca_logreg_same_split
TACCTTAAGGACAGCT_JIA_CD7_3,CD56bright NK,CD56bright NK,pca_logreg_same_split
GTCGTAAGTCTGCCAG_JIA_CD7_5,C2,C2,pca_logreg_same_split
GCTGCTTCACTAAGTC_JIA_CD7_3,CD56dim NK,CD56dim NK,pca_logreg_same_split
CATGGCGAGCGTGAAC_JIA_CD7_5,Cycling NK,Cycling NK,pca_logreg_same_split
GTATCTTGTCTCTCTG_JIA_CD7_3,C1,C1,pca_logreg_same_split
CGTCAGGAGAAGATTC_JIA_CD7_3,Cycling NK,Cycling NK,pca_logreg_same_split
TTCACGCCATGGAATA_JIA_DC_1,C1,C1,pca_logreg_same_split
CGGGTCAGTCATTAGC_JIA_Total_20,C2,C2,pca_logreg_same_split
ATAGACCTCATCTGCC_JIA_CD7_4,C2,C3,pca_logreg_same_split
CTAAGACCAGACGCTC_JIA_CD7_2,CD56dim NK,CD56dim NK,pca_logreg_same_split
GGCTCGATCTTCATGT_JIA_CD7_5,Cycling NK,Cycling NK,pca_logreg_same_split
TGACAACCAGATGGGT_JIA_CD7_3,CD56dim NK,CD56dim NK,pca_logreg_same_split
CACACAATCTGCGACG_JIA_CD7_1,Cycling NK,Cycling NK,pca_logreg_same_split
AAAGATGCAGTGGAGT_JIA_CD7_5,Cycling NK,Cycling NK,pca_logreg_same_split
GCATGATAGATGTAAC_JIA_CD7_2,C1,C1,pca_logreg_same_split
GACACGCCACACAGAG_JIA_CD7_5,Cycling NK,Cycling NK,pca_logreg_same_split
ACGGAGAAGTCCATAC_JIA_CD7_1,CD56dim NK,CD56dim NK,pca_logreg_same_split
TTGAACGTCGATAGAA_JIA_CD7_1,CD56dim NK,CD56dim NK,pca_logreg_same_split
TACTTGTGTTGATTCG_JIA_CD7_5,ILC3,ILC3,pca_logreg_same_split
ACCCACTCACCTGGTG_JIA_CD7_5,C2,C2,pca_logreg_same_split
CCTAAAGAGTCTTGCA_JIA_CD7_3,CD56dim NK,CD56dim NK,pca_logreg_same_split
GGGCATCGTTCCGTCT_JIA_Total_20,C2,C2,pca_logreg_same_split
TTGCGTCTCCCAGGTG_JIA_CD7_4,Cycling NK,Cycling NK,pca_logreg_same_split
TGATTTCAGAGTACCG_JIA_Total_19,ILC2,ILC2,pca_logreg_same_split
ACCGTAAAGCCCGAAA_JIA_CD7_3,C1,C1,pca_logreg_same_split
GCAGTTATCCCGGATG_JIA_CD7_2,ILC2,ILC2,pca_logreg_same_split
TGGTTAGCACGGACAA_JIA_CD7_5,Naïve-like ILC,Naïve-like ILC,pca_logreg_same_split
CAGCTGGCATGCAATC_JIA_CD7_4,C3,C3,pca_logreg_same_split
CGTCTACAGTAGTGCG_JIA_CD7_5,C1,C1,pca_logreg_same_split
TTCTCCTTCTTTACAC_JIA_CD7_5,CD56dim NK,CD56dim NK,pca_logreg_same_split
ATTACTCAGGGCTCTC_JIA_CD7_3,CD56dim NK,C3,pca_logreg_same_split
ACCGTAAAGTGGCACA_JIA_CD7_5,C2,C3,pca_logreg_same_split
TGAGAGGCAACGATGG_JIA_CD7_4,C2,C2,pca_logreg_same_split
CGGGTCACATCGGTTA_JIA_Total_1,Naïve-like ILC,Naïve-like ILC,pca_logreg_same_split
CATATGGAGTATTGGA_JIA_CD7_4,CD56dim NK,CD56dim NK,pca_logreg_same_split
CATCGGGAGGCTACGA_JIA_Total_10,CD56bright NK,CD56bright NK,pca_logreg_same_split
CGAATGTTCCACGACG_JIA_CD7_2,CD56dim NK,CD56dim NK,pca_logreg_same_split
AACTCAGTCCAGAGGA_JIA_CD7_4,C1,C1,pca_logreg_same_split
ACATACGGTTCGTGAT_JIA_CD7_3,Cycling NK,Cycling NK,pca_logreg_same_split
GGCAATTCACAGAGGT_JIA_CD7_5,C2,C2,pca_logreg_same_split
CAGCGACCAAGGTTTC_JIA_CD7_4,C1,C1,pca_logreg_same_split
CATGCCTCAAGGTTTC_JIA_CD7_4,CD56dim NK,CD56dim NK,pca_logreg_same_split
CTGGTCTAGGGATACC_JIA_CD7_5,Cycling NK,Cycling NK,pca_logreg_same_split
ACAGCCGCAACGCACC_JIA_CD7_4,C2,C2,pca_logreg_same_split
TGACAACGTGACGGTA_JIA_CD7_4,Naïve-like ILC,Naïve-like ILC,pca_logreg_same_split
CTAACTTCAGATAATG_JIA_CD7_4,CD56bright NK,CD56bright NK,pca_logreg_same_split
AGAATAGGTGATGATA_JIA_CD7_5,CD56bright NK,CD56bright NK,pca_logreg_same_split
GTGAAGGGTGCATCTA_JIA_CD7_1,C2,C2,pca_logreg_same_split
ACGGAGACACCGGAAA_JIA_Total_20,C3,C3,pca_logreg_same_split
GTGGGTCAGAAGCCCA_JIA_CD7_4,Cycling NK,Cycling NK,pca_logreg_same_split
ACGAGGACAGGCGATA_JIA_CD7_1,C1,C1,pca_logreg_same_split
TGTATTCCAGCTGCTG_JIA_CD7_1,CD56bright NK,CD56bright NK,pca_logreg_same_split
AACACGTCACGAGGTA_JIA_Total_26,Cycling NK,Cycling NK,pca_logreg_same_split
GGACATTGTAGTGAAT_JIA_CD7_5,CD56bright NK,CD56bright NK,pca_logreg_same_split
CGGCTAGTCATAACCG_JIA_CD7_3,ILC2,ILC2,pca_logreg_same_split
CACACAAAGATCGGGT_JIA_CD7_5,C2,C2,pca_logreg_same_split
TGAAAGATCGTTGACA_JIA_CD7_4,C3,C3,pca_logreg_same_split
AACTCCCCATGCATGT_JIA_Total_19,CD56bright NK,CD56bright NK,pca_logreg_same_split
GGCAATTAGCGAGAAA_JIA_CD7_5,CD56bright NK,CD56bright NK,pca_logreg_same_split
TTAACTCTCTTACCTA_JIA_CD7_1,Cycling NK,Cycling NK,pca_logreg_same_split
GTACGTAGTCCCTTGT_JIA_CD7_5,C2,C2,pca_logreg_same_split
ACGCACGTCCGCACTT_JIA_DC_1,CD56dim NK,CD56dim NK,pca_logreg_same_split
CGTGTCTTCCGAGCCA_JIA_CD7_2,ILC2,ILC2,pca_logreg_same_split
GGAATAAAGAAACGAG_JIA_Total_10,CD56dim NK,CD56dim NK,pca_logreg_same_split
CTCAGAAAGCGCCTCA_JIA_CD7_5,CD56bright NK,CD56bright NK,pca_logreg_same_split
TTCCCAGCATTCCTGC_JIA_CD7_5,C2,C2,pca_logreg_same_split
GTTCTCGCAAGCTGGA_JIA_CD7_5,C2,C2,pca_logreg_same_split
AGCTTGATCGGAATCT_JIA_CD7_5,CD56dim NK,CD56dim NK,pca_logreg_same_split
AAATGCCAGCTGTTCA_JIA_CD7_5,Naïve-like ILC,Naïve-like ILC,pca_logreg_same_split
CGAGAAGGTGTGACGA_JIA_CD7_3,C3,C3,pca_logreg_same_split
GTGCGGTGTCTCTCGT_JIA_CD7_5,CD56bright NK,CD56bright NK,pca_logreg_same_split
GGTATTGAGTGTTAGA_JIA_CD7_4,C2,C2,pca_logreg_same_split
GACTGCGCAGATCCAT_JIA_CD7_5,CD56dim NK,CD56dim NK,pca_logreg_same_split
TCTATTGTCAGCTGGC_JIA_CD7_4,CD56bright NK,CD56bright NK,pca_logreg_same_split
TGTATTCTCCTCATTA_JIA_Total_7,CD56dim NK,CD56dim NK,pca_logreg_same_split
TACAGTGTCTCTTATG_JIA_CD7_2,C1,C1,pca_logreg_same_split
GTTTCTATCCGTTGTC_JIA_Total_1,CD56bright NK,CD56bright NK,pca_logreg_same_split
TGAAAGACAGGGTACA_JIA_CD7_3,Cycling NK,Cycling NK,pca_logreg_same_split
ATAGACCGTAGCCTCG_JIA_CD7_5,C1,C1,pca_logreg_same_split
TGAGCCGTCGCAAACT_JIA_CD7_5,CD56bright NK,CD56bright NK,pca_logreg_same_split
CTCGTACAGATGCGAC_JIA_CD7_5,Cycling NK,Cycling NK,pca_logreg_same_split
TATCAGGAGACCTTTG_JIA_CD7_4,C1,C1,pca_logreg_same_split
GGCAATTTCATTGCGA_JIA_CD7_5,C2,C2,pca_logreg_same_split
CTCGTCATCCAGTAGT_JIA_CD7_2,C1,C1,pca_logreg_same_split
AGTAGTCCAGCCAGAA_JIA_CD7_2,CD56dim NK,CD56dim NK,pca_logreg_same_split
TCAGGTATCTCGATGA_JIA_CD7_3,C1,C1,pca_logreg_same_split
CGCTTCAAGCGAGAAA_JIA_CD7_4,CD56bright NK,CD56bright NK,pca_logreg_same_split
CGAGAAGTCGGCATCG_JIA_CD7_5,C2,C2,pca_logreg_same_split
GATCTAGGTTGGTGGA_JIA_CD7_4,CD56dim NK,CD56dim NK,pca_logreg_same_split
GGATTACAGCTGCCCA_JIA_CD7_4,C2,C2,pca_logreg_same_split
CTGAAACAGAGCTGGT_JIA_CD7_1,C3,C3,pca_logreg_same_split
CATTATCTCCGCGCAA_JIA_CD7_5,C2,C2,pca_logreg_same_split
GGGACCTGTCAACTGT_JIA_CD7_5,ILC3,ILC3,pca_logreg_same_split
GTGCAGCCAGCTTTCC_JIA_CD45_2,Cycling NK,Cycling NK,pca_logreg_same_split
ACACCAAGTTGCGCAC_JIA_CD7_2,ILC2,ILC2,pca_logreg_same_split
CTACCCACACTAAGTC_JIA_Total_13,ILC2,ILC2,pca_logreg_same_split
TTGGAACAGGTGATTA_JIA_CD7_5,Cycling NK,Cycling NK,pca_logreg_same_split
AGCTTGACATGGTCAT_JIA_Total_23,ILC2,ILC2,pca_logreg_same_split
TACGGGCTCCTGCAGG_JIA_CD7_5,ILC3,ILC3,pca_logreg_same_split
CATCAAGTCCGCGGTA_JIA_Total_14,C2,C2,pca_logreg_same_split
GCATGCGGTAGCGTGA_JIA_CD7_5,C3,C2,pca_logreg_same_split
AGCAGCCTCAGCTTAG_JIA_CD7_1,C3,C3,pca_logreg_same_split
TTCTACATCCGCAGTG_JIA_Total_17,C2,CD56dim NK,pca_logreg_same_split
GCTCCTAAGAGGTTGC_JIA_CD7_3,C2,C2,pca_logreg_same_split
GATCAGTGTTACAGAA_JIA_Total_11,C1,C1,pca_logreg_same_split
TTTACTGAGCTACCTA_JIA_Total_19,CD56dim NK,CD56dim NK,pca_logreg_same_split
GATTCAGGTTAAAGTG_JIA_CD7_5,C1,C1,pca_logreg_same_split
CATCAAGCAAGCTGGA_JIA_CD7_4,CD56dim NK,CD56dim NK,pca_logreg_same_split
TGAGCATCATCTCCCA_JIA_Total_1,CD56bright NK,CD56bright NK,pca_logreg_same_split
AACGTTGGTCCTCTTG_JIA_CD7_2,CD56dim NK,CD56dim NK,pca_logreg_same_split
TCCCGATCACGCTTTC_JIA_CD7_4,C3,C3,pca_logreg_same_split
GACACGCAGGTCGGAT_JIA_Total_20,C2,C2,pca_logreg_same_split
TCACAAGAGTTATCGC_JIA_CD7_3,CD56dim NK,CD56dim NK,pca_logreg_same_split
ACTGCTCGTGTTCTTT_JIA_CD7_3,CD56dim NK,CD56dim NK,pca_logreg_same_split
GTTAAGCCAAGTTAAG_JIA_CD7_3,C3,C3,pca_logreg_same_split
GTGGGTCTCACTCCTG_JIA_CD7_4,C1,C1,pca_logreg_same_split
GGGCACTTCGTACCGG_JIA_CD7_5,C1,C1,pca_logreg_same_split
CGTCACTGTACTTCTT_JIA_CD7_2,ILC2,ILC2,pca_logreg_same_split
CGACCTTGTAGAAAGG_JIA_CD7_3,C1,C1,pca_logreg_same_split
TAGAGCTAGATCGGGT_JIA_CD7_4,Naïve-like ILC,Naïve-like ILC,pca_logreg_same_split
AAGTCTGGTTGTGGCC_JIA_CD7_1,CD56bright NK,CD56bright NK,pca_logreg_same_split
GCGAGAACACGGCTAC_JIA_CD7_5,Cycling NK,Cycling NK,pca_logreg_same_split
CATCCACTCGCGTTTC_JIA_Total_20,Cycling NK,C2,pca_logreg_same_split
TTGACTTTCTGGCGTG_JIA_CD7_4,C1,C1,pca_logreg_same_split
CATCGGGTCTGTCTCG_JIA_CD7_4,C3,C3,pca_logreg_same_split
ATGGGAGTCTTCTGGC_JIA_CD7_4,CD56dim NK,CD56dim NK,pca_logreg_same_split
CATCAGAAGGACTGGT_JIA_Total_7,CD56bright NK,CD56bright NK,pca_logreg_same_split
GGCTGGTCAACACGCC_JIA_CD7_5,CD56bright NK,CD56bright NK,pca_logreg_same_split
AACTCAGCACGAAACG_JIA_Total_13,ILC2,ILC2,pca_logreg_same_split
AATCCAGCAGGGAGAG_JIA_CD7_1,CD56dim NK,CD56dim NK,pca_logreg_same_split
CTAGAGTCAAGCGTAG_JIA_CD7_5,C1,C1,pca_logreg_same_split
AGCGTATCAAGTAGTA_JIA_CD7_2,CD56dim NK,CD56dim NK,pca_logreg_same_split
TCTCTAAAGTAGCGGT_JIA_Total_23,CD56bright NK,CD56bright NK,pca_logreg_same_split
CCGGGATCAGGCTGAA_JIA_CD7_4,ILC2,ILC2,pca_logreg_same_split
TTGGCAAGTAGGCTGA_JIA_CD7_1,C2,C2,pca_logreg_same_split
AGTCTTTGTCGAGTTT_JIA_CD7_5,C2,C2,pca_logreg_same_split
CTCACACTCTCCAGGG_JIA_CD7_3,C2,C2,pca_logreg_same_split
GAACGGATCATAGCAC_JIA_Total_13,CD56dim NK,CD56dim NK,pca_logreg_same_split
GTCGTAACACTGTTAG_JIA_CD7_4,C1,C1,pca_logreg_same_split
CTGATAGTCCACGAAT_JIA_CD7_4,C3,C3,pca_logreg_same_split
TAAACCGGTAGCGCTC_JIA_Total_25,CD56bright NK,CD56bright NK,pca_logreg_same_split
TGGCTGGGTGGACGAT_JIA_Total_20,C2,C2,pca_logreg_same_split
CCAGCGAGTAGAGGAA_JIA_CD7_5,C1,C1,pca_logreg_same_split
TGAGCATCATGCTAGT_JIA_CD7_4,C1,C1,pca_logreg_same_split
GAAGCAGCAGGGTATG_JIA_CD7_2,CD56dim NK,CD56dim NK,pca_logreg_same_split
TGAGGGATCTCGTATT_JIA_CD7_5,CD56bright NK,CD56bright NK,pca_logreg_same_split
GTAACTGCATCGGTTA_JIA_CD7_2,CD56dim NK,CD56dim NK,pca_logreg_same_split
GCATACAGTTATTCTC_JIA_Total_16,CD56bright NK,CD56bright NK,pca_logreg_same_split
GCAGGCTGTTGCATCA_JIA_CD45_1,C1,C1,pca_logreg_same_split
CATATGGCAGCTTAAC_JIA_CD7_4,C1,C1,pca_logreg_same_split
AGAGCGAAGATAGGAG_JIA_CD7_1,C2,C3,pca_logreg_same_split
AGCTCTCTCAGCACAT_JIA_CD7_5,ILC3,ILC3,pca_logreg_same_split
TGCTGCTCACGACTCG_JIA_Total_24,C2,C2,pca_logreg_same_split
GTCAAGTTCGCTTGTC_JIA_CD7_3,C2,C1,pca_logreg_same_split
GGGACCTGTAACGTTC_JIA_CD7_5,Cycling NK,Cycling NK,pca_logreg_same_split
ATAACGCGTTGCGTTA_JIA_CD7_2,Cycling NK,Cycling NK,pca_logreg_same_split
TGCCAAAGTTGTTTGG_JIA_CD7_3,C2,C2,pca_logreg_same_split
CCACTACTCGCCAGCA_JIA_CD7_2,C1,CD56bright NK,pca_logreg_same_split
CTTAACTGTGATAAAC_JIA_CD7_3,C1,C1,pca_logreg_same_split
TTTACTGTCACCAGGC_JIA_CD7_1,CD56dim NK,CD56dim NK,pca_logreg_same_split
AGCCTAAAGCGCCTCA_JIA_CD7_4,CD56bright NK,CD56bright NK,pca_logreg_same_split
ACTGAGTTCATGTAGC_JIA_CD7_5,C2,C2,pca_logreg_same_split
GTCATTTCACGAAGCA_JIA_CD7_4,C2,C2,pca_logreg_same_split
CATGACAGTGACGCCT_JIA_CD7_3,ILC2,ILC2,pca_logreg_same_split
CAGAATCTCTTATCTG_JIA_CD7_1,C1,Cycling NK,pca_logreg_same_split
GGGAATGTCCAGAAGG_JIA_CD7_5,CD56bright NK,CD56bright NK,pca_logreg_same_split
GAACATCAGTTACGGG_JIA_CD7_4,C1,C1,pca_logreg_same_split
GCATGATGTAGAAAGG_JIA_CD7_4,Naïve-like ILC,Naïve-like ILC,pca_logreg_same_split
GTCATCCCATGAAGGC_JIA_CD45_1,CD56bright NK,C1,pca_logreg_same_split
TGGGCGTTCTAGCACA_JIA_CD7_4,C2,C2,pca_logreg_same_split
AGAGTGGCAGCAGTTT_JIA_CD7_4,C2,C3,pca_logreg_same_split
TTGGCAATCGCCTGAG_JIA_Total_2,Cycling NK,Cycling NK,pca_logreg_same_split
ACAGCTATCCTAAGTG_JIA_CD7_1,C3,C3,pca_logreg_same_split
TGACTAGGTCTTCGTC_JIA_CD7_2,CD56bright NK,CD56bright NK,pca_logreg_same_split
GGGTCTGCAGGTTTCA_JIA_CD7_5,C1,C1,pca_logreg_same_split
CGAACATGTGGAAAGA_JIA_Total_2,C2,C2,pca_logreg_same_split
TGAGGGAGTGTGGCTC_JIA_CD7_2,CD56bright NK,CD56bright NK,pca_logreg_same_split
GGGTCTGAGTACGTAA_JIA_CD7_2,CD56bright NK,CD56bright NK,pca_logreg_same_split
CGATCGGGTAGAAGGA_JIA_CD7_3,Cycling NK,Cycling NK,pca_logreg_same_split
GACCAATCACGAAATA_JIA_Total_20,C3,C2,pca_logreg_same_split
TATCAGGGTTATGTGC_JIA_CD7_5,C1,C1,pca_logreg_same_split
CCGGTAGTCTTGCATT_JIA_CD7_1,CD56dim NK,CD56dim NK,pca_logreg_same_split
GTCTTCGTCACCCGAG_JIA_CD7_4,C2,C2,pca_logreg_same_split
TACAGTGCACAGACAG_JIA_CD7_4,CD56bright NK,CD56bright NK,pca_logreg_same_split
TCTTTCCCACCTCGTT_JIA_CD7_4,C1,C1,pca_logreg_same_split
TGCTACCCAGACACTT_JIA_CD7_4,ILC2,ILC2,pca_logreg_same_split
CTGAAGTAGAGACTAT_JIA_Total_24,C1,C1,pca_logreg_same_split
ATTGGACCAAATTGCC_JIA_CD7_5,C2,C2,pca_logreg_same_split
ACCGTAAGTTTGACTG_JIA_CD7_3,C3,C3,pca_logreg_same_split
TACGGATTCTATCCCG_JIA_CD7_5,CD56dim NK,CD56dim NK,pca_logreg_same_split
GTTTCTAGTGTAAGTA_JIA_CD7_5,Cycling NK,Cycling NK,pca_logreg_same_split
ACTGATGAGGCAAAGA_JIA_CD7_5,CD56bright NK,CD56bright NK,pca_logreg_same_split
TGTATTCAGAGCAATT_JIA_CD7_4,C3,C3,pca_logreg_same_split
TGACTCCAGGTATTGA_JIA_DC_1,C3,C3,pca_logreg_same_split
ATGTGTGAGGCAGGTT_JIA_Total_25,CD56dim NK,CD56dim NK,pca_logreg_same_split
GTCATTTGTAGTACCT_JIA_CD7_5,C2,C2,pca_logreg_same_split
CGACTTCAGATCCCGC_JIA_CD7_5,C2,C2,pca_logreg_same_split
ATTTACCTCGGAGTAG_JIA_CD45_2,CD56bright NK,CD56bright NK,pca_logreg_same_split
ACGGCCAGTCGAGATG_JIA_CD7_2,CD56dim NK,CD56dim NK,pca_logreg_same_split
CAGCATAAGATGAGAG_JIA_CD7_3,C1,C1,pca_logreg_same_split
ATGCGATGTCTGCCAG_JIA_CD7_3,CD56dim NK,CD56dim NK,pca_logreg_same_split
AGTTGGTAGTAGGCCA_JIA_CD7_4,CD56dim NK,CD56dim NK,pca_logreg_same_split
CTACACCAGAAGGCCT_JIA_CD7_4,ILC3,ILC3,pca_logreg_same_split
CAAGGCCGTGGCTCCA_JIA_CD7_4,C1,Naïve-like ILC,pca_logreg_same_split
GAATAAGTCGCTAGCG_JIA_CD7_3,CD56bright NK,CD56bright NK,pca_logreg_same_split
GGTGAAGAGGAGTTTA_JIA_CD7_5,C2,C2,pca_logreg_same_split
CGCTTCATCTTAGCCC_JIA_CD7_1,C2,C2,pca_logreg_same_split
CTTAACTCACCTCGTT_JIA_CD7_3,C1,C1,pca_logreg_same_split
CGTGTCTCAGCTGCTG_JIA_CD7_5,C2,C2,pca_logreg_same_split
GATCTAGCAAGACACG_JIA_CD7_3,Cycling NK,Cycling NK,pca_logreg_same_split
TTGACTTGTGTCTGAT_JIA_Total_17,Cycling NK,Cycling NK,pca_logreg_same_split
CAGAGAGGTTTCCACC_JIA_CD7_3,C3,C2,pca_logreg_same_split
CGTAGCGAGTACATGA_JIA_CD7_2,C1,C1,pca_logreg_same_split
TTGCCGTCAACACCTA_JIA_Total_25,CD56bright NK,CD56bright NK,pca_logreg_same_split
GCATGTAGTGACTACT_JIA_CD7_3,CD56dim NK,CD56dim NK,pca_logreg_same_split
ATCATCTGTGGCCCTA_JIA_Total_11,Naïve-like ILC,C1,pca_logreg_same_split
CACATTTGTGCGCTTG_JIA_CD7_3,Cycling NK,CD56dim NK,pca_logreg_same_split
GTAGTCACATCGGGTC_JIA_CD7_1,C2,C2,pca_logreg_same_split
CAGAGAGGTCGCATAT_JIA_CD7_4,C2,C2,pca_logreg_same_split
ATAAGAGTCTAACTGG_JIA_CD7_1,CD56dim NK,CD56dim NK,pca_logreg_same_split
ATTATCCTCAGTGTTG_JIA_CD7_4,C1,C1,pca_logreg_same_split
GAAGCAGTCGGTTCGG_JIA_Total_17,ILC3,Naïve-like ILC,pca_logreg_same_split
GCAAACTAGCAACGGT_JIA_CD7_1,Cycling NK,Cycling NK,pca_logreg_same_split
AGCGTCGCACTAGTAC_JIA_CD7_5,Cycling NK,Cycling NK,pca_logreg_same_split
TTCCCAGTCGGACAAG_JIA_Total_10,CD56dim NK,CD56dim NK,pca_logreg_same_split
GCGCCAATCCTCAATT_JIA_Total_1,Cycling NK,Cycling NK,pca_logreg_same_split
CACACTCTCGCATGGC_JIA_CD7_4,C2,C2,pca_logreg_same_split
GGCTCGAAGATCGATA_JIA_Total_20,C2,C2,pca_logreg_same_split
ATGGGAGAGATAGTCA_JIA_Total_19,CD56bright NK,CD56bright NK,pca_logreg_same_split
GGGAATGGTGTTTGTG_JIA_Total_19,CD56dim NK,CD56dim NK,pca_logreg_same_split
TTCCCAGAGACTCGGA_JIA_Total_10,CD56bright NK,CD56bright NK,pca_logreg_same_split
GCAGCCAGTTAGAACA_JIA_CD7_5,C2,C2,pca_logreg_same_split
AAGGAGCCACGGTTTA_JIA_CD7_2,CD56bright NK,CD56bright NK,pca_logreg_same_split
TTCTACATCAGCTCGG_JIA_CD7_5,CD56bright NK,CD56bright NK,pca_logreg_same_split
ATGAGGGTCATACGGT_JIA_CD7_1,CD56dim NK,CD56dim NK,pca_logreg_same_split
CATCGGGAGTACATGA_JIA_Total_1,CD56dim NK,CD56dim NK,pca_logreg_same_split
TAAGCCAGTATCGGTT_JIA_DC_2,Cycling NK,Cycling NK,pca_logreg_same_split
ACACCGGCATGGAATA_JIA_CD7_4,CD56bright NK,CD56bright NK,pca_logreg_same_split
GAATGAATCAGAGCTT_JIA_CD7_1,Cycling NK,C1,pca_logreg_same_split
GTCAAGTAGTCTCCTC_JIA_Total_5,ILC3,Naïve-like ILC,pca_logreg_same_split
TTCTCCTAGGAGCGTT_JIA_Total_19,CD56bright NK,CD56bright NK,pca_logreg_same_split
GTCTCGTGTCGTCTTC_JIA_CD7_3,C3,C3,pca_logreg_same_split
ATGTGTGGTGCTAGCC_JIA_Total_17,ILC3,ILC3,pca_logreg_same_split
GGTGGCTAGAGTCACG_JIA_CD45_1,ILC2,ILC2,pca_logreg_same_split
TTCTCAAGTCACTTCC_JIA_CD7_3,C2,C2,pca_logreg_same_split
CTTAGGAAGAGGGATA_JIA_CD7_3,Cycling NK,Cycling NK,pca_logreg_same_split
TTAACTCGTCTAGAGG_JIA_CD7_2,C1,C1,pca_logreg_same_split
AGTGAGGAGGTAAACT_JIA_Total_26,C1,C1,pca_logreg_same_split
AGATCTGGTGCGAAAC_JIA_CD7_5,CD56dim NK,CD56dim NK,pca_logreg_same_split
CGAGCCAGTAGTACCT_JIA_CD7_3,C3,C2,pca_logreg_same_split
TTATGCTGTAAGTGGC_JIA_Total_1,Cycling NK,Cycling NK,pca_logreg_same_split
CCATGTCGTACGCTGC_JIA_CD7_2,Cycling NK,Cycling NK,pca_logreg_same_split
CTCGTACAGACAAGCC_JIA_CD7_1,C2,C2,pca_logreg_same_split
TCTGAGAGTAAATGAC_JIA_CD7_2,ILC2,ILC2,pca_logreg_same_split
TTGCCGTGTTTGGCGC_JIA_CD7_5,CD56dim NK,CD56dim NK,pca_logreg_same_split
GACTAACCAAGCGCTC_JIA_Total_1,CD56bright NK,CD56bright NK,pca_logreg_same_split
GGGAGATTCTCGGACG_JIA_CD7_5,CD56dim NK,CD56dim NK,pca_logreg_same_split
CGGCTAGTCCAGTATG_JIA_CD7_2,ILC2,ILC2,pca_logreg_same_split
GGACGTCTCTAACTGG_JIA_Total_8,Cycling NK,Cycling NK,pca_logreg_same_split
GTGCATAGTACTTAGC_JIA_CD7_5,C2,C2,pca_logreg_same_split
TGCACCTGTATAGGTA_JIA_CD7_5,Cycling NK,Cycling NK,pca_logreg_same_split
GTCTCGTCACCTTGTC_JIA_Total_24,C1,C1,pca_logreg_same_split
GAAGCAGGTGGGTATG_JIA_CD7_4,CD56bright NK,CD56bright NK,pca_logreg_same_split
CGAGAAGTCCAAAGTC_JIA_Total_20,C1,C1,pca_logreg_same_split
ATGCGATGTGAGGGAG_JIA_CD7_3,C1,C1,pca_logreg_same_split
CATGGCGCATGGGACA_JIA_CD7_5,CD56dim NK,CD56dim NK,pca_logreg_same_split
TTAATCCTCATTGCTT_JIA_DC_1,C1,Naïve-like ILC,pca_logreg_same_split
CGACCTTCATGCCACG_JIA_Total_5,C3,C3,pca_logreg_same_split
ATCACGAGTGAACCTT_JIA_CD7_2,C1,CD56bright NK,pca_logreg_same_split
TGACTAGCACAGATTC_JIA_CD7_5,Naïve-like ILC,CD56bright NK,pca_logreg_same_split
CGTTCTGCATTGCGGC_JIA_CD7_5,Cycling NK,Cycling NK,pca_logreg_same_split
TCGGGACAGTGTTGAA_JIA_Total_25,CD56dim NK,CD56dim NK,pca_logreg_same_split
GTGAAGGCAGTCAGAG_JIA_CD7_5,CD56dim NK,CD56dim NK,pca_logreg_same_split
AACTGGTAGACAGAGA_JIA_CD7_1,C2,C2,pca_logreg_same_split
TACGGATTCGTCACGG_JIA_CD7_4,C2,C2,pca_logreg_same_split
GGGAGATCATCCGCGA_JIA_Total_17,C1,C1,pca_logreg_same_split
GCGCAGTCAGTATGCT_JIA_CD7_1,Cycling NK,Cycling NK,pca_logreg_same_split
TATTACCGTACAGTGG_JIA_CD7_3,C2,C2,pca_logreg_same_split
TTCGAAGTCACGGTTA_JIA_Total_20,Cycling NK,Cycling NK,pca_logreg_same_split
AGTCACAGTCGACTTA_JIA_DC_3,C1,C2,pca_logreg_same_split
AAACGGGTCCCGACTT_JIA_CD7_5,CD56dim NK,CD56dim NK,pca_logreg_same_split
GTGCGGTCAATTCCTT_JIA_CD7_1,C1,C2,pca_logreg_same_split
TAGAGCTAGGTGATAT_JIA_CD7_3,C2,C2,pca_logreg_same_split
CTCGTACTCTATCCCG_JIA_Total_7,C1,CD56bright NK,pca_logreg_same_split
CTGTTTACAGACAGGT_JIA_Total_20,Cycling NK,Cycling NK,pca_logreg_same_split
GTGTGCGGTTGGGACA_JIA_CD7_1,Cycling NK,Cycling NK,pca_logreg_same_split
AGTCTTTCACCCTATC_JIA_CD7_1,CD56dim NK,CD56dim NK,pca_logreg_same_split
GTTCGGGAGACAGACC_JIA_CD7_5,Cycling NK,Cycling NK,pca_logreg_same_split
AGGCCACTCTTCGAGA_JIA_Total_13,CD56bright NK,CD56bright NK,pca_logreg_same_split
ATAAGAGGTACAGTGG_JIA_CD7_5,ILC2,ILC2,pca_logreg_same_split
CTCTGGTCACTTCGAA_JIA_CD7_5,Cycling NK,Cycling NK,pca_logreg_same_split
GATCGCGGTTCCACTC_JIA_Total_19,CD56bright NK,CD56bright NK,pca_logreg_same_split
TCTTCGGCACTTCGAA_JIA_Total_25,CD56bright NK,CD56bright NK,pca_logreg_same_split
TACTCGCCAGCTGGCT_JIA_CD7_5,C2,C2,pca_logreg_same_split
TGGCGCACACATGACT_JIA_CD7_1,C2,C2,pca_logreg_same_split
TGTTCCGCATGCGCAC_JIA_Total_19,ILC2,ILC2,pca_logreg_same_split
CTGATCCTCATACGGT_JIA_CD7_5,Cycling NK,C2,pca_logreg_same_split
GCAGCCAGTTGGTTTG_JIA_Total_1,CD56dim NK,CD56dim NK,pca_logreg_same_split
GAATGAAAGCTAGGCA_JIA_CD7_4,C1,Naïve-like ILC,pca_logreg_same_split
TCTTTCCGTGGGTATG_JIA_CD7_5,ILC2,ILC2,pca_logreg_same_split
ACTGTCCAGACTGGGT_JIA_Total_26,C1,C1,pca_logreg_same_split
AGCATACTCATTGCCC_JIA_CD7_5,CD56dim NK,CD56dim NK,pca_logreg_same_split
AAATGCCCAGGCAGTA_JIA_CD7_2,CD56bright NK,CD56bright NK,pca_logreg_same_split
TACACGATCCAATGGT_JIA_CD7_4,C2,C2,pca_logreg_same_split
AACTCAGGTTGACGTT_JIA_Total_24,C2,C2,pca_logreg_same_split
ACTGATGGTTCAGACT_JIA_CD7_5,Cycling NK,Cycling NK,pca_logreg_same_split
GATCGATAGACCTAGG_JIA_CD7_2,C1,CD56bright NK,pca_logreg_same_split
GTCTCGTGTTCCACTC_JIA_CD7_3,CD56dim NK,CD56dim NK,pca_logreg_same_split
CACCAGGTCCTCTAGC_JIA_CD7_3,C2,C2,pca_logreg_same_split
AGTCTTTTCTACCTGC_JIA_CD7_2,CD56dim NK,CD56dim NK,pca_logreg_same_split
AGCTTGACAATGGATA_JIA_CD7_2,C3,C3,pca_logreg_same_split
GGCTCGACACACATGT_JIA_CD7_5,C2,C2,pca_logreg_same_split
TCTCATAGTAACGTTC_JIA_CD7_5,Cycling NK,Cycling NK,pca_logreg_same_split
AAAGATGAGATACACA_JIA_CD7_4,Cycling NK,Cycling NK,pca_logreg_same_split
GACGTGCCATAGACTC_JIA_CD7_5,C2,C2,pca_logreg_same_split
GCTGCGATCTGGTGTA_JIA_CD7_1,CD56dim NK,CD56dim NK,pca_logreg_same_split
GGCGACTAGGACCACA_JIA_CD7_5,CD56dim NK,CD56dim NK,pca_logreg_same_split
TCACGAACACTAGTAC_JIA_CD7_5,CD56bright NK,CD56bright NK,pca_logreg_same_split
GTACTTTCATTTGCCC_JIA_CD7_2,CD56dim NK,CD56dim NK,pca_logreg_same_split
CTCTAATCAAACTGTC_JIA_CD7_1,Cycling NK,Cycling NK,pca_logreg_same_split
CGGAGTCTCCTGTACC_JIA_Total_10,CD56bright NK,CD56bright NK,pca_logreg_same_split
GACCTGGTCTTCGAGA_JIA_CD7_2,ILC2,ILC2,pca_logreg_same_split
CTCGAGGGTAAGTAGT_JIA_CD7_4,C2,C2,pca_logreg_same_split
TCGGTAACAGATCGGA_JIA_Total_2,C1,C1,pca_logreg_same_split
AGGCCACAGAATAGGG_JIA_CD7_1,C2,C2,pca_logreg_same_split
AACCATGCACTTGGAT_JIA_CD7_2,C1,CD56bright NK,pca_logreg_same_split
AAGGCAGGTATCACCA_JIA_Total_25,CD56bright NK,CD56bright NK,pca_logreg_same_split
CACAGTAAGTGAACGC_JIA_CD7_1,Cycling NK,Cycling NK,pca_logreg_same_split
CAGTCCTCATCACGTA_JIA_CD7_1,CD56dim NK,CD56dim NK,pca_logreg_same_split
CTTACCGAGCGCCTCA_JIA_CD7_1,Cycling NK,C2,pca_logreg_same_split
CGACTTCCAAGGCTCC_JIA_CD7_3,ILC2,ILC2,pca_logreg_same_split
GCATACAGTAAGGATT_JIA_CD7_4,C1,C1,pca_logreg_same_split
CACAAACCAATGGAGC_JIA_CD7_1,C2,C2,pca_logreg_same_split
AGTCTTTAGGCACATG_JIA_CD7_2,ILC2,ILC2,pca_logreg_same_split
GCTGCGACACGTCTCT_JIA_CD7_4,Naïve-like ILC,Naïve-like ILC,pca_logreg_same_split
TGTGTTTTCCTTAATC_JIA_Total_20,C1,C3,pca_logreg_same_split
TCATTTGAGAAGGGTA_JIA_CD7_5,CD56bright NK,C1,pca_logreg_same_split
GCTCCTATCTGGCGAC_JIA_Total_10,Cycling NK,Cycling NK,pca_logreg_same_split
GCAGTTAAGACCTTTG_JIA_CD7_3,Cycling NK,Cycling NK,pca_logreg_same_split
CCTACACCAGACAAGC_JIA_CD7_5,C1,C1,pca_logreg_same_split
TCGAGGCAGCGCTCCA_JIA_CD7_5,C2,C2,pca_logreg_same_split
CACCAGGTCTTACCGC_JIA_CD7_4,Naïve-like ILC,Naïve-like ILC,pca_logreg_same_split
GATCAGTGTACTTAGC_JIA_CD7_3,CD56bright NK,CD56bright NK,pca_logreg_same_split
AAGGAGCCAACTGCGC_JIA_CD7_1,CD56dim NK,CD56dim NK,pca_logreg_same_split
GCGCCAAAGGCTAGCA_JIA_CD7_4,CD56dim NK,CD56dim NK,pca_logreg_same_split
TCAGCTCTCCACTGGG_JIA_CD7_4,C2,C2,pca_logreg_same_split
GAATAAGAGCGATATA_JIA_CD7_2,Naïve-like ILC,C1,pca_logreg_same_split
GACTAACAGGTGACCA_JIA_CD7_5,C1,C1,pca_logreg_same_split
TCTTCGGCACAGGAGT_JIA_Total_13,Cycling NK,Cycling NK,pca_logreg_same_split
GATGCTACAGTGAGTG_JIA_CD7_5,Cycling NK,C2,pca_logreg_same_split
CTTTGCGGTTCAGGCC_JIA_CD7_2,C2,C2,pca_logreg_same_split
AACGTTGCAAGCCCAC_JIA_Total_17,Cycling NK,Cycling NK,pca_logreg_same_split
TGACAACCAGGTCCAC_JIA_Total_24,C3,C3,pca_logreg_same_split
CGTTAGACAAGGTTCT_JIA_CD7_2,CD56bright NK,CD56bright NK,pca_logreg_same_split
CATATGGGTACAGTTC_JIA_CD7_4,Cycling NK,Cycling NK,pca_logreg_same_split
CGCTATCTCTTACCTA_JIA_CD7_5,CD56bright NK,CD56bright NK,pca_logreg_same_split
CCACTACGTACGCTGC_JIA_CD7_3,C2,C2,pca_logreg_same_split
GGATGTTGTTCCACAA_JIA_Total_19,CD56bright NK,CD56bright NK,pca_logreg_same_split
GCTGGGTCATTTCACT_JIA_CD7_4,C1,C1,pca_logreg_same_split
TCGGGACGTACCGCTG_JIA_CD7_3,CD56bright NK,CD56bright NK,pca_logreg_same_split
CAGCCGACATTCTTAC_JIA_CD7_3,C1,C1,pca_logreg_same_split
GACAGAGCATCAGTAC_JIA_Total_14,C1,C1,pca_logreg_same_split
TTCTACATCCTCCTAG_JIA_CD7_5,Cycling NK,Cycling NK,pca_logreg_same_split
CTCGGGATCGATAGAA_JIA_CD7_4,C2,C2,pca_logreg_same_split
GTACTCCGTTACGTCA_JIA_CD7_3,Cycling NK,Cycling NK,pca_logreg_same_split
TACTCGCAGGTGATTA_JIA_CD7_5,C3,C3,pca_logreg_same_split
TGAGCATTCAGAGCTT_JIA_CD7_2,C1,C1,pca_logreg_same_split
AGTTGGTTCATAACCG_JIA_CD7_5,Cycling NK,Cycling NK,pca_logreg_same_split
CATATGGTCTTGCCGT_JIA_CD7_4,C2,C2,pca_logreg_same_split
TACAGTGGTTGCGCAC_JIA_CD7_4,CD56bright NK,CD56bright NK,pca_logreg_same_split
AGCATACTCAGAAATG_JIA_Total_25,CD56dim NK,CD56dim NK,pca_logreg_same_split
GCGAGAAAGAATCTCC_JIA_Total_24,C2,C2,pca_logreg_same_split
TACCTTAGTCCTCTTG_JIA_CD7_1,C2,C2,pca_logreg_same_split
TAAGCGTCACAGACTT_JIA_CD7_1,C2,C2,pca_logreg_same_split
AGCGGTCAGGCAGTCA_JIA_CD7_2,CD56dim NK,CD56dim NK,pca_logreg_same_split
CTCAGAAAGATGGCGT_JIA_CD7_2,C1,C1,pca_logreg_same_split
AAATGCCCAAGGCTCC_JIA_Total_1,CD56dim NK,CD56dim NK,pca_logreg_same_split
ACGATGTTCGCCCTTA_JIA_CD7_4,C2,C2,pca_logreg_same_split
CCATTCGTCGTATCAG_JIA_CD7_5,CD56bright NK,CD56bright NK,pca_logreg_same_split
AGGCCGTTCCTGCAGG_JIA_Total_19,CD56dim NK,CD56dim NK,pca_logreg_same_split
CGACCTTAGGGAAACA_JIA_CD7_5,Cycling NK,Cycling NK,pca_logreg_same_split
GTGCTTCTCCAATGGT_JIA_CD7_4,C2,C2,pca_logreg_same_split
GTACTCCAGCCTATGT_JIA_CD7_1,Cycling NK,Cycling NK,pca_logreg_same_split
AAGGTTCCACAACGTT_JIA_Total_14,C3,C1,pca_logreg_same_split
CGTCTACGTTGCTCCT_JIA_CD7_1,C2,C2,pca_logreg_same_split
GGATTACGTGGAAAGA_JIA_CD7_2,CD56bright NK,CD56bright NK,pca_logreg_same_split
TAGTGGTGTCTACCTC_JIA_CD7_3,CD56bright NK,CD56bright NK,pca_logreg_same_split
GGCGTGTCATCAGTCA_JIA_CD7_4,Cycling NK,Cycling NK,pca_logreg_same_split
GGTATTGAGCCGATTT_JIA_CD7_4,C2,C2,pca_logreg_same_split
AAACCTGGTCACCCAG_JIA_Total_5,C1,Cycling NK,pca_logreg_same_split
GATGCTAGTCAAACTC_JIA_CD7_4,C2,C2,pca_logreg_same_split
ACGGCCAAGGAACTGC_JIA_CD7_4,C1,C1,pca_logreg_same_split
CCACTACCAGACAAAT_JIA_CD7_5,CD56dim NK,CD56dim NK,pca_logreg_same_split
CCTTCGATCCAAATGC_JIA_CD7_1,C2,C2,pca_logreg_same_split
ACCCACTCAGCGTTCG_JIA_CD7_2,C1,C1,pca_logreg_same_split
CGTCTACAGTGTACGG_JIA_Total_26,ILC3,ILC3,pca_logreg_same_split
GAAGGGTGTCTTCATT_JIA_DC_1,C1,C1,pca_logreg_same_split
TAGCCGGTCATCTGCC_JIA_Total_20,C3,C3,pca_logreg_same_split
GACCAATAGTATCTCG_JIA_CD7_3,CD56bright NK,CD56bright NK,pca_logreg_same_split
GTTCATTAGCTCCTTC_JIA_CD7_4,CD56dim NK,CD56dim NK,pca_logreg_same_split
TAGCCGGCAGGGAGAG_JIA_CD7_3,C2,C2,pca_logreg_same_split
CACCACTCAGGGTACA_JIA_CD7_4,C1,C1,pca_logreg_same_split
GAATAAGTCCTCGCAT_JIA_CD7_5,CD56dim NK,CD56dim NK,pca_logreg_same_split
CTCATTATCGTCCAGG_JIA_CD7_5,C1,C1,pca_logreg_same_split
GGAGCAATCACTTACT_JIA_CD7_4,ILC2,ILC2,pca_logreg_same_split
AGGTCCGAGCCGCCTA_JIA_CD7_3,C2,C2,pca_logreg_same_split
ACAGCTATCATACGGT_JIA_CD7_5,C2,C2,pca_logreg_same_split
GATCGCGTCTTGTACT_JIA_CD7_5,Cycling NK,C2,pca_logreg_same_split
GAACATCCAAGCGTAG_JIA_CD7_3,C1,C1,pca_logreg_same_split
GAACATCGTTAAGGGC_JIA_CD7_5,Cycling NK,Cycling NK,pca_logreg_same_split
CTTGGCTAGATGTAAC_JIA_Total_25,CD56bright NK,CD56bright NK,pca_logreg_same_split
CAGATCATCAGGTTCA_JIA_CD7_4,C2,C2,pca_logreg_same_split
CTCACACTCGGCGCAT_JIA_CD7_5,C1,C1,pca_logreg_same_split
CATCGGGAGATAGCAT_JIA_DC_3,Cycling NK,Cycling NK,pca_logreg_same_split
ACGCCAGCATGCTAGT_JIA_CD7_5,ILC3,ILC3,pca_logreg_same_split
CACCACTCACTATCTT_JIA_CD7_4,C2,C2,pca_logreg_same_split
GAAATGAAGTTGAAAC_JIA_DC_1,C2,C1,pca_logreg_same_split
CCTTTCTCATGCAACT_JIA_CD7_5,ILC3,ILC3,pca_logreg_same_split
GCATGCGGTATATGGA_JIA_CD7_1,CD56dim NK,CD56dim NK,pca_logreg_same_split
GGGACCTCATCAGTAC_JIA_CD7_4,CD56bright NK,CD56bright NK,pca_logreg_same_split
AATCCAGTCTCGAGTA_JIA_CD7_5,C2,C2,pca_logreg_same_split
AACTCCCCATACGCCG_JIA_CD7_3,ILC2,ILC2,pca_logreg_same_split
CCATCACGTACGTTCA_JIA_DC_1,C1,C1,pca_logreg_same_split
CCGTACTCACGAAGCA_JIA_CD7_5,C1,C1,pca_logreg_same_split
TGTGTTTGTTGGGACA_JIA_CD7_3,CD56bright NK,CD56bright NK,pca_logreg_same_split
CTCGAGGAGTGCGTGA_JIA_CD7_5,C2,C2,pca_logreg_same_split
ACGCAGCTCGAATGGG_JIA_Total_25,CD56dim NK,CD56dim NK,pca_logreg_same_split
CAACTAGCAACACCCG_JIA_CD7_2,CD56bright NK,CD56bright NK,pca_logreg_same_split
TCTTCGGGTCTCACCT_JIA_CD7_5,C2,C2,pca_logreg_same_split
AGAGCGAAGCTAGTTC_JIA_Total_25,CD56bright NK,CD56bright NK,pca_logreg_same_split
GCTGCGAGTACTTCTT_JIA_CD7_4,C1,C1,pca_logreg_same_split
GAGGTGACACCAACCG_JIA_CD7_3,CD56dim NK,CD56dim NK,pca_logreg_same_split
ACATACGAGTGTTAGA_JIA_CD7_2,Cycling NK,CD56bright NK,pca_logreg_same_split
GTCGGGTGTAGAGCTG_JIA_CD7_2,C1,CD56bright NK,pca_logreg_same_split
GTATTCTAGCTAGTGG_JIA_CD7_1,CD56dim NK,CD56dim NK,pca_logreg_same_split
ATGCGATAGATCGGGT_JIA_CD7_3,C1,C1,pca_logreg_same_split
TGAGCATAGGTCATCT_JIA_Total_26,ILC2,ILC2,pca_logreg_same_split
ACGGAGAAGAACAATC_JIA_Total_20,C2,C2,pca_logreg_same_split
CATGGCGAGTAAGTAC_JIA_CD7_5,Cycling NK,Cycling NK,pca_logreg_same_split
GTTCGGGGTAGGAGTC_JIA_CD7_3,C3,C3,pca_logreg_same_split
TCAACGATCGGAAATA_JIA_CD7_2,ILC2,ILC2,pca_logreg_same_split
ATCCACCTCCAGATCA_JIA_CD7_4,C3,C3,pca_logreg_same_split
TTAACTCCAATCCAAC_JIA_CD7_5,CD56dim NK,CD56dim NK,pca_logreg_same_split
ACACTGATCCTAGTGA_JIA_Total_23,CD56bright NK,C1,pca_logreg_same_split
GAATAAGTCAACACAC_JIA_CD7_2,CD56dim NK,CD56dim NK,pca_logreg_same_split
GGAAAGCTCTTAGCCC_JIA_CD7_4,Cycling NK,Cycling NK,pca_logreg_same_split
TGTTCCGGTACAGTTC_JIA_CD7_2,CD56bright NK,CD56bright NK,pca_logreg_same_split
AGAATAGTCAGCACAT_JIA_CD7_5,CD56dim NK,CD56dim NK,pca_logreg_same_split
GGGCATCGTACATCCA_JIA_CD7_5,CD56dim NK,CD56dim NK,pca_logreg_same_split
GTACGTACACAGATTC_JIA_Total_14,C3,C3,pca_logreg_same_split
CGATTGAAGCACACAG_JIA_CD7_4,ILC2,ILC2,pca_logreg_same_split
GGGTCTGAGGCATTGG_JIA_CD7_5,Cycling NK,Cycling NK,pca_logreg_same_split
GGGCATCCAAGGACTG_JIA_CD7_4,CD56bright NK,CD56bright NK,pca_logreg_same_split
TTCCCAGAGCGGATCA_JIA_CD7_5,C1,C1,pca_logreg_same_split
GACTAACAGAAGCCCA_JIA_CD7_5,C2,C2,pca_logreg_same_split
TGACAACGTTATCGGT_JIA_CD7_2,CD56bright NK,CD56bright NK,pca_logreg_same_split
GTACGTATCATCATTC_JIA_Total_5,Cycling NK,Cycling NK,pca_logreg_same_split
AAGGTTCAGTGACATA_JIA_CD7_2,C3,C3,pca_logreg_same_split
GGGAGATGTGCTAGCC_JIA_CD7_4,CD56bright NK,CD56bright NK,pca_logreg_same_split
TTATGCTTCGTTGACA_JIA_CD7_5,C2,C2,pca_logreg_same_split
GTAGGCCGTCTCTTTA_JIA_CD7_5,CD56dim NK,CD56dim NK,pca_logreg_same_split
GTGCAGCAGCGGATCA_JIA_CD7_5,C2,C2,pca_logreg_same_split
ATTCTACAGTAGCGGT_JIA_CD7_4,C3,C3,pca_logreg_same_split
TCACGAACACAACGTT_JIA_CD7_4,CD56dim NK,CD56dim NK,pca_logreg_same_split
AGCCTAATCAGCAACT_JIA_CD7_3,Cycling NK,Cycling NK,pca_logreg_same_split
CAGCTGGTCTGTCTAT_JIA_CD7_5,C3,C3,pca_logreg_same_split
CTTTGCGCACATGTGT_JIA_CD7_5,CD56bright NK,CD56bright NK,pca_logreg_same_split
CTAGTGAGTAAGAGGA_JIA_CD7_5,CD56dim NK,CD56dim NK,pca_logreg_same_split
ACTGCTCCATTAGGCT_JIA_CD7_4,CD56dim NK,CD56dim NK,pca_logreg_same_split
TAAACCGTCTACTATC_JIA_CD7_5,CD56dim NK,CD56dim NK,pca_logreg_same_split
TTCGAAGAGAAACCTA_JIA_CD7_3,C2,C2,pca_logreg_same_split
TGGACGCGTTTCCACC_JIA_Total_16,CD56dim NK,CD56dim NK,pca_logreg_same_split
TTAGGCACACCTATCC_JIA_Total_20,C3,C3,pca_logreg_same_split
TTGGAACTCTTAGCCC_JIA_CD7_5,C2,C2,pca_logreg_same_split
CCAATCCCATCCGTGG_JIA_CD7_5,ILC3,Naïve-like ILC,pca_logreg_same_split
GGCAATTGTACAGCAG_JIA_CD7_3,CD56dim NK,CD56dim NK,pca_logreg_same_split
TGCCCTAAGTCCAGGA_JIA_CD7_5,CD56dim NK,CD56dim NK,pca_logreg_same_split
TTCTCAATCCTTCAAT_JIA_CD7_4,Cycling NK,Cycling NK,pca_logreg_same_split
CTCATTACAATAGCAA_JIA_Total_24,C3,C1,pca_logreg_same_split
CACAGTAAGTTGAGTA_JIA_CD7_1,C2,C2,pca_logreg_same_split
CAGCAGCAGTGTGAAT_JIA_CD7_1,CD56dim NK,CD56dim NK,pca_logreg_same_split
CGATGGCCATCTCGCT_JIA_CD7_5,ILC2,ILC2,pca_logreg_same_split
TGGACGCCACATCCGG_JIA_CD7_3,CD56bright NK,C1,pca_logreg_same_split
TTAGTTCTCCGCATAA_JIA_Total_5,CD56bright NK,CD56bright NK,pca_logreg_same_split
ACACCAACAAGCCTAT_JIA_CD7_3,C1,Naïve-like ILC,pca_logreg_same_split
CAAGGCCTCCAAACTG_JIA_CD7_3,C1,C1,pca_logreg_same_split
TGCTGCTCAGGACGTA_JIA_CD7_5,C1,C1,pca_logreg_same_split
CAAGAAATCACCACCT_JIA_CD7_5,Cycling NK,Cycling NK,pca_logreg_same_split
CCGTACTTCGAATGGG_JIA_CD7_5,Cycling NK,Cycling NK,pca_logreg_same_split
TCGCGAGGTGCGGTAA_JIA_CD7_4,CD56bright NK,CD56bright NK,pca_logreg_same_split
TGTGGTACAAGCCCAC_JIA_Total_13,ILC2,ILC2,pca_logreg_same_split
GTTTCTACACCGGAAA_JIA_CD7_5,CD56bright NK,CD56bright NK,pca_logreg_same_split
CACAGTAGTACTTAGC_JIA_CD7_3,C2,C2,pca_logreg_same_split
AACTCCCTCTACTATC_JIA_Total_5,C1,C1,pca_logreg_same_split
CTCGAGGAGACGCACA_JIA_Total_20,C2,C2,pca_logreg_same_split
AATCCAGTCTTGTATC_JIA_CD7_5,C3,C3,pca_logreg_same_split
CGCTTCATCATTGCCC_JIA_CD7_2,ILC2,ILC2,pca_logreg_same_split
CCTAAAGCAAATCCGT_JIA_CD7_5,Cycling NK,Cycling NK,pca_logreg_same_split
CAGCAGCCAAACTGCT_JIA_CD7_3,C2,C3,pca_logreg_same_split
TCACGAAGTAATTGGA_JIA_Total_24,C1,C3,pca_logreg_same_split
GTCAAGTTCGCCATAA_JIA_CD7_3,C1,C1,pca_logreg_same_split
CTCTAATGTAGCTCCG_JIA_Total_10,CD56dim NK,CD56dim NK,pca_logreg_same_split
TATGCCCAGCAGGTCA_JIA_CD7_5,C2,C2,pca_logreg_same_split
GCATGTACAGGATCGA_JIA_Total_24,C2,C1,pca_logreg_same_split
CATTATCTCCTCATTA_JIA_CD7_2,CD56bright NK,CD56bright NK,pca_logreg_same_split
GTCACGGCAAGTTCTG_JIA_CD7_3,Cycling NK,CD56dim NK,pca_logreg_same_split
GTGGGTCCATACCATG_JIA_CD7_2,ILC2,ILC2,pca_logreg_same_split
CTCGTCAGTGCAGACA_JIA_Total_10,CD56bright NK,CD56bright NK,pca_logreg_same_split
ACGCAGCTCTAACGGT_JIA_CD7_3,C1,C1,pca_logreg_same_split
CCACCTATCGCCAAAT_JIA_CD7_5,C1,C1,pca_logreg_same_split
ACCCACTCATGGAATA_JIA_CD7_5,Cycling NK,Cycling NK,pca_logreg_same_split
CTAGCCTCAGGCAGTA_JIA_Total_13,CD56dim NK,CD56dim NK,pca_logreg_same_split
ACCTTTAAGCTACCGC_JIA_CD7_4,CD56dim NK,CD56dim NK,pca_logreg_same_split
CTAGAGTCACTATCTT_JIA_CD7_5,C3,C3,pca_logreg_same_split
GTAGTCAAGTGGACGT_JIA_CD7_1,Cycling NK,Cycling NK,pca_logreg_same_split
TCAGGTATCCGTCATC_JIA_Total_26,C2,C2,pca_logreg_same_split
CGCGGTAAGAGTGAGA_JIA_CD7_5,CD56dim NK,CD56dim NK,pca_logreg_same_split
CAACTAGCAGTCCTTC_JIA_CD7_3,C1,C1,pca_logreg_same_split
CTACGTCTCCTGCCAT_JIA_Total_7,Naïve-like ILC,Naïve-like ILC,pca_logreg_same_split
CCTAAAGTCGTACGGC_JIA_CD7_4,CD56dim NK,CD56dim NK,pca_logreg_same_split
CTCGAAATCCTGTACC_JIA_CD7_4,Cycling NK,Cycling NK,pca_logreg_same_split
TAGGCATTCTGGTATG_JIA_CD7_5,C3,C3,pca_logreg_same_split
CGTCTACCACGAAGCA_JIA_CD7_5,Cycling NK,Cycling NK,pca_logreg_same_split
AAAGTAGAGGTACTCT_JIA_CD7_4,C2,C2,pca_logreg_same_split
GGGATGAAGAGCTGGT_JIA_CD7_4,C1,C1,pca_logreg_same_split
CGTTCTGAGTGAAGAG_JIA_CD7_3,C1,C1,pca_logreg_same_split
CATTCTAAGACCATTC_JIA_DC_1,C1,C1,pca_logreg_same_split
TCGGTAAGTAGGCTGA_JIA_CD7_4,Naïve-like ILC,Naïve-like ILC,pca_logreg_same_split
CGGAGCTGTAAATACG_JIA_CD7_4,C2,C2,pca_logreg_same_split
TTGACTTCAATAGCAA_JIA_Total_19,CD56dim NK,CD56dim NK,pca_logreg_same_split
TGATTTCTCAGGCCCA_JIA_Total_14,C1,C1,pca_logreg_same_split
CGCGGTACATGGGAAC_JIA_CD7_1,C1,C2,pca_logreg_same_split
CAGATCACAAGAGGCT_JIA_Total_24,C2,C2,pca_logreg_same_split
ATTACTCAGTACATGA_JIA_CD7_2,Cycling NK,Cycling NK,pca_logreg_same_split
TTTGGTTAGCGATATA_JIA_Total_1,CD56dim NK,CD56dim NK,pca_logreg_same_split
GGCAATTGTAGCGCTC_JIA_CD7_4,C1,C1,pca_logreg_same_split
CTAACTTCATACTCTT_JIA_Total_2,C2,C2,pca_logreg_same_split
GATCGCGCAAGCCTAT_JIA_CD7_1,C1,C1,pca_logreg_same_split
TTATGCTAGTCCAGGA_JIA_Total_14,C1,C1,pca_logreg_same_split
ACTTGTTTCCAATGGT_JIA_CD7_4,C1,Naïve-like ILC,pca_logreg_same_split
AGCGTATCAGACGTAG_JIA_CD7_4,CD56dim NK,CD56dim NK,pca_logreg_same_split
CCTCAGTAGCACAGGT_JIA_Total_1,CD56bright NK,CD56bright NK,pca_logreg_same_split
GATGAGGGTTATGTCG_JIA_DC_1,C1,C1,pca_logreg_same_split
CCTACACTCTTGAGGT_JIA_CD7_2,ILC2,ILC2,pca_logreg_same_split
AGAATAGGTAATAGCA_JIA_Total_17,Cycling NK,Cycling NK,pca_logreg_same_split
GAACATCAGACCACGA_JIA_CD7_5,C2,C2,pca_logreg_same_split
ATGCGATTCGTTGACA_JIA_CD7_3,C2,C2,pca_logreg_same_split
AAGGCAGGTAGCGTGA_JIA_CD7_2,CD56bright NK,CD56bright NK,pca_logreg_same_split
CGCTGGAAGCGATTCT_JIA_CD7_5,Cycling NK,Cycling NK,pca_logreg_same_split
GATCGCGAGATATGGT_JIA_CD7_3,CD56bright NK,CD56bright NK,pca_logreg_same_split
GTAGGCCTCTATCGCC_JIA_CD7_5,Naïve-like ILC,Naïve-like ILC,pca_logreg_same_split
GCGCCAATCGGCGCAT_JIA_Total_17,C3,C3,pca_logreg_same_split
GTCTCGTTCGATAGAA_JIA_CD7_3,ILC3,ILC3,pca_logreg_same_split
GACGCGTAGTGAATTG_JIA_CD7_5,C2,C2,pca_logreg_same_split
TGAGCATCATTATCTC_JIA_CD7_4,Naïve-like ILC,Naïve-like ILC,pca_logreg_same_split
CCGTTCATCTGCCCTA_JIA_CD7_1,C2,C2,pca_logreg_same_split
TGCTGCTCATGCCTTC_JIA_Total_20,CD56bright NK,C1,pca_logreg_same_split
GTCGTAAGTGCCTGTG_JIA_CD7_4,CD56dim NK,CD56dim NK,pca_logreg_same_split
CCTACCATCCTGCTTG_JIA_Total_2,Cycling NK,Cycling NK,pca_logreg_same_split
ACTTTCAGTTTAAGCC_JIA_CD7_3,CD56dim NK,CD56dim NK,pca_logreg_same_split
TAGGCATAGGAGCGAG_JIA_CD7_4,C1,C1,pca_logreg_same_split
GGGTTGCCAGTTTACG_JIA_CD7_3,C3,C3,pca_logreg_same_split
AGATCTGTCTTGCATT_JIA_Total_25,CD56bright NK,CD56bright NK,pca_logreg_same_split
CCACCTATCACCTCGT_JIA_Total_24,C1,C1,pca_logreg_same_split
CCTTCGAAGTCTCAAC_JIA_Total_13,CD56bright NK,CD56bright NK,pca_logreg_same_split
TACACGAAGAAACGAG_JIA_CD7_3,C2,C2,pca_logreg_same_split
TGGACGCTCGCGCCAA_JIA_CD7_4,C2,C2,pca_logreg_same_split
CGAGCACTCATCTGCC_JIA_CD7_3,CD56bright NK,CD56bright NK,pca_logreg_same_split
CCGTGGAGTCAACATC_JIA_CD7_3,C1,C1,pca_logreg_same_split
CGGACGTTCTCAAACG_JIA_CD7_4,C2,C2,pca_logreg_same_split
CAGCTAAGTAGTACCT_JIA_CD7_3,C2,C2,pca_logreg_same_split
TTTGTCATCACTATTC_JIA_Total_24,C1,Naïve-like ILC,pca_logreg_same_split
CAAGAAATCAGATAAG_JIA_Total_25,Cycling NK,Cycling NK,pca_logreg_same_split
AGCGTATCAGGAATGC_JIA_CD7_2,CD56bright NK,CD56bright NK,pca_logreg_same_split
AAATGCCAGTACTTGC_JIA_CD7_5,CD56bright NK,CD56bright NK,pca_logreg_same_split
ACACCAATCAACACTG_JIA_CD7_5,CD56bright NK,CD56bright NK,pca_logreg_same_split
TGTTCCGAGGACGAAA_JIA_Total_1,CD56dim NK,CD56dim NK,pca_logreg_same_split
ATGGGAGGTTCGTCTC_JIA_CD7_3,C3,C3,pca_logreg_same_split
ACATGGTGTTCAGTAC_JIA_Total_24,C1,C1,pca_logreg_same_split
GAACCTAAGATGCGAC_JIA_CD7_5,ILC2,ILC2,pca_logreg_same_split
GGGAATGCAACAACCT_JIA_Total_2,Cycling NK,Cycling NK,pca_logreg_same_split
CCTTCGAAGCTAGTTC_JIA_CD7_5,CD56dim NK,CD56dim NK,pca_logreg_same_split
GAACACTTCAAGCCAT_JIA_DC_1,CD56bright NK,CD56bright NK,pca_logreg_same_split
TGGGAAGCAGCTATTG_JIA_CD7_3,CD56dim NK,CD56dim NK,pca_logreg_same_split
GGGCACTCACGGTGTC_JIA_CD7_5,Cycling NK,Cycling NK,pca_logreg_same_split
GGACATTAGACCTTTG_JIA_CD7_3,C1,C1,pca_logreg_same_split
CAGCGACCATATACGC_JIA_CD7_4,CD56dim NK,CD56dim NK,pca_logreg_same_split
CGATGTAGTATCTGCA_JIA_CD7_1,Cycling NK,Cycling NK,pca_logreg_same_split
TTAACTCCAACTGCTA_JIA_Total_20,C1,C1,pca_logreg_same_split
CTGATCCGTGACTCAT_JIA_CD7_1,Cycling NK,Cycling NK,pca_logreg_same_split
CTGATCCAGACACTAA_JIA_CD7_3,C1,C1,pca_logreg_same_split
TGGCGCATCCACGACG_JIA_CD7_5,C2,C2,pca_logreg_same_split
TACTCGCTCGTCCAGG_JIA_CD7_5,Cycling NK,Cycling NK,pca_logreg_same_split
CGCTGGATCCCATTTA_JIA_CD7_2,CD56bright NK,CD56bright NK,pca_logreg_same_split
TTCTCCTCATGACATC_JIA_CD7_3,C1,C1,pca_logreg_same_split
TTGCCGTTCTTACCGC_JIA_Total_1,CD56dim NK,CD56dim NK,pca_logreg_same_split
GAGCAGATCCATGAAC_JIA_CD7_5,C2,C2,pca_logreg_same_split
GATCGCGGTCGAATCT_JIA_CD7_4,C2,C2,pca_logreg_same_split
CACAAACAGATTACCC_JIA_CD7_4,CD56bright NK,CD56bright NK,pca_logreg_same_split
CAGTAACGTCCAGTGC_JIA_Total_25,CD56dim NK,CD56dim NK,pca_logreg_same_split
TGAGAGGGTGGCAAAC_JIA_Total_24,Naïve-like ILC,Naïve-like ILC,pca_logreg_same_split
CATATGGTCATGGTCA_JIA_Total_23,C1,CD56bright NK,pca_logreg_same_split
TCATTACGTTTGGGCC_JIA_Total_17,C3,C3,pca_logreg_same_split
CGAGCCATCAATACCG_JIA_Total_17,C1,C1,pca_logreg_same_split
CTCGAGGGTTGTTTGG_JIA_CD7_5,C1,C1,pca_logreg_same_split
GTTCTCGCATTGTGCA_JIA_CD7_4,C3,C3,pca_logreg_same_split
GGACAGACAAGTCTGT_JIA_Total_14,C3,C1,pca_logreg_same_split
GGCTCGAAGGGAGTAA_JIA_CD7_5,Cycling NK,Cycling NK,pca_logreg_same_split
GTTCGGGCACGTTGGC_JIA_Total_19,ILC2,ILC2,pca_logreg_same_split
CGAATGTTCGCGATCG_JIA_CD7_5,C2,C2,pca_logreg_same_split
TTCAGGATCCGGCTTT_JIA_CD45_2,C2,C2,pca_logreg_same_split
AAGCATCCATGGCCAC_JIA_DC_1,Cycling NK,Cycling NK,pca_logreg_same_split
CGAGAAGGTGATGTGG_JIA_Total_1,CD56bright NK,CD56bright NK,pca_logreg_same_split
GCATGATGTAATCACC_JIA_CD7_1,C2,C2,pca_logreg_same_split
CACAAACAGCTAACTC_JIA_CD7_4,C2,C2,pca_logreg_same_split
GACAGAGTCACTGGGC_JIA_Total_8,C1,C1,pca_logreg_same_split
TCCCGATTCCCGGATG_JIA_Total_19,CD56dim NK,CD56dim NK,pca_logreg_same_split
GTCGTAACAGACAAGC_JIA_Total_19,CD56dim NK,CD56dim NK,pca_logreg_same_split
GATTCAGCATCACGTA_JIA_CD7_3,CD56dim NK,CD56dim NK,pca_logreg_same_split
TACACGACACCTGGTG_JIA_Total_26,C1,C1,pca_logreg_same_split
TACTCATTCACTCCTG_JIA_CD7_3,Cycling NK,Cycling NK,pca_logreg_same_split
TACGGTACAGCTGCTG_JIA_CD7_4,C3,C3,pca_logreg_same_split
TGTTCCGCAGTCGTGC_JIA_CD7_4,CD56bright NK,CD56bright NK,pca_logreg_same_split
AACTGGTCACATGGGA_JIA_CD7_5,C1,C1,pca_logreg_same_split
TCGCGTTCAGCCAGAA_JIA_CD7_4,C2,C2,pca_logreg_same_split
CTGAAACCACTGAAGG_JIA_CD7_1,C2,C2,pca_logreg_same_split
ACTGATGTCAATAAGG_JIA_Total_1,Cycling NK,Cycling NK,pca_logreg_same_split
CCTCTGAGTCCCTTGT_JIA_Total_17,C1,C1,pca_logreg_same_split
ACTGTCCAGAATGTTG_JIA_CD7_5,CD56bright NK,CD56bright NK,pca_logreg_same_split
CACATAGAGAAACGCC_JIA_CD7_5,CD56dim NK,CD56dim NK,pca_logreg_same_split
AGATCTGCATACGCTA_JIA_CD7_3,C3,C3,pca_logreg_same_split
GTCATTTAGGTGACCA_JIA_Total_26,Cycling NK,Cycling NK,pca_logreg_same_split
GATCGCGTCCGCTGTT_JIA_CD7_3,C1,CD56bright NK,pca_logreg_same_split
CGGAGCTCATTGTGCA_JIA_CD7_4,C1,C1,pca_logreg_same_split
CACCTTGAGTCAAGGC_JIA_CD7_4,C1,Naïve-like ILC,pca_logreg_same_split
CTCGTCAAGACACGAC_JIA_CD7_5,Cycling NK,Cycling NK,pca_logreg_same_split
AACTGGTCATTGGTAC_JIA_CD7_4,C2,C2,pca_logreg_same_split
AGGTCATTCAGCACAT_JIA_CD7_4,C1,C1,pca_logreg_same_split
ACGGGCTTCTGTCTCG_JIA_CD7_5,CD56bright NK,CD56bright NK,pca_logreg_same_split
CTCAGAAGTTCGCGAC_JIA_CD7_5,CD56bright NK,CD56bright NK,pca_logreg_same_split
GGATTACAGAAGGCCT_JIA_Total_17,CD56bright NK,C1,pca_logreg_same_split
AACACGTTCTGGCGAC_JIA_CD7_3,CD56dim NK,CD56dim NK,pca_logreg_same_split
AAGGCAGCACGAAAGC_JIA_CD7_5,Cycling NK,Cycling NK,pca_logreg_same_split
AGACGTTTCAGCGATT_JIA_Total_10,CD56dim NK,CD56dim NK,pca_logreg_same_split
GGGTTGCCAATCACAC_JIA_CD7_5,Cycling NK,Cycling NK,pca_logreg_same_split
CGGGTCACAACACCTA_JIA_Total_23,CD56bright NK,CD56bright NK,pca_logreg_same_split
TGAGCCGAGACTCGGA_JIA_CD7_3,CD56dim NK,CD56dim NK,pca_logreg_same_split
ACGCCAGCAGCTGTAT_JIA_CD7_3,Naïve-like ILC,Naïve-like ILC,pca_logreg_same_split
CAGCTAAGTGCACGAA_JIA_CD7_5,C1,C3,pca_logreg_same_split
CTGGTCTCAATTCCTT_JIA_CD7_3,ILC2,ILC2,pca_logreg_same_split
GCAAACTAGAGCTGGT_JIA_CD7_2,CD56dim NK,CD56dim NK,pca_logreg_same_split
CTAACTTGTACTTGAC_JIA_Total_1,CD56dim NK,CD56dim NK,pca_logreg_same_split
TCATTTGAGTGCTGCC_JIA_Total_1,Cycling NK,Cycling NK,pca_logreg_same_split
AGAGCGAGTCCGACGT_JIA_CD7_3,C1,C1,pca_logreg_same_split
AACCGCGCATAGACTC_JIA_Total_2,Naïve-like ILC,Naïve-like ILC,pca_logreg_same_split
GTACTTTGTAACGCGA_JIA_CD7_2,CD56bright NK,CD56bright NK,pca_logreg_same_split
GTCACAACACCCATTC_JIA_CD7_4,C2,C2,pca_logreg_same_split
CGTAGGCCATCCGCGA_JIA_CD7_3,C2,C2,pca_logreg_same_split
GGGATGACAACGATCT_JIA_Total_14,C1,C1,pca_logreg_same_split
CCACCTATCCAACCAA_JIA_Total_24,C2,C2,pca_logreg_same_split
ATTATCCAGTTTAGGA_JIA_CD7_2,CD56dim NK,CD56dim NK,pca_logreg_same_split
TTCGAAGTCAAACCGT_JIA_CD7_4,CD56bright NK,CD56bright NK,pca_logreg_same_split
TAAGCGTGTACTCTCC_JIA_CD7_5,CD56bright NK,CD56bright NK,pca_logreg_same_split
GGCGTGTGTGGTAACG_JIA_CD7_4,C1,C1,pca_logreg_same_split
GCTTCCAGTACTCGCG_JIA_CD7_3,C2,C2,pca_logreg_same_split
CATATGGTCTGAAAGA_JIA_CD7_5,CD56dim NK,CD56dim NK,pca_logreg_same_split
TGCGCAGAGTGGTAAT_JIA_CD7_4,C3,C3,pca_logreg_same_split
AAGACCTAGATCTGAA_JIA_CD7_5,C2,C2,pca_logreg_same_split
TGTTCCGAGGCGTACA_JIA_CD7_3,C1,Naïve-like ILC,pca_logreg_same_split
ATGTGTGTCTAACCGA_JIA_CD7_4,C1,C1,pca_logreg_same_split
CATGACAGTCAGAGGT_JIA_CD7_5,C2,C2,pca_logreg_same_split
GACGTTACAATGAATG_JIA_CD7_3,CD56dim NK,CD56dim NK,pca_logreg_same_split
CATCAGAAGTGGTAGC_JIA_CD7_1,Cycling NK,Cycling NK,pca_logreg_same_split
GATCAGTAGAGCAATT_JIA_CD7_5,CD56bright NK,CD56bright NK,pca_logreg_same_split
AGAATAGTCGCTAGCG_JIA_CD7_4,CD56bright NK,CD56bright NK,pca_logreg_same_split
CGAGAAGTCGAGCCCA_JIA_Total_23,ILC2,ILC2,pca_logreg_same_split
TCGCGTTTCATCGATG_JIA_CD7_4,CD56dim NK,C2,pca_logreg_same_split
GCTGGGTCAATACGCT_JIA_Total_19,Cycling NK,Cycling NK,pca_logreg_same_split
GATCGTAAGGGATACC_JIA_CD7_5,Cycling NK,Cycling NK,pca_logreg_same_split
GCAATCAGTCTCAACA_JIA_CD7_5,C2,Cycling NK,pca_logreg_same_split
AAACGGGCATAAGACA_JIA_CD7_5,CD56dim NK,CD56dim NK,pca_logreg_same_split
TATGCCCCATTCTCAT_JIA_CD7_4,C2,C2,pca_logreg_same_split
GTCAAGTGTTCCATGA_JIA_CD7_3,CD56dim NK,CD56dim NK,pca_logreg_same_split
AGAGCGACAATAGAGT_JIA_CD7_3,Cycling NK,Cycling NK,pca_logreg_same_split
AGAGCGATCACCACCT_JIA_Total_20,ILC3,ILC3,pca_logreg_same_split
TACGGGCTCAAGGCTT_JIA_CD7_2,CD56bright NK,CD56bright NK,pca_logreg_same_split
TGGTTCCCAAATTGCC_JIA_Total_26,C1,CD56bright NK,pca_logreg_same_split
CAAGATCTCTGTTGAG_JIA_CD7_5,CD56bright NK,CD56bright NK,pca_logreg_same_split
GTATCTTCAAGCGTAG_JIA_CD7_3,CD56bright NK,CD56bright NK,pca_logreg_same_split
GAGTCCGTCACATAGC_JIA_Total_20,ILC3,ILC3,pca_logreg_same_split
TTGACTTGTTAGAACA_JIA_CD7_1,CD56dim NK,CD56dim NK,pca_logreg_same_split
CGTCTACAGAGTGACC_JIA_CD7_2,C1,CD56bright NK,pca_logreg_same_split
TTGAACGGTAGCTTGT_JIA_Total_26,Cycling NK,Cycling NK,pca_logreg_same_split
CGGACACGTTTCCACC_JIA_CD7_5,Cycling NK,Cycling NK,pca_logreg_same_split
TGAGCATAGTACGCCC_JIA_Total_16,CD56dim NK,CD56dim NK,pca_logreg_same_split
CTCGTACTCGCAAGCC_JIA_CD7_3,C1,C1,pca_logreg_same_split
TACCTATTCTGAGGGA_JIA_CD7_1,CD56dim NK,CD56dim NK,pca_logreg_same_split
TAAGCGTGTTATGCGT_JIA_CD7_4,Naïve-like ILC,Naïve-like ILC,pca_logreg_same_split
TTAGGACTCAACACGT_JIA_CD7_5,Cycling NK,Cycling NK,pca_logreg_same_split
AAAGATGCACCAGGTC_JIA_CD7_5,C3,C3,pca_logreg_same_split
CTCGAGGTCTTTACAC_JIA_CD7_3,C1,C1,pca_logreg_same_split
CACATTTGTAAAGTCA_JIA_CD7_3,C1,C1,pca_logreg_same_split
GGCCGATAGCATGGCA_JIA_CD7_1,C3,C3,pca_logreg_same_split
TAAGCGTCATTCTTAC_JIA_CD7_5,Naïve-like ILC,Naïve-like ILC,pca_logreg_same_split
GCAATCAAGCTAAGAT_JIA_CD7_1,CD56dim NK,CD56dim NK,pca_logreg_same_split
CGTCAGGGTATTAGCC_JIA_CD7_1,C2,C2,pca_logreg_same_split
CTCGGGAGTCACTGGC_JIA_CD7_1,CD56bright NK,Naïve-like ILC,pca_logreg_same_split
TTAGGACCATCAGTAC_JIA_CD7_5,C2,C2,pca_logreg_same_split
AGGTCATGTTTAGGAA_JIA_CD7_3,ILC2,ILC2,pca_logreg_same_split
GCACATAGTACTTCTT_JIA_CD7_1,C2,C2,pca_logreg_same_split
GCTCTGTGTCTAAACC_JIA_CD7_2,CD56bright NK,CD56bright NK,pca_logreg_same_split
TGTCCCAGTAGCGATG_JIA_Total_7,C1,CD56bright NK,pca_logreg_same_split
GATGCTACAGATGAGC_JIA_Total_24,C2,C2,pca_logreg_same_split
CTTCTCTTCTCACATT_JIA_Total_23,CD56bright NK,CD56bright NK,pca_logreg_same_split
TACAGTGCAATTGCTG_JIA_CD7_5,CD56dim NK,CD56dim NK,pca_logreg_same_split
TGGCTGGAGTGGGTTG_JIA_Total_17,Cycling NK,C2,pca_logreg_same_split
CGATGGCGTCACCCAG_JIA_CD7_4,C2,C2,pca_logreg_same_split
GTCAAGTCAGGATTGG_JIA_CD7_2,Cycling NK,Cycling NK,pca_logreg_same_split
CTTTGCGAGCTCCCAG_JIA_CD7_4,C2,C2,pca_logreg_same_split
CAGTCCTCATCGACGC_JIA_CD7_5,C2,C2,pca_logreg_same_split
CTCGAGGGTGAGGGAG_JIA_CD7_1,Cycling NK,Cycling NK,pca_logreg_same_split
ATCTGCCGTAATCGTC_JIA_CD7_4,C1,C1,pca_logreg_same_split
TGCCAAACAGATGGCA_JIA_CD7_5,C3,C3,pca_logreg_same_split
CCTAAAGGTCACCCAG_JIA_CD7_4,Cycling NK,Cycling NK,pca_logreg_same_split
GGCTCGATCGCCAGCA_JIA_Total_24,C1,C1,pca_logreg_same_split
TTCGAAGGTCCTCTTG_JIA_CD7_2,CD56dim NK,CD56dim NK,pca_logreg_same_split
ACGATACGTCTAGGTT_JIA_CD7_3,Cycling NK,Cycling NK,pca_logreg_same_split
TCTTCGGGTCCGAATT_JIA_Total_19,CD56bright NK,CD56bright NK,pca_logreg_same_split
CGAACATGTCCTAGCG_JIA_Total_26,C2,Cycling NK,pca_logreg_same_split
GAACGGAGTTCGCGAC_JIA_CD7_1,C2,C2,pca_logreg_same_split
TATCAGGGTGTCTTGA_JIA_DC_2,C1,C1,pca_logreg_same_split
TCACGAACAGGTGCCT_JIA_CD7_1,C2,C2,pca_logreg_same_split
CATCAGAAGTGTCTCA_JIA_CD7_4,C3,C3,pca_logreg_same_split
CGCTTCATCTCTTGAT_JIA_CD7_3,Cycling NK,Cycling NK,pca_logreg_same_split
CGTTCTGGTACAGACG_JIA_CD7_5,C2,C2,pca_logreg_same_split
TATCTCAGTGGTCCGT_JIA_Total_26,C1,C1,pca_logreg_same_split
CGGAGTCAGTTTGCGT_JIA_CD7_2,C1,C1,pca_logreg_same_split
ATTGGACTCGTCACGG_JIA_CD7_4,C1,C1,pca_logreg_same_split
CTGGTCTAGCTTATCG_JIA_CD7_5,ILC3,ILC3,pca_logreg_same_split
CTTCTCTTCATTTGGG_JIA_CD7_5,C3,C3,pca_logreg_same_split
TGGGAAGTCTTGCATT_JIA_CD7_2,ILC2,ILC2,pca_logreg_same_split
CACCTTGTCATGTCCC_JIA_CD7_1,Cycling NK,Cycling NK,pca_logreg_same_split
CATCAGATCTGGAGCC_JIA_CD7_4,C2,C2,pca_logreg_same_split
CGATGGCCAAGGACAC_JIA_Total_10,CD56dim NK,CD56dim NK,pca_logreg_same_split
CCTTACGCATGGTCTA_JIA_CD7_4,C1,C1,pca_logreg_same_split
GTGCTTCGTCGTTGTA_JIA_CD7_5,C2,C2,pca_logreg_same_split
GGCTCGATCCAGTATG_JIA_CD7_2,CD56dim NK,CD56dim NK,pca_logreg_same_split
AGTTGGTTCTTGCCGT_JIA_CD7_4,C3,C3,pca_logreg_same_split
TGCTGCTTCGCACTCT_JIA_CD7_4,C1,C1,pca_logreg_same_split
CGTGAGCTCTACCAGA_JIA_CD7_5,C2,C2,pca_logreg_same_split
TACTCATCAATCGAAA_JIA_Total_24,C2,C2,pca_logreg_same_split
GGCGACTGTGCTTCTC_JIA_CD7_4,Naïve-like ILC,Naïve-like ILC,pca_logreg_same_split
GCTCCTATCAGCTGGC_JIA_CD7_4,CD56dim NK,CD56dim NK,pca_logreg_same_split
GCCTCTAGTAAATGAC_JIA_CD7_3,C1,C1,pca_logreg_same_split
ACAGCCGGTTTCCACC_JIA_CD7_2,ILC2,ILC2,pca_logreg_same_split
CGGAGTCGTGGTGTAG_JIA_Total_19,CD56dim NK,CD56dim NK,pca_logreg_same_split
TTTATGCCATTCTCAT_JIA_CD7_4,Cycling NK,Cycling NK,pca_logreg_same_split
CGAGCACTCGGATGGA_JIA_CD7_5,C2,C2,pca_logreg_same_split
TACACGAAGGCGACAT_JIA_CD7_5,CD56dim NK,CD56dim NK,pca_logreg_same_split
ACAGCCGGTTAGGGTG_JIA_CD7_2,CD56dim NK,CD56dim NK,pca_logreg_same_split
ATGAGGGCACTACAGT_JIA_CD7_5,ILC3,ILC3,pca_logreg_same_split
CCCAATCGTGCCTGTG_JIA_Total_5,Naïve-like ILC,Naïve-like ILC,pca_logreg_same_split
CCGTACTGTATCAGTC_JIA_CD7_4,C2,C2,pca_logreg_same_split
CCTATTACACACTGCG_JIA_CD7_3,C1,C1,pca_logreg_same_split
CAGATCAGTATTCTCT_JIA_Total_26,C1,C1,pca_logreg_same_split
AGGTCATAGATGCGAC_JIA_CD7_4,C1,C2,pca_logreg_same_split
GTGCAGCCATTATCTC_JIA_CD7_5,C2,C2,pca_logreg_same_split
TCGCGAGCAGGCGATA_JIA_CD7_3,Cycling NK,C2,pca_logreg_same_split
CTTAGGAGTGTTGGGA_JIA_CD7_2,CD56bright NK,CD56bright NK,pca_logreg_same_split
CAAGTTGGTAAAGGAG_JIA_Total_20,C3,C3,pca_logreg_same_split
GCAGTTAAGGAGTTTA_JIA_CD7_4,Cycling NK,CD56dim NK,pca_logreg_same_split
TACTCATTCGTAGGAG_JIA_CD7_1,Cycling NK,Cycling NK,pca_logreg_same_split
ATAGACCCAAAGGTGC_JIA_CD7_3,ILC2,ILC2,pca_logreg_same_split
CCTCAGTTCTTGTACT_JIA_CD7_5,CD56dim NK,CD56dim NK,pca_logreg_same_split
ACAACCACAATATCCG_JIA_DC_1,C1,C1,pca_logreg_same_split
ATAGACCCACGACTCG_JIA_CD7_5,CD56bright NK,CD56bright NK,pca_logreg_same_split
CGAGCCACATTCCTGC_JIA_Total_25,CD56bright NK,CD56bright NK,pca_logreg_same_split
AAATGCCAGGTGCACA_JIA_Total_26,C1,C1,pca_logreg_same_split
CCTAGCTGTTGGACCC_JIA_CD7_3,CD56dim NK,CD56dim NK,pca_logreg_same_split
AGAGCTTTCAGCACAT_JIA_CD7_4,C1,C3,pca_logreg_same_split
CACACAAAGTGACTCT_JIA_CD7_5,C1,C1,pca_logreg_same_split
GATTCAGAGCGATCCC_JIA_CD7_5,ILC3,ILC3,pca_logreg_same_split
GCGCAGTCATCACGTA_JIA_CD7_5,CD56dim NK,CD56dim NK,pca_logreg_same_split
CCTTTCTCATGAAGTA_JIA_CD7_1,ILC2,Naïve-like ILC,pca_logreg_same_split
CTGCCTACAGCTCGCA_JIA_CD7_3,CD56dim NK,CD56dim NK,pca_logreg_same_split
GTGTTAGCATCCGGGT_JIA_CD7_4,Naïve-like ILC,Naïve-like ILC,pca_logreg_same_split
AGGGTGATCGTCCAGG_JIA_CD7_4,C1,C1,pca_logreg_same_split
CGTCCATCATTCCTCG_JIA_CD7_5,Cycling NK,Cycling NK,pca_logreg_same_split
GCAATCAGTCCGAGTC_JIA_Total_26,C1,C1,pca_logreg_same_split
CGAACATTCAGCGATT_JIA_CD7_5,Cycling NK,Cycling NK,pca_logreg_same_split
CGATGTACACACCGAC_JIA_CD7_5,CD56bright NK,CD56bright NK,pca_logreg_same_split
GGCGACTCATTTCACT_JIA_CD7_4,C2,C2,pca_logreg_same_split
ATCATGGCATGTTGAC_JIA_CD7_5,Cycling NK,Cycling NK,pca_logreg_same_split
GTTTCTATCGAATGGG_JIA_Total_24,C3,C3,pca_logreg_same_split
CATTCGCAGCCCAATT_JIA_CD7_4,ILC2,ILC2,pca_logreg_same_split
CCGGGATGTTTGTGTG_JIA_CD7_5,C2,C2,pca_logreg_same_split
GTACGTATCACGCGGT_JIA_CD7_2,CD56dim NK,CD56dim NK,pca_logreg_same_split
ACTGCTCAGACAGACC_JIA_Total_24,C1,C1,pca_logreg_same_split
CGCTTCACACCACGTG_JIA_Total_24,C1,C1,pca_logreg_same_split
GTATTCTTCGTGGACC_JIA_CD7_3,C3,C3,pca_logreg_same_split
ATCTACTCAAGGCTCC_JIA_CD7_5,C2,C2,pca_logreg_same_split
CGTAGGCCATTGGGCC_JIA_CD7_2,CD56dim NK,CD56dim NK,pca_logreg_same_split
TTCGAAGGTAGCTTGT_JIA_CD7_5,Cycling NK,Cycling NK,pca_logreg_same_split
CGACCTTTCGGAGGTA_JIA_CD7_5,Naïve-like ILC,Naïve-like ILC,pca_logreg_same_split
TACGGGCCACGGTGTC_JIA_Total_20,C2,C2,pca_logreg_same_split
TACAGTGGTGGCTCCA_JIA_CD7_5,C3,C3,pca_logreg_same_split
GGGATGAAGGTGGGTT_JIA_CD7_2,Cycling NK,Cycling NK,pca_logreg_same_split
CCTACCAAGAGGGCTT_JIA_CD7_5,C2,C2,pca_logreg_same_split
GTGTTAGTCTTTACAC_JIA_CD7_2,Cycling NK,Cycling NK,pca_logreg_same_split
CATGCCTAGTGAAGAG_JIA_Total_14,C1,C1,pca_logreg_same_split
GCTCCTAAGTTGTCGT_JIA_CD7_3,C2,C2,pca_logreg_same_split
GGATTACGTTCAGGCC_JIA_CD7_3,ILC2,ILC2,pca_logreg_same_split
GATAGAAAGCTCACTA_JIA_DC_1,C1,C1,pca_logreg_same_split
CTCATTAGTTACGTCA_JIA_CD7_5,CD56bright NK,CD56bright NK,pca_logreg_same_split
GGGAATGCAAGTCTAC_JIA_CD7_3,C2,C2,pca_logreg_same_split
CAGTAACGTCGGATCC_JIA_CD7_5,Cycling NK,Cycling NK,pca_logreg_same_split
GTACGTAAGTAGATGT_JIA_Total_17,C1,C1,pca_logreg_same_split
CTCGGAGGTGGTGTAG_JIA_CD7_5,CD56bright NK,CD56bright NK,pca_logreg_same_split
TGTTCCGAGAGTACAT_JIA_CD7_4,C1,C1,pca_logreg_same_split
ATCGAGTTCAAAGACA_JIA_CD7_4,C1,C1,pca_logreg_same_split
AAGGAGCCAGACGTAG_JIA_CD7_5,Cycling NK,C2,pca_logreg_same_split
TCGTAGAAGACCCACC_JIA_CD7_4,Cycling NK,Cycling NK,pca_logreg_same_split
ATCATCTCAGGGCATA_JIA_CD7_1,C1,C1,pca_logreg_same_split
TGTTCCGTCTAACCGA_JIA_CD7_5,C2,C2,pca_logreg_same_split
TTGAACGCATTCGACA_JIA_CD7_1,Cycling NK,Cycling NK,pca_logreg_same_split
GACTAACGTCCAGTGC_JIA_Total_23,CD56bright NK,CD56bright NK,pca_logreg_same_split
CGCTGGAGTACTTAGC_JIA_Total_13,CD56bright NK,CD56bright NK,pca_logreg_same_split
TCAACGAAGTTGAGTA_JIA_CD7_3,CD56dim NK,CD56dim NK,pca_logreg_same_split
CGACCTTCACATGGGA_JIA_CD7_1,CD56bright NK,CD56bright NK,pca_logreg_same_split
TGACGGCAGCCGTCGT_JIA_CD7_5,Cycling NK,C1,pca_logreg_same_split
GTTAAGCAGTTCGCAT_JIA_CD7_2,CD56dim NK,CD56dim NK,pca_logreg_same_split
TGTGGTAAGCGAAGGG_JIA_Total_10,CD56bright NK,CD56bright NK,pca_logreg_same_split
TAGTTGGGTTCGCGAC_JIA_CD7_3,CD56dim NK,CD56dim NK,pca_logreg_same_split
GTCGGGTCAGATGGCA_JIA_CD7_4,CD56dim NK,CD56dim NK,pca_logreg_same_split
TACTCGCAGGTGCTTT_JIA_Total_17,C1,C1,pca_logreg_same_split
ACACCAAGTATAGTAG_JIA_CD7_4,Naïve-like ILC,ILC3,pca_logreg_same_split
TCAGCTCAGATAGCAT_JIA_CD7_4,C2,C2,pca_logreg_same_split
TTAGGCAAGTTGCAGG_JIA_CD7_2,CD56dim NK,CD56dim NK,pca_logreg_same_split
CAGTAACGTAGGGTAC_JIA_CD7_3,CD56dim NK,CD56dim NK,pca_logreg_same_split
AGAGCTTAGCTGAAAT_JIA_Total_4,CD56bright NK,CD56bright NK,pca_logreg_same_split
GAAGCAGAGCTGATAA_JIA_CD7_4,C1,C1,pca_logreg_same_split
CCCATACAGGCGCTCT_JIA_CD7_2,C1,Cycling NK,pca_logreg_same_split
GACCAATTCGTCCAGG_JIA_Total_25,CD56bright NK,CD56bright NK,pca_logreg_same_split
GTGCGGTAGGTGCACA_JIA_Total_25,CD56bright NK,CD56bright NK,pca_logreg_same_split
TACGGGCAGCCAGTAG_JIA_CD7_4,Cycling NK,Cycling NK,pca_logreg_same_split
GAATAAGGTGCATCTA_JIA_Total_17,Cycling NK,Cycling NK,pca_logreg_same_split
AATCCAGCAAGTTCTG_JIA_Total_25,CD56dim NK,CD56dim NK,pca_logreg_same_split
ATAAGAGGTGCGAAAC_JIA_CD7_5,Cycling NK,Cycling NK,pca_logreg_same_split
GGCGACTAGCTCTCGG_JIA_CD7_5,C2,C2,pca_logreg_same_split
TACTCGCTCCATGAAC_JIA_CD7_5,CD56bright NK,C1,pca_logreg_same_split
CACACAACATTTGCTT_JIA_Total_23,Cycling NK,Cycling NK,pca_logreg_same_split
ACAGCCGCATGGTAGG_JIA_CD7_5,CD56bright NK,CD56bright NK,pca_logreg_same_split
CGGAGCTTCTAACGGT_JIA_CD7_4,C3,C2,pca_logreg_same_split
CGTTGGGAGAATGTGT_JIA_Total_20,C2,C2,pca_logreg_same_split
GAACCTACACGGACAA_JIA_CD7_3,C1,C1,pca_logreg_same_split
CGCGTTTGTCGTCTTC_JIA_CD7_5,CD56bright NK,CD56bright NK,pca_logreg_same_split
CAGATTGGTCACCGCA_JIA_DC_2,C1,C1,pca_logreg_same_split
GGGACCTAGTCACGCC_JIA_CD7_4,ILC3,ILC3,pca_logreg_same_split
CCACCTATCCATGAGT_JIA_CD7_5,C2,C2,pca_logreg_same_split
TCTATTGGTAGAGGAA_JIA_CD7_2,CD56bright NK,CD56bright NK,pca_logreg_same_split
GTAACGTTCGCAGGCT_JIA_CD7_5,CD56dim NK,CD56dim NK,pca_logreg_same_split
ACACTGACACGTAAGG_JIA_CD7_2,CD56bright NK,CD56bright NK,pca_logreg_same_split
TAAGCGTAGCGATCCC_JIA_CD7_5,C2,C2,pca_logreg_same_split
TCAGGATGTTGAACTC_JIA_CD7_4,C1,C1,pca_logreg_same_split
CCTCAGTGTTAAGGGC_JIA_CD7_1,C3,C3,pca_logreg_same_split
CTTAACTTCGCTGATA_JIA_CD7_5,C2,C2,pca_logreg_same_split
AACTTTCGTGCGATAG_JIA_CD7_2,C1,C1,pca_logreg_same_split
CACACTCAGGACACCA_JIA_CD7_5,Cycling NK,Cycling NK,pca_logreg_same_split
GGCCGATAGAGCTGCA_JIA_CD7_3,C1,C1,pca_logreg_same_split
ACGCAGCAGGGCTCTC_JIA_Total_11,C1,C1,pca_logreg_same_split
GATCGTACACTATCTT_JIA_CD7_4,Cycling NK,Cycling NK,pca_logreg_same_split
GGTGAAGTCGGTGTCG_JIA_CD7_1,C2,C2,pca_logreg_same_split
GAGTTGTTCACGGGCT_JIA_DC_2,Cycling NK,Cycling NK,pca_logreg_same_split
TAAGAGAAGACAGAGA_JIA_Total_20,C1,C1,pca_logreg_same_split
ACATGGTCACGAAATA_JIA_CD7_5,Naïve-like ILC,Naïve-like ILC,pca_logreg_same_split
GAGGTGAGTACTTAGC_JIA_CD7_1,C2,C1,pca_logreg_same_split
TCGCGTTAGGCCATAG_JIA_CD7_1,C3,C3,pca_logreg_same_split
TTTACTGTCTTACCGC_JIA_Total_14,C1,CD56bright NK,pca_logreg_same_split
CATTCGCGTCCCTTGT_JIA_CD7_5,CD56dim NK,CD56dim NK,pca_logreg_same_split
GGACAAGAGGCTAGAC_JIA_CD7_4,CD56dim NK,CD56dim NK,pca_logreg_same_split
GATTCAGAGGCTCTTA_JIA_CD7_3,Cycling NK,Cycling NK,pca_logreg_same_split
TCGTACCAGACGCAAC_JIA_Total_26,Naïve-like ILC,Naïve-like ILC,pca_logreg_same_split
TGAGCCGTCCACTCCA_JIA_CD7_5,Cycling NK,Cycling NK,pca_logreg_same_split
CCTATTACACATTAGC_JIA_CD7_2,CD56dim NK,CD56dim NK,pca_logreg_same_split
CTGTCGTCACTAGGCC_JIA_CD45_1,ILC2,ILC2,pca_logreg_same_split
TTTATGCCATTACGAC_JIA_CD7_5,C2,C2,pca_logreg_same_split
ACTTGTTAGACACGAC_JIA_CD7_5,C1,Cycling NK,pca_logreg_same_split
CGGAGTCAGAAGCCCA_JIA_Total_17,C1,C1,pca_logreg_same_split
CCTTACGGTAGGGTAC_JIA_CD7_4,C3,C3,pca_logreg_same_split
TCGACCTAGAAGTATC_JIA_DC_1,CD56bright NK,C1,pca_logreg_same_split
CTCGGGATCAGCCTAA_JIA_CD7_5,Cycling NK,Cycling NK,pca_logreg_same_split
CTAAGACAGAGGGCTT_JIA_CD7_1,Cycling NK,Cycling NK,pca_logreg_same_split
TATGCCCCAGCGAACA_JIA_CD7_2,C2,C2,pca_logreg_same_split
CCATGTCTCATTCACT_JIA_Total_7,Cycling NK,Cycling NK,pca_logreg_same_split
CCGTGGACAATCGAAA_JIA_CD7_5,Cycling NK,Cycling NK,pca_logreg_same_split
TTTATGCTCCTACAGA_JIA_CD7_4,CD56dim NK,CD56dim NK,pca_logreg_same_split
AGACGTTCACCCATGG_JIA_CD7_2,Cycling NK,Cycling NK,pca_logreg_same_split
CACACCTGTTGCGTTA_JIA_Total_11,C3,C3,pca_logreg_same_split
CACAGTATCTCCGGTT_JIA_CD7_1,C1,C3,pca_logreg_same_split
GTAACGTCACCTTGTC_JIA_Total_17,Cycling NK,Cycling NK,pca_logreg_same_split
GGCCGATTCATAGCAC_JIA_Total_20,C2,C2,pca_logreg_same_split
ACACCAATCTGCTGCT_JIA_CD7_2,CD56dim NK,CD56dim NK,pca_logreg_same_split
ATTACTCGTCTTGCGG_JIA_CD7_5,CD56dim NK,CD56dim NK,pca_logreg_same_split
CATCCACCAATAAGCA_JIA_CD7_4,C2,C2,pca_logreg_same_split
ACCTTTATCTCTTGAT_JIA_CD7_4,C3,C3,pca_logreg_same_split
ACGAGGATCCTTAATC_JIA_CD7_3,C1,C1,pca_logreg_same_split
AGGGTGATCGAATGGG_JIA_CD7_5,C3,C3,pca_logreg_same_split
AACTCAGCATGGGAAC_JIA_CD7_3,CD56dim NK,CD56dim NK,pca_logreg_same_split
TGACGGCCAGTATCTG_JIA_CD7_5,C1,C1,pca_logreg_same_split
AGTGAGGCACGAAATA_JIA_CD7_1,C2,C3,pca_logreg_same_split
CAGCAGCAGACTAGGC_JIA_Total_20,C2,C2,pca_logreg_same_split
CTCTACGTCGTTTGCC_JIA_CD7_1,C3,C3,pca_logreg_same_split
CGTGAGCGTGGTACAG_JIA_CD7_5,ILC3,ILC3,pca_logreg_same_split
TTCTTAGCACGTGAGA_JIA_CD7_5,ILC3,ILC3,pca_logreg_same_split
TTCCCAGGTCGGCTCA_JIA_Total_5,C1,C1,pca_logreg_same_split
GTACGTAAGAATGTTG_JIA_CD7_5,CD56dim NK,CD56dim NK,pca_logreg_same_split
CATATGGCAATTCCTT_JIA_CD7_3,Cycling NK,Cycling NK,pca_logreg_same_split
ATGTGTGAGTCGTTTG_JIA_CD7_3,C1,C1,pca_logreg_same_split
ATTGGTGGTCACACGC_JIA_Total_1,CD56dim NK,CD56dim NK,pca_logreg_same_split
CCATTCGAGTGTTAGA_JIA_CD7_4,CD56bright NK,CD56bright NK,pca_logreg_same_split
CTTAGGATCTGCGTAA_JIA_Total_19,CD56dim NK,CD56dim NK,pca_logreg_same_split
CCACCTATCGCCAAAT_JIA_CD7_2,C2,C2,pca_logreg_same_split
CGTCAGGGTACCTACA_JIA_CD7_3,C2,C2,pca_logreg_same_split
TCTCTAAAGCACAGGT_JIA_CD7_1,CD56dim NK,CD56dim NK,pca_logreg_same_split
GAGCAGATCACCATAG_JIA_Total_14,C2,C2,pca_logreg_same_split
CCCAGTTTCCTGTACC_JIA_CD7_3,C2,ILC3,pca_logreg_same_split
CCAATCCAGACTGGGT_JIA_CD7_2,ILC3,ILC3,pca_logreg_same_split
CGGAGCTGTATGGTTC_JIA_CD7_5,CD56dim NK,CD56dim NK,pca_logreg_same_split
TAGCCGGTCTGCGGCA_JIA_Total_25,CD56dim NK,CD56dim NK,pca_logreg_same_split
ATTTCTGAGACAGACC_JIA_Total_25,CD56bright NK,CD56bright NK,pca_logreg_same_split
AACCATGCAATGAAAC_JIA_Total_25,Cycling NK,Cycling NK,pca_logreg_same_split
GGGATGAGTTAAGACA_JIA_CD7_2,C1,C3,pca_logreg_same_split
TGGACGCAGGGTTCCC_JIA_CD7_3,Cycling NK,Cycling NK,pca_logreg_same_split
CTGCTGTGTGTTCGAT_JIA_CD7_5,CD56bright NK,CD56bright NK,pca_logreg_same_split
TGGTTCCCAAACTGTC_JIA_CD7_4,CD56bright NK,CD56bright NK,pca_logreg_same_split
AAGACCTAGGCATTGG_JIA_Total_17,C1,C1,pca_logreg_same_split
CGTCCATTCAACACAC_JIA_CD7_4,CD56bright NK,CD56bright NK,pca_logreg_same_split
CCTATTAGTGTTAAGA_JIA_CD7_5,Cycling NK,Cycling NK,pca_logreg_same_split
AGAGTGGAGGAGTACC_JIA_CD7_4,Naïve-like ILC,Naïve-like ILC,pca_logreg_same_split
CATATGGTCCAAGCCG_JIA_Total_1,CD56dim NK,CD56dim NK,pca_logreg_same_split
CAGCTGGAGTGTTTGC_JIA_Total_24,C3,C3,pca_logreg_same_split
GAACATCGTGGAAAGA_JIA_CD7_5,C2,C2,pca_logreg_same_split
GCGACCAGTCTGATTG_JIA_CD7_1,Naïve-like ILC,Naïve-like ILC,pca_logreg_same_split
CCAATCCTCCAACCAA_JIA_Total_13,CD56bright NK,CD56bright NK,pca_logreg_same_split
TTAGGACAGATCACGG_JIA_CD7_5,CD56dim NK,CD56dim NK,pca_logreg_same_split
CACAGTACAGACGCCT_JIA_CD7_3,C2,C2,pca_logreg_same_split
CTTCTCTAGTGTCCCG_JIA_CD7_2,Cycling NK,Cycling NK,pca_logreg_same_split
CATCGGGTCTTGAGGT_JIA_Total_10,CD56dim NK,CD56dim NK,pca_logreg_same_split
TCGAGGCGTCGCTTTC_JIA_Total_1,CD56bright NK,CD56bright NK,pca_logreg_same_split
TGCTACCCAACAACCT_JIA_CD7_1,C2,Cycling NK,pca_logreg_same_split
TCGGGACAGTGACTCT_JIA_CD7_5,CD56dim NK,CD56dim NK,pca_logreg_same_split
GGGTCTGCATAAGACA_JIA_CD7_5,C3,C3,pca_logreg_same_split
AGAGCTTGTCATGCAT_JIA_CD7_5,C1,C1,pca_logreg_same_split
TACGGATGTCGGCATC_JIA_CD7_5,CD56bright NK,CD56bright NK,pca_logreg_same_split
GATGCTATCCTTTACA_JIA_Total_25,Cycling NK,Cycling NK,pca_logreg_same_split
CTGCGGATCATGCAAC_JIA_Total_23,CD56bright NK,CD56bright NK,pca_logreg_same_split
AAATGCCGTCTAGCGC_JIA_CD7_2,CD56bright NK,CD56bright NK,pca_logreg_same_split
CGGAGCTAGCTAGTCT_JIA_CD7_3,C3,C3,pca_logreg_same_split
GTAACGTGTCCTAGCG_JIA_Total_1,CD56bright NK,CD56bright NK,pca_logreg_same_split
GCTGGGTAGCGAAGGG_JIA_CD7_3,C1,C1,pca_logreg_same_split
AAAGTAGGTTTGACTG_JIA_CD7_2,Cycling NK,Cycling NK,pca_logreg_same_split
GGAATAACAAGACGTG_JIA_Total_2,C3,C3,pca_logreg_same_split
ATCTACTCATCGTCGG_JIA_CD7_2,C1,CD56bright NK,pca_logreg_same_split
GAAGGGTCAGAGGTAC_JIA_DC_1,C1,C1,pca_logreg_same_split
GGACATTAGGACAGCT_JIA_CD7_5,C1,C1,pca_logreg_same_split
CACACAACATTCGACA_JIA_CD7_5,CD56bright NK,CD56bright NK,pca_logreg_same_split
GATCGTAAGCCCAACC_JIA_CD7_2,CD56dim NK,CD56dim NK,pca_logreg_same_split
TGACTAGCAATCTACG_JIA_Total_17,C1,Naïve-like ILC,pca_logreg_same_split
AGTGGGAAGGCTCAGA_JIA_CD7_3,C2,C2,pca_logreg_same_split
ACCTTTAGTTAGGGTG_JIA_CD7_2,CD56dim NK,CD56dim NK,pca_logreg_same_split
CGGAGTCCACCAGTTA_JIA_CD7_3,C3,C3,pca_logreg_same_split
CTGAAACGTTCCTCCA_JIA_CD7_5,CD56bright NK,CD56bright NK,pca_logreg_same_split
GTACTCCAGTACGTTC_JIA_CD7_4,C3,C3,pca_logreg_same_split
CTCATTACAGCTGTTA_JIA_CD7_2,ILC2,ILC2,pca_logreg_same_split
TGAGGGAAGATGTAAC_JIA_CD7_4,ILC3,ILC3,pca_logreg_same_split
GTTCATTCATTATCTC_JIA_CD7_4,ILC2,ILC2,pca_logreg_same_split
AGAGCTTCATTAACCG_JIA_Total_23,CD56bright NK,CD56bright NK,pca_logreg_same_split
GATCGCGAGACCCACC_JIA_Total_1,CD56dim NK,CD56dim NK,pca_logreg_same_split
CGATGGCTCTGCCCTA_JIA_CD7_5,CD56bright NK,CD56bright NK,pca_logreg_same_split
GTGTGCGGTCACCTAA_JIA_Total_24,Naïve-like ILC,C1,pca_logreg_same_split
GCAGTTATCATGTCCC_JIA_CD7_5,CD56dim NK,CD56dim NK,pca_logreg_same_split
GAAGCAGAGTCCAGGA_JIA_Total_17,C3,C3,pca_logreg_same_split
CACACAACACTTGGAT_JIA_CD7_4,C2,C2,pca_logreg_same_split
TTAACTCCAACTTGAC_JIA_CD7_5,CD56bright NK,CD56bright NK,pca_logreg_same_split
GTACTCCTCCTTTACA_JIA_CD7_4,C1,C1,pca_logreg_same_split
CACCACTTCTCGTATT_JIA_Total_25,CD56dim NK,CD56dim NK,pca_logreg_same_split
CATCCACCAAGTACCT_JIA_CD7_2,ILC2,ILC2,pca_logreg_same_split
CTTAGGACAGGAACGT_JIA_Total_20,C2,C2,pca_logreg_same_split
TGAGGGACACAACTGT_JIA_CD7_1,C1,Naïve-like ILC,pca_logreg_same_split
TGAGCCGCATAAAGGT_JIA_CD7_3,Cycling NK,C3,pca_logreg_same_split
TTGTAGGTCTTATCTG_JIA_CD7_2,CD56bright NK,CD56bright NK,pca_logreg_same_split
ACGCCAGCAGATTGCT_JIA_CD7_4,Cycling NK,Cycling NK,pca_logreg_same_split
TACACGATCTTCGAGA_JIA_CD7_2,CD56dim NK,CD56dim NK,pca_logreg_same_split
TCATTTGGTGGTAACG_JIA_CD7_5,ILC3,ILC3,pca_logreg_same_split
TACTTGTCAAGACACG_JIA_CD7_5,Cycling NK,Cycling NK,pca_logreg_same_split
CGTAGGCGTTTCGCTC_JIA_CD7_3,CD56bright NK,CD56bright NK,pca_logreg_same_split
CTGAAACGTTGGACCC_JIA_CD7_3,CD56dim NK,CD56dim NK,pca_logreg_same_split
CCACTACGTTAAGACA_JIA_CD7_3,Cycling NK,Cycling NK,pca_logreg_same_split
TGCGCAGTCGGGAGTA_JIA_CD7_2,CD56bright NK,CD56bright NK,pca_logreg_same_split
GACGCGTGTGCAACGA_JIA_Total_4,Cycling NK,Cycling NK,pca_logreg_same_split
GCGCCAATCCAGAGGA_JIA_CD7_4,C1,C1,pca_logreg_same_split
TTGCGTCGTACAGTGG_JIA_CD7_1,ILC2,ILC2,pca_logreg_same_split
TAAGAGAGTACAAGTA_JIA_CD7_4,ILC2,ILC2,pca_logreg_same_split
GTATTCTCAGTAAGCG_JIA_CD7_4,C2,C3,pca_logreg_same_split
CTCTAATAGTGTCTCA_JIA_Total_10,CD56dim NK,CD56dim NK,pca_logreg_same_split
CACAGTATCGGAAATA_JIA_Total_26,Cycling NK,Cycling NK,pca_logreg_same_split
CTGATAGAGAATTGTG_JIA_CD7_3,CD56bright NK,CD56bright NK,pca_logreg_same_split
TAAGAGAGTACACCGC_JIA_CD7_4,CD56dim NK,CD56dim NK,pca_logreg_same_split
CTGATAGGTTCGCGAC_JIA_Total_26,C1,Naïve-like ILC,pca_logreg_same_split
ACACCCTGTGAGCGAT_JIA_Total_24,ILC2,ILC2,pca_logreg_same_split
AGAGCGAGTCGTGGCT_JIA_CD7_3,CD56dim NK,CD56dim NK,pca_logreg_same_split
ATCGAGTGTCGGCTCA_JIA_CD7_2,CD56bright NK,CD56bright NK,pca_logreg_same_split
CGGTTAATCGTTGACA_JIA_CD7_1,CD56dim NK,CD56dim NK,pca_logreg_same_split
GTAACTGTCAACACGT_JIA_Total_20,Cycling NK,Cycling NK,pca_logreg_same_split
GTACTCCAGGATATAC_JIA_CD7_5,ILC3,ILC3,pca_logreg_same_split
CCTACCATCGAATCCA_JIA_CD7_1,Cycling NK,Cycling NK,pca_logreg_same_split
AAGGTTCGTCTCGTTC_JIA_CD7_5,C2,C2,pca_logreg_same_split
GTCGTAATCTTGTTTG_JIA_CD7_5,Cycling NK,Cycling NK,pca_logreg_same_split
GCATGTAGTTCGGCAC_JIA_CD7_3,CD56dim NK,CD56dim NK,pca_logreg_same_split
TCAGCAACAAGGTGTG_JIA_CD7_4,C1,C1,pca_logreg_same_split
CGCTTCAGTCCAGTAT_JIA_CD7_4,Naïve-like ILC,Naïve-like ILC,pca_logreg_same_split
GCACTCTAGATGCGAC_JIA_CD7_3,CD56bright NK,C1,pca_logreg_same_split
TTTGGTTTCGAACGGA_JIA_CD7_4,C3,C3,pca_logreg_same_split
GAACGGAGTATAGTAG_JIA_CD7_1,CD56dim NK,CD56dim NK,pca_logreg_same_split
CAGAGAGTCCCTCAGT_JIA_CD7_4,C2,C2,pca_logreg_same_split
CGGCTAGCATGCTAGT_JIA_Total_4,Cycling NK,Cycling NK,pca_logreg_same_split
CACAAACGTCACACGC_JIA_CD7_5,Cycling NK,Cycling NK,pca_logreg_same_split
CACAGGCGTAGTGAAT_JIA_CD7_5,C3,C3,pca_logreg_same_split
GTTCATTCATGGTAGG_JIA_Total_4,CD56dim NK,CD56dim NK,pca_logreg_same_split
CGGTTAAGTGTGACGA_JIA_Total_23,CD56dim NK,CD56dim NK,pca_logreg_same_split
GTCGGGTTCATTGCGA_JIA_Total_1,CD56bright NK,CD56bright NK,pca_logreg_same_split
GCTGCTTGTGCACTTA_JIA_Total_17,C3,C3,pca_logreg_same_split
CTTAACTGTGAAAGAG_JIA_CD7_2,Cycling NK,Cycling NK,pca_logreg_same_split
AAAGTAGAGTGAACGC_JIA_CD7_1,CD56dim NK,CD56dim NK,pca_logreg_same_split
TTCTCAATCATGTAGC_JIA_CD7_1,C1,C1,pca_logreg_same_split
TAGACCATCACAATGC_JIA_Total_2,C2,C2,pca_logreg_same_split
GAAATGAGTCCAACTA_JIA_CD7_4,C1,C1,pca_logreg_same_split
CTCGGGAAGTGTCTCA_JIA_CD7_5,Cycling NK,C1,pca_logreg_same_split
AGGGATGCAATCAGAA_JIA_CD7_3,ILC2,ILC2,pca_logreg_same_split
TACCTTAAGTGGTAAT_JIA_CD7_5,Naïve-like ILC,Naïve-like ILC,pca_logreg_same_split
GATTCAGTCACAGTAC_JIA_Total_24,Cycling NK,Cycling NK,pca_logreg_same_split
GTTACAGGTCGACTAT_JIA_CD7_2,C2,C3,pca_logreg_same_split
TCAGATGAGCTAGTGG_JIA_Total_17,Cycling NK,Cycling NK,pca_logreg_same_split
ATCCACCGTCTGATCA_JIA_Total_20,C2,C3,pca_logreg_same_split
ACCTTTAAGCTGCGAA_JIA_CD7_3,C1,C1,pca_logreg_same_split
ATAACGCAGGTCGGAT_JIA_Total_24,Cycling NK,Cycling NK,pca_logreg_same_split
TGCCCATAGCGTGTCC_JIA_CD7_5,Naïve-like ILC,C1,pca_logreg_same_split
ATAGACCAGTACGTTC_JIA_CD7_4,Naïve-like ILC,Naïve-like ILC,pca_logreg_same_split
CAGATCACAGTCGTGC_JIA_CD7_4,CD56bright NK,CD56bright NK,pca_logreg_same_split
TTTCCTCGTACTTCTT_JIA_Total_20,Cycling NK,Cycling NK,pca_logreg_same_split
CAGCATAGTACCATCA_JIA_CD7_5,C2,C2,pca_logreg_same_split
GGGATGACACATTAGC_JIA_Total_20,C2,C3,pca_logreg_same_split
ACCACAAGTATGCTAC_JIA_DC_1,Naïve-like ILC,Naïve-like ILC,pca_logreg_same_split
TTCATTGCACTGTTCC_JIA_CD45_2,Cycling NK,Cycling NK,pca_logreg_same_split
AGGGATGTCACGGTTA_JIA_Total_26,C1,C1,pca_logreg_same_split
AGTAGTCTCCAAAGTC_JIA_Total_11,Cycling NK,Cycling NK,pca_logreg_same_split
AACGTTGCATAAGACA_JIA_CD7_4,C2,C2,pca_logreg_same_split
CTTTGCGTCACGGTTA_JIA_Total_5,C3,C1,pca_logreg_same_split
ACACCCTTCAAGGCTT_JIA_CD7_5,C2,C2,pca_logreg_same_split
CAGCTAATCGGCGGTT_JIA_Total_23,CD56bright NK,CD56bright NK,pca_logreg_same_split
GTAGGCCCATCACGAT_JIA_CD7_4,C2,C2,pca_logreg_same_split
CATTATCGTCAGAGGT_JIA_Total_25,CD56bright NK,CD56bright NK,pca_logreg_same_split
CCTATTAGTGTGACCC_JIA_Total_19,CD56bright NK,CD56bright NK,pca_logreg_same_split
AACACGTTCGCTAGCG_JIA_CD7_5,Cycling NK,Cycling NK,pca_logreg_same_split
TCTTTCCCAGCTTCGG_JIA_CD7_5,CD56bright NK,CD56bright NK,pca_logreg_same_split
TCAACGAGTTCGTGAT_JIA_CD7_5,Naïve-like ILC,Naïve-like ILC,pca_logreg_same_split
CATCGAACAGATCTGT_JIA_CD7_4,CD56dim NK,CD56dim NK,pca_logreg_same_split
AAGGAGCGTGCATCTA_JIA_CD7_1,CD56dim NK,CD56dim NK,pca_logreg_same_split
AGCATACGTCACTGGC_JIA_CD7_4,Cycling NK,Cycling NK,pca_logreg_same_split
CCACTACTCACCAGGC_JIA_CD7_2,CD56bright NK,CD56bright NK,pca_logreg_same_split
TCAGGTACAGTCGTGC_JIA_Total_1,CD56dim NK,CD56dim NK,pca_logreg_same_split
GGGCATCTCCGCAGTG_JIA_Total_17,C3,C2,pca_logreg_same_split
GCACTCTTCTAACTTC_JIA_CD7_5,CD56dim NK,CD56dim NK,pca_logreg_same_split
CTTGGCTGTCCTAGCG_JIA_CD7_2,CD56dim NK,CD56dim NK,pca_logreg_same_split
AACCATGCAGCCTTTC_JIA_CD7_5,Cycling NK,Cycling NK,pca_logreg_same_split
CTAGTGAGTCTTCAAG_JIA_CD7_4,Cycling NK,Cycling NK,pca_logreg_same_split
CCACCTACACAAGCCC_JIA_CD7_5,C1,C2,pca_logreg_same_split
TGAGCCGCATGGTCTA_JIA_CD7_2,ILC2,ILC2,pca_logreg_same_split
TAGCCGGCACAGAGGT_JIA_Total_20,C3,C3,pca_logreg_same_split
CCGGTAGTCTCGAGTA_JIA_CD7_5,CD56dim NK,CD56dim NK,pca_logreg_same_split
AACACGTGTAAACGCG_JIA_CD7_5,C3,C3,pca_logreg_same_split
TTAACTCCACCGAAAG_JIA_CD7_4,Cycling NK,Cycling NK,pca_logreg_same_split
GGGCATCAGTATCTCG_JIA_CD7_1,CD56dim NK,CD56dim NK,pca_logreg_same_split
CCACTACAGCAGCGTA_JIA_CD7_5,Naïve-like ILC,ILC3,pca_logreg_same_split
CTCAGAATCGGCATCG_JIA_CD7_4,ILC2,ILC2,pca_logreg_same_split
CTACCCAGTTGCCTCT_JIA_CD7_3,C2,C2,pca_logreg_same_split
AGCGGTCAGTGCGTGA_JIA_CD7_1,Cycling NK,Cycling NK,pca_logreg_same_split
CGGGTCACATCAGTAC_JIA_CD7_2,CD56bright NK,CD56bright NK,pca_logreg_same_split
GTCACGGAGCGATATA_JIA_CD7_5,CD56dim NK,CD56dim NK,pca_logreg_same_split
CTGAAGTCAACGATGG_JIA_CD7_5,C2,C3,pca_logreg_same_split
TCATTTGGTCTGCGGT_JIA_CD7_3,CD56bright NK,CD56bright NK,pca_logreg_same_split
CGATGGCCACAACGTT_JIA_CD7_5,C3,C3,pca_logreg_same_split
TTCTCCTGTAAGTTCC_JIA_CD7_5,CD56dim NK,CD56dim NK,pca_logreg_same_split
GTGAAGGCAATCTACG_JIA_CD7_5,C1,C1,pca_logreg_same_split
AACACGTTCACGCATA_JIA_CD7_5,Naïve-like ILC,Naïve-like ILC,pca_logreg_same_split
GAACGGAGTGACGCCT_JIA_CD7_5,C2,C2,pca_logreg_same_split
AAGGCAGGTTGGGACA_JIA_CD7_5,Cycling NK,Cycling NK,pca_logreg_same_split
GATTCAGCACGAAGCA_JIA_Total_13,CD56bright NK,CD56bright NK,pca_logreg_same_split
TTTGCGCCAGCATGAG_JIA_Total_14,Cycling NK,Cycling NK,pca_logreg_same_split
CATCCACAGAATGTTG_JIA_CD7_4,C2,C2,pca_logreg_same_split
ATCTACTTCTTGGGTA_JIA_CD7_5,ILC2,ILC2,pca_logreg_same_split
TAGTGGTCAACCGCCA_JIA_Total_16,CD56dim NK,CD56dim NK,pca_logreg_same_split
GCGAGAAGTTGTCGCG_JIA_CD7_3,C3,C3,pca_logreg_same_split
CCTCTGAAGGAGTTGC_JIA_CD7_5,C2,C2,pca_logreg_same_split
ATTGGTGTCTGTGCAA_JIA_CD7_4,C3,C3,pca_logreg_same_split
TTGTAGGGTCCCTTGT_JIA_CD7_5,C1,C1,pca_logreg_same_split
ACTGAGTTCTTGCAAG_JIA_CD7_2,ILC2,ILC2,pca_logreg_same_split
GATGCTATCTGTACGA_JIA_CD7_3,C2,C1,pca_logreg_same_split
TTCTTAGGTAGGACAC_JIA_CD7_4,ILC3,ILC3,pca_logreg_same_split
TGTATTCCAAATACAG_JIA_CD7_5,C2,C2,pca_logreg_same_split
GAACATCTCCTCAACC_JIA_CD7_4,C2,C2,pca_logreg_same_split
AACTTTCAGCGATAGC_JIA_CD7_2,CD56bright NK,C1,pca_logreg_same_split
CTCTACGAGAGTTGGC_JIA_CD7_2,ILC2,ILC2,pca_logreg_same_split
ACCAGTAAGTCATGCT_JIA_CD7_2,ILC2,ILC2,pca_logreg_same_split
GCGCGATAGTTTCCTT_JIA_CD7_4,CD56dim NK,CD56dim NK,pca_logreg_same_split
CAGCATAAGAGGTACC_JIA_CD7_5,CD56dim NK,CD56dim NK,pca_logreg_same_split
ACCAGTATCAGGCCCA_JIA_CD7_4,CD56dim NK,CD56dim NK,pca_logreg_same_split
TCGCGAGGTACCGCTG_JIA_CD7_4,Naïve-like ILC,Naïve-like ILC,pca_logreg_same_split
CACACTCCAATCCGAT_JIA_CD7_2,CD56dim NK,CD56dim NK,pca_logreg_same_split
TACGGTATCCACGTTC_JIA_CD7_1,C3,C3,pca_logreg_same_split
GATTCAGTCTGCGTAA_JIA_CD7_2,CD56bright NK,C1,pca_logreg_same_split
CGGCTAGCACTAGTAC_JIA_Total_7,CD56bright NK,CD56bright NK,pca_logreg_same_split
CATTATCTCCATGAAC_JIA_CD7_4,C2,C2,pca_logreg_same_split
CGACTTCTCACATGCA_JIA_CD7_4,C1,C1,pca_logreg_same_split
TGACTAGCATGGATGG_JIA_Total_26,C1,C1,pca_logreg_same_split
TCGCGTTAGGCCATAG_JIA_CD7_4,ILC3,ILC3,pca_logreg_same_split
AAAGCAAAGTGTTGAA_JIA_CD7_5,CD56dim NK,CD56dim NK,pca_logreg_same_split
CTAGAGTCATTTGCCC_JIA_CD7_4,C3,C3,pca_logreg_same_split
CCTTACGGTGAGTATA_JIA_CD7_4,CD56bright NK,CD56bright NK,pca_logreg_same_split
GCACATACAGGAATGC_JIA_CD7_1,Cycling NK,Cycling NK,pca_logreg_same_split
TGTCCCACACAACGTT_JIA_Total_20,C2,C2,pca_logreg_same_split
CATGACAGTCCCGACA_JIA_CD7_1,Cycling NK,Cycling NK,pca_logreg_same_split
CATTATCGTGCTAGCC_JIA_CD7_3,C2,C2,pca_logreg_same_split
CCGGGATGTTACGTCA_JIA_Total_26,Naïve-like ILC,Naïve-like ILC,pca_logreg_same_split
CCTTTCTCATTCTCAT_JIA_CD7_4,C2,C2,pca_logreg_same_split
TCGATTTCAATGTCAC_JIA_DC_1,C1,C1,pca_logreg_same_split
AAAGCAACACGACGAA_JIA_CD7_4,C1,C1,pca_logreg_same_split
AGCGTCGGTCCTGCTT_JIA_CD7_1,Cycling NK,Cycling NK,pca_logreg_same_split
TTTCCTCAGGAGTAGA_JIA_CD7_5,Cycling NK,Cycling NK,pca_logreg_same_split
TGGTTCCGTCTGCGGT_JIA_CD7_3,C2,C2,pca_logreg_same_split
GCACTAAGTCCGTTTC_JIA_CD45_2,CD56dim NK,Cycling NK,pca_logreg_same_split
CCGGGATCAAGCGAGT_JIA_CD7_4,C1,C1,pca_logreg_same_split
ACATACGCAATCGGTT_JIA_CD7_4,C3,C3,pca_logreg_same_split
GTATCTTAGTCAAGCG_JIA_Total_4,CD56dim NK,CD56dim NK,pca_logreg_same_split
ACTTACTGTCTAAACC_JIA_CD7_5,ILC3,ILC3,pca_logreg_same_split
CCTTACGGTGTGGTTT_JIA_CD7_4,C1,C1,pca_logreg_same_split
ACTTTCATCTGGGCCA_JIA_CD7_5,Cycling NK,Cycling NK,pca_logreg_same_split
ACCTTTATCTACTTAC_JIA_CD7_2,CD56bright NK,CD56bright NK,pca_logreg_same_split
AACTTTCAGCTTATCG_JIA_CD7_1,CD56dim NK,CD56dim NK,pca_logreg_same_split
CTACGTCTCACAGTAC_JIA_CD7_1,CD56dim NK,CD56dim NK,pca_logreg_same_split
GGACAGAAGCGTGAAC_JIA_CD7_2,CD56bright NK,CD56bright NK,pca_logreg_same_split
GTACGTACAATCCGAT_JIA_CD7_3,CD56dim NK,CD56dim NK,pca_logreg_same_split
CTCGTACGTATAGTAG_JIA_CD7_5,Cycling NK,Cycling NK,pca_logreg_same_split
ACTGCTCGTTCAGACT_JIA_Total_25,CD56bright NK,CD56bright NK,pca_logreg_same_split
CGTTGGGTCAAGATCC_JIA_CD7_5,CD56bright NK,CD56bright NK,pca_logreg_same_split
CTCTAATGTAATCACC_JIA_Total_4,Cycling NK,Cycling NK,pca_logreg_same_split
CTAGTGAGTGCACCAC_JIA_CD7_2,C1,C1,pca_logreg_same_split
GTATCTTGTAATCGTC_JIA_CD7_4,Naïve-like ILC,Naïve-like ILC,pca_logreg_same_split
TCGGTAAGTCTAGTCA_JIA_CD7_2,C1,CD56bright NK,pca_logreg_same_split
ACGGCCAAGTAGTGCG_JIA_CD7_3,ILC2,ILC2,pca_logreg_same_split
CCTACACCAGGAATCG_JIA_CD7_3,CD56dim NK,CD56dim NK,pca_logreg_same_split
AGAATAGGTAAATGTG_JIA_Total_1,CD56dim NK,CD56dim NK,pca_logreg_same_split
ATCATCTTCTTGTCAT_JIA_CD7_5,C1,C1,pca_logreg_same_split
GAGCTGCAGCCTCGTG_JIA_DC_1,C1,C1,pca_logreg_same_split
TTAGGACAGACAAAGG_JIA_Total_10,CD56dim NK,CD56dim NK,pca_logreg_same_split
AGTAGTCTCAGTACGT_JIA_CD7_1,C1,C1,pca_logreg_same_split
TGGCCAGAGCATGGCA_JIA_CD7_3,Cycling NK,Cycling NK,pca_logreg_same_split
CCTCTGAGTACCGCTG_JIA_Total_14,C1,C1,pca_logreg_same_split
CGTCACTGTAGCGTAG_JIA_CD7_5,C2,C2,pca_logreg_same_split
GGCTCGAGTCTAGCGC_JIA_CD7_5,C1,Cycling NK,pca_logreg_same_split
CACACTCTCTTGTTTG_JIA_Total_10,CD56bright NK,CD56bright NK,pca_logreg_same_split
CTACATTTCAGTACGT_JIA_Total_23,CD56bright NK,CD56bright NK,pca_logreg_same_split
CTTTGCGGTTTGACAC_JIA_CD7_4,CD56dim NK,CD56dim NK,pca_logreg_same_split
GGACAAGTCGAATCCA_JIA_CD7_5,Cycling NK,Cycling NK,pca_logreg_same_split
ACGCCAGGTTAGATGA_JIA_CD7_5,Cycling NK,Cycling NK,pca_logreg_same_split
GTTACAGAGAGCTGCA_JIA_CD7_2,CD56dim NK,CD56dim NK,pca_logreg_same_split
CACCTTGGTGCGCTTG_JIA_Total_17,Cycling NK,Cycling NK,pca_logreg_same_split
TTTACTGCACATTTCT_JIA_CD7_5,C2,C2,pca_logreg_same_split
CGGACGTGTACCGGCT_JIA_Total_10,CD56dim NK,CD56dim NK,pca_logreg_same_split
TAGTTGGAGCTAAGAT_JIA_CD7_5,Cycling NK,Cycling NK,pca_logreg_same_split
AATCGGTTCGAATGGG_JIA_CD7_5,Cycling NK,Cycling NK,pca_logreg_same_split
ACCAGTATCACTCCTG_JIA_Total_24,C1,C1,pca_logreg_same_split
GCGCAACCATGCCTAA_JIA_CD7_5,Cycling NK,Cycling NK,pca_logreg_same_split
CTGGTCTTCTCTGAGA_JIA_CD7_3,Cycling NK,Cycling NK,pca_logreg_same_split
ATTCGTTCACTGTCCT_JIA_DC_1,C1,C2,pca_logreg_same_split
GCAGCCACACCTGGTG_JIA_CD7_5,Cycling NK,C2,pca_logreg_same_split
ACGCAGCAGTAAGTAC_JIA_CD7_5,Cycling NK,Cycling NK,pca_logreg_same_split
TACCTATGTTCACGGC_JIA_CD7_5,CD56dim NK,CD56dim NK,pca_logreg_same_split
GTGCTTCTCTAACTTC_JIA_CD7_4,C3,C3,pca_logreg_same_split
GCAGCCATCCGTACAA_JIA_CD7_4,CD56dim NK,CD56dim NK,pca_logreg_same_split
TTGAACGTCCCTCAGT_JIA_CD7_2,ILC2,ILC2,pca_logreg_same_split
GGACAAGTCTAACTCT_JIA_CD7_2,CD56dim NK,CD56dim NK,pca_logreg_same_split
GAACGGATCCCGACTT_JIA_CD7_1,C2,C2,pca_logreg_same_split
TGCGGGTGTACTTAGC_JIA_CD7_5,Cycling NK,Cycling NK,pca_logreg_same_split
CGACCTTAGACTTGAA_JIA_CD7_5,CD56bright NK,CD56bright NK,pca_logreg_same_split
TGGCGCAAGTGCAAGC_JIA_CD7_4,Cycling NK,Cycling NK,pca_logreg_same_split
GCATACAGTAGTGAAT_JIA_CD7_5,ILC3,ILC3,pca_logreg_same_split
ACCGTAATCTTACCTA_JIA_CD7_1,Cycling NK,Cycling NK,pca_logreg_same_split
TACAGTGAGAAGGACA_JIA_CD7_2,C1,CD56bright NK,pca_logreg_same_split
GTTCGGGCAGTGGGAT_JIA_CD7_4,Naïve-like ILC,Naïve-like ILC,pca_logreg_same_split
ACGGCCAGTCCATCCT_JIA_CD7_2,CD56bright NK,CD56bright NK,pca_logreg_same_split
CCCTCCTTCATGTCTT_JIA_CD7_5,C1,C1,pca_logreg_same_split
TGCGTGGAGTGGTAAT_JIA_CD7_2,ILC2,ILC2,pca_logreg_same_split
CGTAGGCCACATTAGC_JIA_Total_2,C1,C2,pca_logreg_same_split
AACACGTAGTGAACGC_JIA_CD7_3,Cycling NK,Cycling NK,pca_logreg_same_split
ATTCTACCAGTACACT_JIA_CD7_4,C2,C2,pca_logreg_same_split
AAAGCAAGTGGCTCCA_JIA_CD7_4,C1,C1,pca_logreg_same_split
CGGACTGGTCTCCCTA_JIA_CD7_4,C1,C1,pca_logreg_same_split
TTGAACGAGGGAAACA_JIA_Total_20,C1,C1,pca_logreg_same_split
ACACTGATCGGATGGA_JIA_CD7_5,C3,C3,pca_logreg_same_split
TCGGTAAGTCTTGATG_JIA_CD7_4,C1,C1,pca_logreg_same_split
GACGGCTCACCCATGG_JIA_CD7_1,C3,C3,pca_logreg_same_split
CAACCTCCAGCCAATT_JIA_Total_20,C1,ILC3,pca_logreg_same_split
TCATTACAGACTCGGA_JIA_CD7_4,C2,C2,pca_logreg_same_split
CTGCCTAGTTCCGGCA_JIA_CD7_4,C1,Naïve-like ILC,pca_logreg_same_split
ACGATGTGTCAAACTC_JIA_Total_5,C1,C1,pca_logreg_same_split
CGTTAGACATCGGAAG_JIA_Total_19,CD56bright NK,CD56bright NK,pca_logreg_same_split
TCGTACCCACAGTCGC_JIA_CD7_4,Naïve-like ILC,Naïve-like ILC,pca_logreg_same_split
CAAGAAACACCCAGTG_JIA_CD7_4,C2,C2,pca_logreg_same_split
CTGCTGTCACCGCTAG_JIA_CD7_5,C2,C2,pca_logreg_same_split
AAAGATGTCTAGCACA_JIA_CD7_4,C1,C1,pca_logreg_same_split
GCATACACAGCTTAAC_JIA_CD7_5,C1,C1,pca_logreg_same_split
TTGGCAATCGTCTGAA_JIA_CD7_5,Naïve-like ILC,Naïve-like ILC,pca_logreg_same_split
AAACGGGGTGCTAGCC_JIA_CD7_4,CD56dim NK,CD56dim NK,pca_logreg_same_split
TTTGCGCAGAGTCTGG_JIA_CD7_4,C2,C2,pca_logreg_same_split
TGGTTCCTCATGTGGT_JIA_CD7_5,C1,C1,pca_logreg_same_split
TGAAAGAAGCTAGCCC_JIA_CD7_5,C2,C2,pca_logreg_same_split
AAACGGGTCCGGCACA_JIA_CD7_4,C1,C1,pca_logreg_same_split
TCGCGAGTCGCATGGC_JIA_Total_23,Naïve-like ILC,Naïve-like ILC,pca_logreg_same_split
GGACATTGTCTAGCCG_JIA_CD7_4,C2,C2,pca_logreg_same_split
AGGCCGTAGTGAAGAG_JIA_CD7_1,C2,C2,pca_logreg_same_split
GGTGTCGTCTATGTGG_JIA_DC_1,C2,C1,pca_logreg_same_split
AACCGCGCAGTCACTA_JIA_Total_1,Cycling NK,Cycling NK,pca_logreg_same_split
CTCGTACTCCAATGGT_JIA_Total_20,ILC3,ILC3,pca_logreg_same_split
ACTTACTCACGGTTTA_JIA_CD7_5,CD56dim NK,CD56dim NK,pca_logreg_same_split
AATGCCACATCCGTTC_JIA_DC_1,C1,CD56bright NK,pca_logreg_same_split
CGGAGTCGTACACCGC_JIA_CD7_5,CD56bright NK,CD56bright NK,pca_logreg_same_split
CGGACGTCAAAGGTGC_JIA_CD7_4,C2,C2,pca_logreg_same_split
GAGTCCGAGGAGTTGC_JIA_CD7_3,C2,C2,pca_logreg_same_split
TCATTACTCGAACTGT_JIA_CD7_5,C1,C2,pca_logreg_same_split
TCGAGGCAGGGTCTCC_JIA_CD7_5,Cycling NK,Cycling NK,pca_logreg_same_split
CATATGGAGCTTTGGT_JIA_CD7_4,C1,C1,pca_logreg_same_split
ACCGTAACAACACCTA_JIA_CD7_5,Cycling NK,Cycling NK,pca_logreg_same_split
TTAGTTCTCACATACG_JIA_CD7_4,ILC3,ILC3,pca_logreg_same_split
ACGGGCTTCCTACAGA_JIA_Total_1,CD56dim NK,CD56dim NK,pca_logreg_same_split
TGTCCCACAGCGATCC_JIA_CD7_4,C1,C1,pca_logreg_same_split
CTGTTTAAGAGACGAA_JIA_Total_1,CD56bright NK,CD56bright NK,pca_logreg_same_split
ACATGGTTCAGATAAG_JIA_CD7_5,Cycling NK,Cycling NK,pca_logreg_same_split
CCTCTGAAGGTCGGAT_JIA_CD7_3,C3,C3,pca_logreg_same_split
GCACATACATCTATGG_JIA_Total_24,C3,C3,pca_logreg_same_split
CAGAATCCAAGAAGAG_JIA_Total_26,ILC3,ILC3,pca_logreg_same_split
TGGACGCCATTGGCGC_JIA_CD7_4,CD56bright NK,CD56bright NK,pca_logreg_same_split
TCAGATGTCTGGCGTG_JIA_CD7_5,CD56bright NK,CD56bright NK,pca_logreg_same_split
TGACGGCAGACTAGAT_JIA_CD7_5,CD56dim NK,CD56dim NK,pca_logreg_same_split
GACTAACTCGCCAGCA_JIA_CD7_4,ILC2,ILC2,pca_logreg_same_split
AGCGGTCAGTGTTTGC_JIA_Total_1,Naïve-like ILC,Naïve-like ILC,pca_logreg_same_split
TGAGCCGAGGGCATGT_JIA_CD7_4,C2,C2,pca_logreg_same_split
CCATGTCCACAGGTTT_JIA_Total_19,CD56dim NK,CD56dim NK,pca_logreg_same_split
CTAGAGTTCTGGCGTG_JIA_CD7_5,CD56dim NK,CD56dim NK,pca_logreg_same_split
CATCCACTCGTCCAGG_JIA_CD7_1,CD56dim NK,CD56dim NK,pca_logreg_same_split
ACGAGCCTCATCATTC_JIA_CD7_4,C2,C2,pca_logreg_same_split
GGATTACTCACGCGGT_JIA_CD7_2,Cycling NK,Cycling NK,pca_logreg_same_split
AAGTCTGAGGAGTTTA_JIA_CD7_1,ILC2,ILC2,pca_logreg_same_split
CCACTACCATTTCACT_JIA_CD7_4,Cycling NK,Cycling NK,pca_logreg_same_split
GACCAATCATGCAATC_JIA_CD7_3,Naïve-like ILC,Naïve-like ILC,pca_logreg_same_split
CAACCAATCGAGTGGA_JIA_DC_1,ILC3,C1,pca_logreg_same_split
CAAGGCCGTAGAGTGC_JIA_CD7_5,CD56bright NK,CD56bright NK,pca_logreg_same_split
CCTTCGACAGCTGGCT_JIA_CD7_5,CD56bright NK,CD56bright NK,pca_logreg_same_split
ATTATCCCACTAAGTC_JIA_CD7_3,C2,C2,pca_logreg_same_split
GAGGTGACATTTCACT_JIA_CD7_2,ILC2,ILC2,pca_logreg_same_split
ACGGAGAGTTGATTCG_JIA_CD7_5,CD56dim NK,CD56dim NK,pca_logreg_same_split
ACTATCTTCAGAAATG_JIA_CD7_4,C2,C2,pca_logreg_same_split
CGTGTCTTCTGCGACG_JIA_CD7_5,ILC3,ILC3,pca_logreg_same_split
CGGTTAATCCAGTAGT_JIA_Total_1,CD56dim NK,CD56dim NK,pca_logreg_same_split
CTGTGAAGTACGACTT_JIA_CD45_2,CD56dim NK,CD56dim NK,pca_logreg_same_split
TAGTGGTAGGGAACGG_JIA_CD7_3,Cycling NK,Cycling NK,pca_logreg_same_split
GAACCTATCTCCAACC_JIA_CD7_5,C3,C3,pca_logreg_same_split
CGTCTACTCAGATAAG_JIA_CD7_5,ILC3,ILC3,pca_logreg_same_split
CAACCTCAGCAGACTG_JIA_Total_26,Cycling NK,Cycling NK,pca_logreg_same_split
TGACAACAGAAACCGC_JIA_CD7_3,CD56dim NK,CD56dim NK,pca_logreg_same_split
TCGGGCACAAGCGATG_JIA_DC_1,C1,C1,pca_logreg_same_split
GCATACATCAGGTAAA_JIA_CD7_5,ILC3,ILC3,pca_logreg_same_split
CTGATCCTCGTCTGCT_JIA_CD7_5,CD56bright NK,CD56bright NK,pca_logreg_same_split
TGACTAGGTTGATTCG_JIA_CD7_5,CD56bright NK,CD56bright NK,pca_logreg_same_split
AGCTCCTGTGGTAACG_JIA_CD7_4,C2,C2,pca_logreg_same_split
TGAGCATGTTCGGCAC_JIA_CD7_5,C2,C2,pca_logreg_same_split
ACACCGGTCGACCAGC_JIA_CD7_4,C1,C1,pca_logreg_same_split
GTTAAGCAGATCCCGC_JIA_Total_25,CD56bright NK,CD56bright NK,pca_logreg_same_split
GCGACCACAGGGTTAG_JIA_CD7_5,C3,C3,pca_logreg_same_split
TAGGCATAGAGAGCTC_JIA_CD7_4,C1,C1,pca_logreg_same_split
CGTTGGGTCTCATTCA_JIA_Total_24,C1,C1,pca_logreg_same_split
TATCTCACATCTATGG_JIA_CD7_5,ILC3,ILC3,pca_logreg_same_split
ACATGGTAGCGCTCCA_JIA_CD7_3,CD56dim NK,CD56dim NK,pca_logreg_same_split
CGAACATGTGTGTGCC_JIA_CD7_5,C2,C2,pca_logreg_same_split
CGGAGCTGTGTTGAGG_JIA_CD7_2,C1,CD56bright NK,pca_logreg_same_split
GTTACAGTCGGCGCTA_JIA_Total_2,Cycling NK,Cycling NK,pca_logreg_same_split
TAGACCATCTGATACG_JIA_Total_10,CD56dim NK,CD56dim NK,pca_logreg_same_split
CTCTAATGTATAGGTA_JIA_CD7_4,CD56dim NK,CD56dim NK,pca_logreg_same_split
CGTAGCGGTGAAAGAG_JIA_Total_24,C1,C1,pca_logreg_same_split
GTTGTGAGTGGACTAG_JIA_CD45_1,CD56bright NK,CD56bright NK,pca_logreg_same_split
GGCAATTAGAGAACAG_JIA_CD7_4,C1,C1,pca_logreg_same_split
ACTGCTCAGCGAGAAA_JIA_CD7_5,C1,C1,pca_logreg_same_split
AGTCTTTCATATGGTC_JIA_CD7_5,C2,C2,pca_logreg_same_split
CGATCGGCACCTCGGA_JIA_CD7_4,C1,C2,pca_logreg_same_split
GGCTCGACAAGGCTCC_JIA_CD7_2,C1,CD56bright NK,pca_logreg_same_split
TGAGGGAAGAGCTATA_JIA_CD7_1,C2,C2,pca_logreg_same_split
GGGTCTGGTATAGTAG_JIA_Total_24,C1,C1,pca_logreg_same_split
ACGAGCCTCACCTTAT_JIA_CD7_5,Cycling NK,Cycling NK,pca_logreg_same_split
CTACGTCCAGGAATCG_JIA_CD7_2,CD56bright NK,CD56bright NK,pca_logreg_same_split
TCAGATGGTGTGGTTT_JIA_Total_2,Cycling NK,Cycling NK,pca_logreg_same_split
GCGGGTTGTTTGTTGG_JIA_CD7_5,C2,C2,pca_logreg_same_split
CGCTGGAGTCCGAGTC_JIA_CD7_5,C2,C2,pca_logreg_same_split
GTCGGGTTCTGTTGAG_JIA_CD7_5,CD56dim NK,CD56dim NK,pca_logreg_same_split
CGATGCGGTGACTAAA_JIA_DC_1,C1,C1,pca_logreg_same_split
TCATTTGCATCTACGA_JIA_CD7_2,C1,C1,pca_logreg_same_split
ACTTACTCATGGTCTA_JIA_CD7_4,CD56bright NK,CD56bright NK,pca_logreg_same_split
CACATTTTCTGAGTGT_JIA_CD7_5,C3,C3,pca_logreg_same_split
GCTGGGTAGATCGGGT_JIA_CD7_1,C2,C2,pca_logreg_same_split
GACCAATAGCTTCGCG_JIA_CD7_1,Cycling NK,Cycling NK,pca_logreg_same_split
AGGTCCGAGGGTATCG_JIA_CD7_5,C3,C3,pca_logreg_same_split
GGGTTGCGTGGTGTAG_JIA_CD7_4,CD56bright NK,CD56bright NK,pca_logreg_same_split
CTGATCCCACTTACGA_JIA_Total_4,CD56dim NK,CD56dim NK,pca_logreg_same_split
GGCCGATGTAAATACG_JIA_CD7_5,C1,C1,pca_logreg_same_split
CGATCGGTCACTTACT_JIA_CD7_2,CD56dim NK,CD56dim NK,pca_logreg_same_split
CATATTCCATGGATGG_JIA_CD7_4,C2,C2,pca_logreg_same_split
ACTGATGAGAGACGAA_JIA_Total_25,CD56bright NK,CD56bright NK,pca_logreg_same_split
AGGGATGTCACATAGC_JIA_CD7_5,C2,C2,pca_logreg_same_split
AAATGCCGTTACGTCA_JIA_CD7_4,C2,C2,pca_logreg_same_split
ACGCAGCGTCATACTG_JIA_Total_25,CD56dim NK,CD56dim NK,pca_logreg_same_split
GCGGGTTCAGTATAAG_JIA_CD7_1,Cycling NK,Cycling NK,pca_logreg_same_split
ACGCCGAAGACGCACA_JIA_CD7_1,C3,C3,pca_logreg_same_split
CTCGGGAGTAAAGTCA_JIA_CD7_3,Cycling NK,Cycling NK,pca_logreg_same_split
TAGACCACATTACCTT_JIA_CD7_1,C2,C2,pca_logreg_same_split
GACGGCTGTTGGTAAA_JIA_CD7_4,C1,C1,pca_logreg_same_split
GACTACAGTTTAAGCC_JIA_CD7_2,CD56dim NK,CD56dim NK,pca_logreg_same_split
CTAATGGAGCTCCTCT_JIA_CD7_1,CD56dim NK,CD56dim NK,pca_logreg_same_split
GGCCGATCAATCAGAA_JIA_CD7_2,CD56dim NK,CD56dim NK,pca_logreg_same_split
AGAGCGAGTTAAAGAC_JIA_CD7_3,CD56dim NK,CD56dim NK,pca_logreg_same_split
CACCACTCATTGCGGC_JIA_CD7_2,ILC2,ILC2,pca_logreg_same_split
TGAAAGATCCCTGACT_JIA_CD7_1,C2,C2,pca_logreg_same_split
CCGTACTCAACACCCG_JIA_CD7_3,Cycling NK,Cycling NK,pca_logreg_same_split
TGCGTGGCAATGACCT_JIA_CD7_5,CD56dim NK,CD56dim NK,pca_logreg_same_split
GCATGATGTAGGCATG_JIA_CD7_3,C2,C2,pca_logreg_same_split
GAGCAGAAGAGCTTCT_JIA_Total_5,C2,C2,pca_logreg_same_split
CAACCTCAGGGTATCG_JIA_CD7_5,C3,C3,pca_logreg_same_split
CTAACTTCAAGGACAC_JIA_Total_20,C3,C3,pca_logreg_same_split
TTCGAAGGTATCGCAT_JIA_CD7_5,C3,C3,pca_logreg_same_split
TCGGTAAAGCTCTCGG_JIA_CD7_4,C2,C2,pca_logreg_same_split
GCTGCGATCCACGCAG_JIA_CD7_1,C2,C2,pca_logreg_same_split
CTCATTACACAGACTT_JIA_CD7_3,Cycling NK,Cycling NK,pca_logreg_same_split
ACCGTAAAGGGCACTA_JIA_Total_17,C1,C1,pca_logreg_same_split
CATATTCTCTGCGTAA_JIA_CD7_3,CD56dim NK,CD56dim NK,pca_logreg_same_split
GGATTACAGGAATGGA_JIA_CD7_5,CD56bright NK,CD56bright NK,pca_logreg_same_split
CACCACTGTTCCTCCA_JIA_CD7_4,C1,C1,pca_logreg_same_split
TCGAGGCAGGGAGTAA_JIA_CD7_4,C3,C3,pca_logreg_same_split
TTATGCTCAAGCTGTT_JIA_CD7_4,ILC2,ILC2,pca_logreg_same_split
CTAAGACGTCAATGTC_JIA_CD7_4,C1,C1,pca_logreg_same_split
CATATTCGTACAGACG_JIA_CD7_5,CD56dim NK,CD56dim NK,pca_logreg_same_split
TAAACCGAGTCCGGTC_JIA_CD7_4,C2,C2,pca_logreg_same_split
CTGAAACTCCAAGCCG_JIA_Total_4,CD56bright NK,CD56bright NK,pca_logreg_same_split
TAAGAGATCTGCTGCT_JIA_CD7_4,Cycling NK,Cycling NK,pca_logreg_same_split
CAGCATACAGGGTATG_JIA_CD7_4,CD56bright NK,CD56bright NK,pca_logreg_same_split
GATGAAACAGCATACT_JIA_Total_26,Cycling NK,Cycling NK,pca_logreg_same_split
ACGTCAAAGGCTCTTA_JIA_Total_13,Cycling NK,Cycling NK,pca_logreg_same_split
AGCGGTCCAGACGCTC_JIA_CD7_4,C1,C1,pca_logreg_same_split
GTACTTTTCCAGTATG_JIA_CD7_5,Cycling NK,Cycling NK,pca_logreg_same_split
TTGAACGAGGAATCGC_JIA_CD7_2,C1,C1,pca_logreg_same_split
CTGCTGTGTAGCGCTC_JIA_CD7_5,CD56dim NK,CD56dim NK,pca_logreg_same_split
GATGAGGGTATAGTAG_JIA_CD7_2,C1,CD56bright NK,pca_logreg_same_split
CTAAGACTCGCTAGCG_JIA_CD7_3,CD56dim NK,CD56dim NK,pca_logreg_same_split
TACTTACGTTGTCGCG_JIA_CD7_4,Naïve-like ILC,Naïve-like ILC,pca_logreg_same_split
AACCATGTCCAGAGGA_JIA_CD7_5,Cycling NK,Cycling NK,pca_logreg_same_split
CCATGTCAGGCCCGTT_JIA_CD7_1,C3,C3,pca_logreg_same_split
CGACTTCAGTGAACGC_JIA_Total_1,CD56dim NK,CD56dim NK,pca_logreg_same_split
TGATTTCTCGAATGGG_JIA_CD7_5,CD56dim NK,CD56dim NK,pca_logreg_same_split
CTACGTCAGCGTTGCC_JIA_Total_23,CD56dim NK,CD56dim NK,pca_logreg_same_split
GCATGCGCAAACGTGG_JIA_CD7_5,CD56dim NK,CD56dim NK,pca_logreg_same_split
AGGTCCGCATAGAAAC_JIA_Total_2,C1,C1,pca_logreg_same_split
GCAATCACACGGTTTA_JIA_CD7_2,ILC2,ILC2,pca_logreg_same_split
TCCCGATGTCGAGTTT_JIA_CD7_4,Cycling NK,C1,pca_logreg_same_split
GTCCTCATCGCGCCAA_JIA_Total_8,ILC2,ILC2,pca_logreg_same_split
CTCCGATAGGCGTTGA_JIA_CD45_2,Cycling NK,Cycling NK,pca_logreg_same_split
TAGTGGTGTGACCAAG_JIA_CD7_4,C1,C1,pca_logreg_same_split
TGTGTTTGTCTCGTTC_JIA_Total_24,C3,Naïve-like ILC,pca_logreg_same_split
ACCTTTACAGGCGATA_JIA_CD7_5,C2,C2,pca_logreg_same_split
GCGACCACAAACGTGG_JIA_CD7_2,CD56dim NK,CD56dim NK,pca_logreg_same_split
TGGGCGTTCTTTACAC_JIA_CD7_5,C1,C1,pca_logreg_same_split
TCTTCGGCATCACGAT_JIA_CD7_5,C1,C1,pca_logreg_same_split
GCTGCGAGTCCGTCAG_JIA_CD7_2,CD56dim NK,CD56dim NK,pca_logreg_same_split
AAACCTGTCGAATCCA_JIA_CD7_3,Cycling NK,CD56dim NK,pca_logreg_same_split
GCAGCCATCCAGGGCT_JIA_CD7_4,Cycling NK,Cycling NK,pca_logreg_same_split
TGAGCCGAGAAGGTTT_JIA_CD7_5,Cycling NK,Cycling NK,pca_logreg_same_split
CAAGATCAGAGGTTGC_JIA_CD7_3,Cycling NK,Cycling NK,pca_logreg_same_split
TGCGGGTAGTACGTTC_JIA_Total_2,Cycling NK,Cycling NK,pca_logreg_same_split
ACATACGCATTCCTCG_JIA_CD7_5,Cycling NK,Cycling NK,pca_logreg_same_split
GGTGCGTTCTTTAGGG_JIA_CD7_1,CD56dim NK,CD56dim NK,pca_logreg_same_split
GCGACCAGTGCACGAA_JIA_CD7_2,ILC2,ILC2,pca_logreg_same_split
CCTTTCTCACGCTTTC_JIA_CD7_5,Cycling NK,Cycling NK,pca_logreg_same_split
CAGCAGCCATGGGACA_JIA_CD7_3,Cycling NK,Cycling NK,pca_logreg_same_split
CATCGAAGTAGCTAAA_JIA_CD7_5,Cycling NK,Cycling NK,pca_logreg_same_split
CTGATCCAGAGCTATA_JIA_CD7_4,C2,C2,pca_logreg_same_split
CAAGGCCCATTGGGCC_JIA_CD7_5,C3,C3,pca_logreg_same_split
TGGGAAGTCACAATGC_JIA_CD7_5,C1,C1,pca_logreg_same_split
ACTTACTGTACTCAAC_JIA_Total_25,Cycling NK,Cycling NK,pca_logreg_same_split
AAACGGGGTTTGACTG_JIA_CD7_4,C2,C2,pca_logreg_same_split
GTCAAGTGTGTTGGGA_JIA_Total_17,Cycling NK,Cycling NK,pca_logreg_same_split
GTGCGGTAGGCTAGCA_JIA_CD7_3,C1,C1,pca_logreg_same_split
CCCAGTTTCTAACGGT_JIA_CD7_3,ILC2,ILC2,pca_logreg_same_split
GAACATCTCGCCTGAG_JIA_CD7_1,CD56dim NK,CD56dim NK,pca_logreg_same_split
TCTGTCGTCTTACTGT_JIA_DC_3,Cycling NK,Cycling NK,pca_logreg_same_split
CATCCACAGGCTCAGA_JIA_CD7_3,CD56dim NK,CD56dim NK,pca_logreg_same_split
ACATGGTAGTGCTGCC_JIA_CD7_4,CD56dim NK,CD56dim NK,pca_logreg_same_split
TCAGCAACATATGGTC_JIA_CD7_4,C2,C2,pca_logreg_same_split
CACAGTACAGGACCCT_JIA_CD7_3,CD56dim NK,CD56dim NK,pca_logreg_same_split
AGTTGGTAGTGGACGT_JIA_Total_1,CD56bright NK,CD56bright NK,pca_logreg_same_split
CGCGTTTAGCTAAACA_JIA_Total_26,ILC3,ILC3,pca_logreg_same_split
ACACTGACATGCCACG_JIA_Total_17,Cycling NK,Cycling NK,pca_logreg_same_split
TCAGGTACATGCAACT_JIA_Total_10,CD56bright NK,CD56bright NK,pca_logreg_same_split
ACGCCAGGTACTCAAC_JIA_CD7_4,C3,C3,pca_logreg_same_split
TTTACTGGTGAGGCTA_JIA_Total_24,C2,C2,pca_logreg_same_split
ACTGCTCCAGCGATCC_JIA_CD7_5,C2,C2,pca_logreg_same_split
GAATAAGGTCTAAAGA_JIA_CD7_2,CD56dim NK,CD56dim NK,pca_logreg_same_split
CAGCTGGAGAAGGTTT_JIA_CD7_5,Cycling NK,Cycling NK,pca_logreg_same_split
CTAACTTTCGTCGTTC_JIA_CD7_2,Naïve-like ILC,Naïve-like ILC,pca_logreg_same_split
CCATGTCTCTCGGACG_JIA_CD7_4,CD56dim NK,CD56dim NK,pca_logreg_same_split
CTGCGGATCGGTGTCG_JIA_Total_10,CD56dim NK,CD56dim NK,pca_logreg_same_split
ACGGGCTGTGTTTGGT_JIA_CD7_3,CD56dim NK,CD56dim NK,pca_logreg_same_split
CCATGTCAGTGTGAAT_JIA_CD7_4,CD56bright NK,CD56bright NK,pca_logreg_same_split
CAGCTGGAGGCTAGAC_JIA_CD7_4,C1,C1,pca_logreg_same_split
CTACCCACACAGGAGT_JIA_CD7_3,C1,C1,pca_logreg_same_split
CGTTGGGTCCAAGTAC_JIA_CD7_5,C2,C2,pca_logreg_same_split
GTCCTCAGTCATGCCG_JIA_CD7_3,Cycling NK,Cycling NK,pca_logreg_same_split
CCTAACCAGTCACTCA_JIA_DC_3,Cycling NK,Cycling NK,pca_logreg_same_split
TTATGCTCAGCGATCC_JIA_CD7_5,CD56dim NK,CD56dim NK,pca_logreg_same_split
CTACCCATCTCAACTT_JIA_CD7_4,CD56bright NK,CD56bright NK,pca_logreg_same_split
ACTGTCCGTTCTGGTA_JIA_CD7_3,Cycling NK,Cycling NK,pca_logreg_same_split
CATATGGGTTGATTGC_JIA_CD7_5,C1,C1,pca_logreg_same_split
GGCTGGTCACCAGCAC_JIA_Total_16,CD56dim NK,CD56dim NK,pca_logreg_same_split
ATTATCCAGACGCAAC_JIA_CD7_2,CD56dim NK,CD56dim NK,pca_logreg_same_split
CTGTTTAAGCTACCGC_JIA_Total_13,Cycling NK,Cycling NK,pca_logreg_same_split
GGATGTTGTTCACGGC_JIA_CD7_3,C3,C3,pca_logreg_same_split
GCTTCCAAGTGGTCCC_JIA_Total_1,CD56bright NK,C1,pca_logreg_same_split
GCATGTATCGGAATCT_JIA_Total_2,C1,Naïve-like ILC,pca_logreg_same_split
ATCCGAAGTTGTGGCC_JIA_Total_13,CD56bright NK,CD56bright NK,pca_logreg_same_split
ACGATACGTACAGTTC_JIA_CD7_5,Cycling NK,Cycling NK,pca_logreg_same_split
CGTAGCGTCTGTCAAG_JIA_Total_25,CD56dim NK,CD56dim NK,pca_logreg_same_split
GGGAGATCACCACCAG_JIA_CD7_1,C3,C3,pca_logreg_same_split
CCTCTGAGTTGAGGTG_JIA_CD7_5,CD56bright NK,CD56bright NK,pca_logreg_same_split
ATCCGAAAGATCTGCT_JIA_CD7_5,C2,C2,pca_logreg_same_split
GCTCCTATCAACACCA_JIA_Total_20,C1,C1,pca_logreg_same_split
GAATAAGAGTGGCACA_JIA_CD7_2,CD56dim NK,CD56dim NK,pca_logreg_same_split
ATTGTTCAGAGGTTAT_JIA_CD45_1,C3,C3,pca_logreg_same_split
CGTTGGGTCTCCAACC_JIA_CD7_3,CD56dim NK,CD56dim NK,pca_logreg_same_split
CGCTTCAGTATAGGTA_JIA_CD7_2,CD56bright NK,CD56bright NK,pca_logreg_same_split
AAACGGGGTAGAGTGC_JIA_CD7_5,C2,C2,pca_logreg_same_split
GGACAGACACAGACAG_JIA_CD7_5,C1,C1,pca_logreg_same_split
TATCAGGAGTTTAGGA_JIA_CD7_2,ILC2,ILC2,pca_logreg_same_split
CGTCCATTCATCTGCC_JIA_CD7_5,Cycling NK,Cycling NK,pca_logreg_same_split
ATGTGTGAGCCATCGC_JIA_CD7_5,CD56bright NK,CD56bright NK,pca_logreg_same_split
AGCTTGAGTCCGAATT_JIA_CD7_3,C2,C2,pca_logreg_same_split
TTGCCGTAGTATGACA_JIA_CD7_3,ILC2,ILC2,pca_logreg_same_split
CTGCGGAGTCTAGCCG_JIA_CD7_4,C1,C1,pca_logreg_same_split
CGAACATCAGCCTTGG_JIA_CD7_5,Cycling NK,Cycling NK,pca_logreg_same_split
ACATCAGAGCTGTCTA_JIA_CD7_5,Cycling NK,Cycling NK,pca_logreg_same_split
TTCGGTCGTTTGGCGC_JIA_CD7_3,C1,C1,pca_logreg_same_split
CGAGAAGTCTCTTGAT_JIA_CD7_2,ILC2,ILC2,pca_logreg_same_split
CCAGCGATCTGAGGGA_JIA_CD7_4,C2,C2,pca_logreg_same_split
GCACATATCTGACCTC_JIA_CD7_2,CD56dim NK,CD56dim NK,pca_logreg_same_split
AGTGTCAAGCCAGTAG_JIA_Total_23,ILC2,ILC2,pca_logreg_same_split
CCGGGATGTCTCTCGT_JIA_CD7_1,Cycling NK,Cycling NK,pca_logreg_same_split
AGAGCAGAGAGAGTTT_JIA_DC_3,C1,C1,pca_logreg_same_split
CGAATGTTCTGTCCGT_JIA_Total_25,CD56bright NK,CD56bright NK,pca_logreg_same_split
GGACATTGTGCAGACA_JIA_CD7_5,Cycling NK,Cycling NK,pca_logreg_same_split
CACATAGGTATAGGGC_JIA_CD7_4,C1,C1,pca_logreg_same_split
AGCGGTCTCCTAGAAC_JIA_CD7_5,CD56dim NK,CD56dim NK,pca_logreg_same_split
AGCGTATAGCGATATA_JIA_CD7_2,Cycling NK,Cycling NK,pca_logreg_same_split
CCATGTCTCATAAAGG_JIA_CD7_2,ILC2,ILC2,pca_logreg_same_split
CTACCCATCCAGGGCT_JIA_CD7_5,C2,C2,pca_logreg_same_split
CGGACTGTCTGGGCCA_JIA_CD7_2,ILC2,ILC2,pca_logreg_same_split
GGACAAGAGTCTTGCA_JIA_CD7_4,C2,C2,pca_logreg_same_split
CACAGGCAGGCGACAT_JIA_CD7_1,Cycling NK,Cycling NK,pca_logreg_same_split
GATCAGTAGAGTACCG_JIA_Total_19,CD56dim NK,CD56dim NK,pca_logreg_same_split
GTAACGTCAAGGACAC_JIA_CD7_5,C2,C2,pca_logreg_same_split
GCTCTGTCAAGTCATC_JIA_CD7_5,Cycling NK,Cycling NK,pca_logreg_same_split
GCTCTGTAGTGAATTG_JIA_CD7_5,C2,C2,pca_logreg_same_split
TAGGCATTCCGCATAA_JIA_CD7_4,Cycling NK,Cycling NK,pca_logreg_same_split
CGACTTCGTAGAGGAA_JIA_Total_19,CD56bright NK,CD56bright NK,pca_logreg_same_split
CGGAGTCGTCATCCCT_JIA_Total_23,CD56bright NK,CD56bright NK,pca_logreg_same_split
CCACGGAAGTGTCCAT_JIA_CD7_1,CD56dim NK,CD56dim NK,pca_logreg_same_split
GAAGCAGCACGAGAGT_JIA_CD7_1,C2,C2,pca_logreg_same_split
TCATATCAGGGCCAAT_JIA_CD45_2,C2,C2,pca_logreg_same_split
TTGTAGGTCGTAGGAG_JIA_CD7_4,C3,C3,pca_logreg_same_split
CTCTACGTCGGCTACG_JIA_CD7_5,Cycling NK,Cycling NK,pca_logreg_same_split
TGCGCAGTCCAGAAGG_JIA_CD7_4,C1,C1,pca_logreg_same_split
GACCTGGTCCAAGCCG_JIA_Total_17,C2,C2,pca_logreg_same_split
CCTTACGTCCAAACAC_JIA_CD7_4,C1,C1,pca_logreg_same_split
TGACTTTGTCTACCTC_JIA_CD7_2,ILC2,ILC2,pca_logreg_same_split
CGGAGTCGTAGGAGTC_JIA_Total_4,C1,CD56bright NK,pca_logreg_same_split
CGTTGGGCAGGTGGAT_JIA_Total_19,CD56bright NK,CD56bright NK,pca_logreg_same_split
CACACTCAGTGATCGG_JIA_Total_17,C1,C1,pca_logreg_same_split
ACGAGCCCATAACCTG_JIA_CD7_5,C2,C3,pca_logreg_same_split
TCGCGTTCAGCCACCA_JIA_CD7_2,C2,C1,pca_logreg_same_split
AACTCTTGTGAAATCA_JIA_Total_26,C1,C1,pca_logreg_same_split
CTCCTAGAGAGCTATA_JIA_CD7_5,Cycling NK,Cycling NK,pca_logreg_same_split
AATCCAGAGCAATCTC_JIA_CD7_5,Cycling NK,Cycling NK,pca_logreg_same_split
TTTCCTCGTACAGACG_JIA_CD7_5,CD56bright NK,CD56bright NK,pca_logreg_same_split
CTGATAGAGGCACATG_JIA_CD7_1,Naïve-like ILC,Naïve-like ILC,pca_logreg_same_split
GCTCTGTTCTCAACTT_JIA_Total_17,C3,C1,pca_logreg_same_split
ACTATCTGTCACTTCC_JIA_CD7_5,ILC3,ILC3,pca_logreg_same_split
TCGTACCGTCTGATTG_JIA_CD7_4,C1,Cycling NK,pca_logreg_same_split
TTGGCAAGTTAGTGGG_JIA_Total_17,Cycling NK,Cycling NK,pca_logreg_same_split
CAGCGTGCAAGCCTGC_JIA_DC_2,Cycling NK,C1,pca_logreg_same_split
CGGACGTTCACCACCT_JIA_CD7_4,CD56dim NK,CD56dim NK,pca_logreg_same_split
GCGACCACATCGATGT_JIA_CD7_3,Cycling NK,Cycling NK,pca_logreg_same_split
TAGACCACACTGAAGG_JIA_Total_16,CD56dim NK,CD56dim NK,pca_logreg_same_split
CGGAGCTGTGCGATAG_JIA_CD7_5,CD56bright NK,CD56bright NK,pca_logreg_same_split
CTGCGGAAGTGAAGTT_JIA_CD7_4,C1,C1,pca_logreg_same_split
TATCTCAGTGCTCTTC_JIA_CD7_5,ILC3,ILC3,pca_logreg_same_split
ATCGAGTTCTTGTATC_JIA_Total_25,CD56dim NK,CD56dim NK,pca_logreg_same_split
TCTTTCCAGCTAGTCT_JIA_CD7_4,C2,C2,pca_logreg_same_split
TCGCGAGAGGCTACGA_JIA_CD7_1,C2,C2,pca_logreg_same_split
GCAGTTAAGTGCTGCC_JIA_CD7_1,Naïve-like ILC,Naïve-like ILC,pca_logreg_same_split
GGAACTTGTGATAAAC_JIA_CD7_5,Cycling NK,Cycling NK,pca_logreg_same_split
CTGAAACCAGACAAGC_JIA_CD7_5,C2,C3,pca_logreg_same_split
TTAGGACTCCACTGGG_JIA_CD7_3,C2,C2,pca_logreg_same_split
TTTACTGTCTCGAGTA_JIA_CD7_5,C2,C2,pca_logreg_same_split
CAACCAAAGCCAGTAG_JIA_Total_16,CD56bright NK,CD56bright NK,pca_logreg_same_split
TGCACCTAGTAAGTAC_JIA_CD7_2,CD56bright NK,CD56bright NK,pca_logreg_same_split
TCTTCGGAGATCTGCT_JIA_CD7_2,C2,C1,pca_logreg_same_split
AGCAGCCCACGACTCG_JIA_Total_13,CD56bright NK,Naïve-like ILC,pca_logreg_same_split
GGAATAAGTAAATGTG_JIA_CD7_4,C2,C2,pca_logreg_same_split
AAGACCTCAGGACCCT_JIA_Total_1,CD56bright NK,CD56bright NK,pca_logreg_same_split
TGTTCTATCATTGGTG_JIA_DC_1,C1,C1,pca_logreg_same_split
AACACGTCACGCATCG_JIA_Total_1,ILC3,Naïve-like ILC,pca_logreg_same_split
ACTGCTCGTGATGCCC_JIA_Total_4,CD56dim NK,CD56dim NK,pca_logreg_same_split
CGTCACTGTGGCGAAT_JIA_CD7_4,C2,C2,pca_logreg_same_split
CATGCCTCAGTCAGAG_JIA_CD7_4,CD56bright NK,CD56bright NK,pca_logreg_same_split
GCGCGATCATGCCTAA_JIA_CD7_3,C1,C1,pca_logreg_same_split
GAGTCCGGTCGTGGCT_JIA_CD7_2,ILC2,ILC2,pca_logreg_same_split
GGGCACTAGCTCCCAG_JIA_CD7_3,ILC2,ILC2,pca_logreg_same_split
GTACGTAAGAGTACCG_JIA_CD7_4,Cycling NK,Cycling NK,pca_logreg_same_split
ACATACGAGGATGTAT_JIA_Total_20,C2,C2,pca_logreg_same_split
TCTGAGAAGACACTAA_JIA_CD7_4,Cycling NK,C1,pca_logreg_same_split
CTTAGGAGTCCGTTAA_JIA_Total_19,CD56bright NK,CD56bright NK,pca_logreg_same_split
CGCTATCCACCCATGG_JIA_CD7_5,C1,CD56bright NK,pca_logreg_same_split
CTAAGACAGGACAGAA_JIA_CD7_3,C2,C2,pca_logreg_same_split
CGTTAGAAGGTGACCA_JIA_Total_20,C3,C3,pca_logreg_same_split
ACACCGGTCCTTTACA_JIA_CD7_5,CD56dim NK,CD56dim NK,pca_logreg_same_split
AGTGGGAGTTTGGCGC_JIA_CD7_3,C2,C2,pca_logreg_same_split
CATTCGCCACGCTTTC_JIA_Total_1,CD56dim NK,CD56dim NK,pca_logreg_same_split
AATCGGTGTAGTACCT_JIA_CD7_5,Cycling NK,C2,pca_logreg_same_split
GGACAAGGTAAACGCG_JIA_Total_14,C1,C1,pca_logreg_same_split
TGGGAAGGTTCGGGCT_JIA_Total_24,C1,C1,pca_logreg_same_split
CCGGTGAGTATCGAGG_JIA_DC_3,C1,C1,pca_logreg_same_split
CGTCTACCACGTAAGG_JIA_Total_14,C1,C1,pca_logreg_same_split
CTCGTCATCTTGGGTA_JIA_CD7_2,ILC2,ILC2,pca_logreg_same_split
TCTCATACACAACGCC_JIA_CD7_4,C1,C1,pca_logreg_same_split
AATCCAGGTACTTGAC_JIA_Total_1,CD56bright NK,CD56bright NK,pca_logreg_same_split
CGTCTACTCAGGTTCA_JIA_CD7_4,C1,C1,pca_logreg_same_split
AGCAGCCCAGGTCCAC_JIA_Total_20,C2,C2,pca_logreg_same_split
GTCGTAAAGTGTACTC_JIA_CD7_5,CD56dim NK,CD56dim NK,pca_logreg_same_split
CGGTTAAGTTCACGGC_JIA_CD7_5,C1,C1,pca_logreg_same_split
TACTTGTTCGAACGGA_JIA_CD7_5,CD56dim NK,CD56dim NK,pca_logreg_same_split
CTAATGGTCCAGTATG_JIA_CD7_3,Cycling NK,Cycling NK,pca_logreg_same_split
GGCAATTGTACTCGCG_JIA_CD7_5,Cycling NK,Cycling NK,pca_logreg_same_split
GAACGGAGTCTAGTCA_JIA_Total_25,CD56bright NK,CD56bright NK,pca_logreg_same_split
CTCGAAAAGGCTCAGA_JIA_CD7_4,C1,C1,pca_logreg_same_split
CATGACAGTCTTCAAG_JIA_Total_5,C1,C1,pca_logreg_same_split
GTTCATTTCATTCACT_JIA_Total_20,ILC3,ILC3,pca_logreg_same_split
GCTGCGAAGCCCAACC_JIA_CD7_5,C2,C2,pca_logreg_same_split
GGATGTTTCATGGTCA_JIA_CD7_2,C1,CD56bright NK,pca_logreg_same_split
GATCTAGTCTACTTAC_JIA_CD7_4,C1,C1,pca_logreg_same_split
AACGTTGAGTGCCATT_JIA_Total_19,CD56bright NK,CD56bright NK,pca_logreg_same_split
CAAGTTGGTAGCTTGT_JIA_CD7_4,Naïve-like ILC,Naïve-like ILC,pca_logreg_same_split
GGGAATGGTCCAACTA_JIA_CD7_5,C1,C1,pca_logreg_same_split
AGATCTGCACGAAATA_JIA_Total_1,CD56bright NK,CD56bright NK,pca_logreg_same_split
GTCCTCAAGTCGATAA_JIA_CD7_3,Naïve-like ILC,Naïve-like ILC,pca_logreg_same_split
AAGGAGCCAGCTGTAT_JIA_CD7_3,Cycling NK,C2,pca_logreg_same_split
GTAGTCAGTCTAAAGA_JIA_CD7_5,Cycling NK,Cycling NK,pca_logreg_same_split
CTTACCGTCCATGAGT_JIA_CD7_2,C1,Cycling NK,pca_logreg_same_split
TCGCGTTTCCGGGTGT_JIA_CD7_2,C1,CD56bright NK,pca_logreg_same_split
ACTGCTCCATATGCTG_JIA_CD7_3,ILC2,ILC2,pca_logreg_same_split
AATCCAGCACCAGCAC_JIA_Total_23,ILC2,ILC2,pca_logreg_same_split
TCTTTCCGTTGCGCAC_JIA_CD7_3,Cycling NK,Cycling NK,pca_logreg_same_split
TATTACCGTTCCATGA_JIA_CD7_5,C2,Cycling NK,pca_logreg_same_split
GGATGTTAGGGTATCG_JIA_CD7_4,C2,C2,pca_logreg_same_split
TCAGTTTCAATTAGGA_JIA_DC_1,C1,C1,pca_logreg_same_split
TCAGGTAAGTGGGATC_JIA_CD7_4,C2,C3,pca_logreg_same_split
GTGCTTCAGAGTCTGG_JIA_Total_19,CD56dim NK,CD56dim NK,pca_logreg_same_split
CTCCTAGCAATCGGTT_JIA_CD7_3,C1,C1,pca_logreg_same_split
ATTTCTGGTAGCAAAT_JIA_CD7_4,C1,C1,pca_logreg_same_split
GGGCATCTCGGGAGTA_JIA_CD7_1,C2,C2,pca_logreg_same_split
GAGAGGTAGTTGGGAC_JIA_DC_1,C1,C1,pca_logreg_same_split
ACTGATGAGGACAGAA_JIA_Total_24,Cycling NK,Cycling NK,pca_logreg_same_split
CTCGTCATCACAGTAC_JIA_CD7_4,C2,C2,pca_logreg_same_split
ACACCAAGTAGGGTAC_JIA_CD7_4,C1,C2,pca_logreg_same_split
GCAAACTCAAGTAATG_JIA_CD7_3,C1,C1,pca_logreg_same_split
ATGGGAGCAACTGCTA_JIA_CD7_3,C2,C2,pca_logreg_same_split
CGAGCCACAATGGTCT_JIA_CD7_4,Naïve-like ILC,Naïve-like ILC,pca_logreg_same_split
AGAGCTTGTAAGGATT_JIA_CD7_5,Cycling NK,Cycling NK,pca_logreg_same_split
ACAGCTAAGCCAGTTT_JIA_CD7_2,C3,C3,pca_logreg_same_split
ACTTTCATCTGATTCT_JIA_CD7_3,CD56bright NK,CD56bright NK,pca_logreg_same_split
CACCACTAGCCTTGAT_JIA_Total_10,CD56bright NK,CD56bright NK,pca_logreg_same_split
CGTTAGATCTCTAAGG_JIA_CD7_5,Naïve-like ILC,Naïve-like ILC,pca_logreg_same_split
AACTCTTTCTTTACAC_JIA_CD7_5,C2,C2,pca_logreg_same_split
CGGCTAGAGACTCGGA_JIA_CD7_3,C2,C2,pca_logreg_same_split
CGGACACCACTCGACG_JIA_CD7_5,Naïve-like ILC,Naïve-like ILC,pca_logreg_same_split
GCTGGGTGTCGACTAT_JIA_CD7_1,Cycling NK,Cycling NK,pca_logreg_same_split
GTGCTTCTCACGCGGT_JIA_CD7_5,C3,C3,pca_logreg_same_split
GGGACCTTCATGCATG_JIA_CD7_5,CD56dim NK,CD56dim NK,pca_logreg_same_split
TCTCTAACAAAGTCAA_JIA_CD7_1,Cycling NK,Cycling NK,pca_logreg_same_split
CAGATCATCCCTGACT_JIA_CD7_1,Cycling NK,Cycling NK,pca_logreg_same_split
CACTCCACAGACAAAT_JIA_CD7_2,C1,C1,pca_logreg_same_split
ACCGTAATCTTAGAGC_JIA_CD7_5,CD56bright NK,CD56bright NK,pca_logreg_same_split
GGGAGATGTTAAAGAC_JIA_CD7_3,ILC3,ILC3,pca_logreg_same_split
ATTATCCGTACATCCA_JIA_Total_5,Cycling NK,Cycling NK,pca_logreg_same_split
GTATTCTGTGTCGCTG_JIA_CD7_5,C3,C3,pca_logreg_same_split
ACTGATGCAGGCTCAC_JIA_CD7_1,Cycling NK,Cycling NK,pca_logreg_same_split
TGCGTGGGTAAGTGTA_JIA_CD7_4,C1,C1,pca_logreg_same_split
GGACATTCAACCGCCA_JIA_CD7_2,Cycling NK,Cycling NK,pca_logreg_same_split
CACAGGCTCCGCATAA_JIA_CD7_4,C2,C2,pca_logreg_same_split
AGGTCCGAGCTCCTCT_JIA_CD7_5,CD56bright NK,CD56bright NK,pca_logreg_same_split
CTCTGGTCATAAGACA_JIA_Total_17,Cycling NK,Cycling NK,pca_logreg_same_split
CGGAGCTTCTGCTGTC_JIA_CD7_4,Naïve-like ILC,C1,pca_logreg_same_split
CGAACATCATAGACTC_JIA_Total_26,C1,C1,pca_logreg_same_split
CACATAGTCCTGCCAT_JIA_Total_25,CD56bright NK,CD56bright NK,pca_logreg_same_split
CCTAGCTCAGCTGTGC_JIA_CD7_4,C3,C3,pca_logreg_same_split
GGGACCTAGCGTAATA_JIA_Total_23,CD56bright NK,CD56bright NK,pca_logreg_same_split
CGTTAGAGTTTGTTGG_JIA_CD7_5,CD56dim NK,CD56dim NK,pca_logreg_same_split
CCGTGGATCCCATTTA_JIA_CD7_3,CD56dim NK,CD56dim NK,pca_logreg_same_split
GACGGCTCAAGCGTAG_JIA_CD7_1,Cycling NK,Cycling NK,pca_logreg_same_split
CATCAAGCAAGTACCT_JIA_CD7_1,C2,C2,pca_logreg_same_split
CTGAAGTGTCGACTGC_JIA_CD7_4,C1,C1,pca_logreg_same_split
ACTGAGTCACCGAAAG_JIA_CD7_5,ILC3,ILC3,pca_logreg_same_split
AAGCGTTAGGCCACTC_JIA_CD45_2,C1,C1,pca_logreg_same_split
AGCTTGATCTTAGAGC_JIA_CD7_2,Cycling NK,Cycling NK,pca_logreg_same_split
TACGGTAAGCAGCCTC_JIA_CD7_5,ILC2,ILC2,pca_logreg_same_split
GGCGTGTCATTAGGCT_JIA_CD7_3,Cycling NK,Cycling NK,pca_logreg_same_split
GCACATATCTCAAGTG_JIA_Total_19,CD56dim NK,CD56dim NK,pca_logreg_same_split
GCTCTGTGTTATTCTC_JIA_CD7_4,CD56bright NK,CD56bright NK,pca_logreg_same_split
GGGTATTTCGCCTTTG_JIA_DC_1,CD56bright NK,CD56bright NK,pca_logreg_same_split
CATGCCTTCTCTGTCG_JIA_CD7_4,CD56bright NK,CD56bright NK,pca_logreg_same_split
ATCTGCCCAATCAGAA_JIA_Total_26,C1,C1,pca_logreg_same_split
CCACTACTCGCACTCT_JIA_CD7_5,C2,C2,pca_logreg_same_split
CTGATCCCACCTGGTG_JIA_CD7_5,C1,C1,pca_logreg_same_split
CATTCGCTCCAAACTG_JIA_CD7_4,C1,C2,pca_logreg_same_split
GACTGCGCACATGGGA_JIA_Total_20,C3,C3,pca_logreg_same_split
CTGGTCTCACAGATTC_JIA_Total_20,C1,C1,pca_logreg_same_split
GTGAAGGCAAACTGTC_JIA_Total_10,CD56bright NK,CD56bright NK,pca_logreg_same_split
AATCGGTAGAGTGAGA_JIA_Total_2,Cycling NK,Cycling NK,pca_logreg_same_split
ATGAGGGGTATGAATG_JIA_Total_26,ILC3,ILC3,pca_logreg_same_split
TGACGGCTCCTCAACC_JIA_Total_11,C1,C3,pca_logreg_same_split
TGGTTAGGTATCACCA_JIA_CD7_5,C2,C2,pca_logreg_same_split
TGGGAAGTCGACCAGC_JIA_CD7_1,C2,C2,pca_logreg_same_split
GTGCATATCCTTGCCA_JIA_Total_24,C2,C2,pca_logreg_same_split
ATCATCTCACCGAAAG_JIA_CD7_3,CD56dim NK,CD56dim NK,pca_logreg_same_split
TGACTTTTCAACACGT_JIA_CD7_5,Cycling NK,Cycling NK,pca_logreg_same_split
AACTTTCGTAGAGCTG_JIA_Total_13,CD56bright NK,CD56bright NK,pca_logreg_same_split
GTACAACTCTCTGCTG_JIA_DC_2,C1,C1,pca_logreg_same_split
GCTTCCACACACGCTG_JIA_CD7_4,CD56bright NK,CD56bright NK,pca_logreg_same_split
GTTACAGTCGCGATCG_JIA_CD7_4,Cycling NK,Cycling NK,pca_logreg_same_split
TTCGGTCCACACATGT_JIA_CD7_4,C1,C1,pca_logreg_same_split
GTGTGCGAGGGTGTTG_JIA_Total_19,CD56dim NK,CD56dim NK,pca_logreg_same_split
GACGTTACACACCGAC_JIA_CD7_1,Cycling NK,Cycling NK,pca_logreg_same_split
CAGCTGGGTTGGACCC_JIA_Total_2,Cycling NK,Cycling NK,pca_logreg_same_split
TACACGAGTCTGGTCG_JIA_CD7_4,CD56dim NK,CD56dim NK,pca_logreg_same_split
CTGATAGTCTCTTATG_JIA_CD7_5,C2,C2,pca_logreg_same_split
GGGAATGTCTCGTTTA_JIA_CD7_5,C2,C2,pca_logreg_same_split
TAGTTGGGTACAGTGG_JIA_CD7_2,CD56bright NK,CD56bright NK,pca_logreg_same_split
TTGGCAAGTAAACCTC_JIA_CD7_3,CD56dim NK,CD56dim NK,pca_logreg_same_split
ATTACTCGTCATCCCT_JIA_CD7_5,CD56dim NK,CD56dim NK,pca_logreg_same_split
TGGCGCAGTTATGCGT_JIA_CD7_5,Cycling NK,Cycling NK,pca_logreg_same_split
CTTAACTTCCCAAGAT_JIA_CD7_2,Cycling NK,Cycling NK,pca_logreg_same_split
TACTCGCGTTCGCGAC_JIA_CD7_4,Naïve-like ILC,Naïve-like ILC,pca_logreg_same_split
TCTGGAACATACAGCT_JIA_Total_25,CD56bright NK,CD56bright NK,pca_logreg_same_split
GTGTGCGTCAAGATCC_JIA_CD7_5,CD56dim NK,CD56dim NK,pca_logreg_same_split
GGCCGATGTGCTGTAT_JIA_CD7_5,CD56dim NK,CD56dim NK,pca_logreg_same_split
TGAGGGAGTCCGAATT_JIA_CD7_4,C1,C1,pca_logreg_same_split
CCTACCAAGTGCCATT_JIA_Total_20,C1,C1,pca_logreg_same_split
ATTGGTGCAAGCCGCT_JIA_CD7_2,Cycling NK,Cycling NK,pca_logreg_same_split
CTTTGCGCACCAGTTA_JIA_Total_1,CD56dim NK,CD56dim NK,pca_logreg_same_split
CAGCCGATCAGAGGTG_JIA_CD7_5,C1,C1,pca_logreg_same_split
GGGTTGCTCAGGTTCA_JIA_CD7_1,Cycling NK,Cycling NK,pca_logreg_same_split
CGTAGCGCAGACGCCT_JIA_CD7_4,C2,C2,pca_logreg_same_split
CAGCAGCGTAATCGTC_JIA_CD7_1,ILC2,ILC2,pca_logreg_same_split
GGAATAATCAGTTCGA_JIA_CD7_1,Cycling NK,Cycling NK,pca_logreg_same_split
AAGGCAGCAAAGCAAT_JIA_CD7_2,ILC3,ILC3,pca_logreg_same_split
GGCAATTGTGGTAACG_JIA_Total_25,CD56bright NK,CD56bright NK,pca_logreg_same_split
CCATTCGAGACTAAGT_JIA_Total_2,C1,C1,pca_logreg_same_split
CAAGAAAGTAAAGTCA_JIA_CD7_2,Naïve-like ILC,Naïve-like ILC,pca_logreg_same_split
GCGCGATCATGGTCAT_JIA_CD7_1,Cycling NK,Cycling NK,pca_logreg_same_split
GACGTTACACCTCGGA_JIA_Total_19,CD56bright NK,CD56bright NK,pca_logreg_same_split
GGATTACAGACGCAAC_JIA_CD7_4,CD56bright NK,CD56bright NK,pca_logreg_same_split
GACGGCTCACTTAAGC_JIA_CD7_5,Cycling NK,Cycling NK,pca_logreg_same_split
GTGCAGCCACAGAGGT_JIA_CD7_3,CD56dim NK,CD56dim NK,pca_logreg_same_split
TCAGCTCCACGAGAGT_JIA_Total_10,CD56dim NK,CD56dim NK,pca_logreg_same_split
ATTGGACTCGCGTTTC_JIA_CD7_4,C2,C2,pca_logreg_same_split
ACACCAATCCAGTATG_JIA_CD7_4,C2,C2,pca_logreg_same_split
CTGTTTAAGGACAGCT_JIA_CD7_1,Cycling NK,Cycling NK,pca_logreg_same_split
CATCAAGGTAGAGGAA_JIA_CD7_2,ILC2,ILC2,pca_logreg_same_split
CTTTGCGCAGCCTTTC_JIA_CD7_5,C2,C2,pca_logreg_same_split
TCGCGAGTCCTTTACA_JIA_CD7_2,C1,C1,pca_logreg_same_split
CAGGTGCAGACTTTCG_JIA_Total_20,C3,C3,pca_logreg_same_split
GGGCACTGTAAGAGAG_JIA_CD7_5,C2,C2,pca_logreg_same_split
ATCTGCCGTTGTCGCG_JIA_Total_24,C2,C2,pca_logreg_same_split
CGGACACCAGTTAACC_JIA_Total_20,C2,C2,pca_logreg_same_split
TAGACCAAGTTGAGTA_JIA_CD7_2,CD56bright NK,CD56bright NK,pca_logreg_same_split
GTATTCTAGAAGCCCA_JIA_CD7_4,CD56dim NK,CD56dim NK,pca_logreg_same_split
CCCTCCTGTTAAAGTG_JIA_CD7_2,Cycling NK,Cycling NK,pca_logreg_same_split
TTCGAAGCAGCTCGAC_JIA_CD7_1,C3,C3,pca_logreg_same_split
TCGGTAAAGTACGCGA_JIA_CD7_5,Cycling NK,Cycling NK,pca_logreg_same_split
AGTCTTTTCATGGTCA_JIA_CD7_1,Cycling NK,Cycling NK,pca_logreg_same_split
TGGCTGGGTACCTACA_JIA_Total_7,CD56dim NK,CD56dim NK,pca_logreg_same_split
CGTCACTTCAATCACG_JIA_CD7_3,CD56dim NK,CD56dim NK,pca_logreg_same_split
GTCTCGTGTGGAAAGA_JIA_CD7_4,Cycling NK,Cycling NK,pca_logreg_same_split
GCTGCTTTCATCACCC_JIA_CD7_4,C1,C1,pca_logreg_same_split
AAGGTTCAGGTGTTAA_JIA_Total_20,ILC3,ILC3,pca_logreg_same_split
ACTTGTTGTATCAGTC_JIA_CD7_5,Cycling NK,Cycling NK,pca_logreg_same_split
GCACATATCCTAGAGT_JIA_DC_1,C1,C1,pca_logreg_same_split
ACGGCCACACAGCGTC_JIA_CD7_3,CD56dim NK,CD56dim NK,pca_logreg_same_split
CACACAATCGACGGAA_JIA_Total_1,ILC2,ILC2,pca_logreg_same_split
AGGTCATGTGCGATAG_JIA_CD7_4,C2,C2,pca_logreg_same_split
GGAGCAACATGGTTGT_JIA_Total_4,Cycling NK,CD56dim NK,pca_logreg_same_split
CTCGGAGCAGCGTCCA_JIA_CD7_4,C2,C2,pca_logreg_same_split
CTCGAAAGTGTGCGTC_JIA_CD7_4,C2,C2,pca_logreg_same_split
CCTTACGCAGAGCCAA_JIA_Total_13,ILC2,ILC2,pca_logreg_same_split
GAGCAGAAGAGGGCTT_JIA_Total_26,Cycling NK,Cycling NK,pca_logreg_same_split
CGGAGTCAGCGTTGCC_JIA_Total_19,CD56dim NK,CD56dim NK,pca_logreg_same_split
GGCTGGTCAGGGAGAG_JIA_CD7_4,C1,C1,pca_logreg_same_split
GTTCATTCACAGATTC_JIA_Total_25,CD56bright NK,CD56bright NK,pca_logreg_same_split
CACCAGGGTATCACCA_JIA_Total_20,C3,C3,pca_logreg_same_split
AGTAGTCTCAGTTGAC_JIA_Total_1,CD56dim NK,CD56dim NK,pca_logreg_same_split
CTAACCCGTTGTTGCA_JIA_DC_1,Naïve-like ILC,Naïve-like ILC,pca_logreg_same_split
GCACATAAGTGTACCT_JIA_Total_1,CD56dim NK,CD56dim NK,pca_logreg_same_split
ATCGAGTCACCGTTGG_JIA_CD7_2,CD56bright NK,CD56bright NK,pca_logreg_same_split
ATGTGTGCAACACGCC_JIA_CD7_3,CD56bright NK,CD56bright NK,pca_logreg_same_split
ATGCGATCAGCTCGAC_JIA_CD7_3,Cycling NK,Cycling NK,pca_logreg_same_split
GCGCAGTTCCGAAGAG_JIA_CD7_1,ILC2,ILC2,pca_logreg_same_split
ATAGGCTCACTGTGAT_JIA_DC_2,C1,C1,pca_logreg_same_split
CTTACCGCATCACAAC_JIA_CD7_3,CD56dim NK,CD56dim NK,pca_logreg_same_split
CGGAGTCCAGCCTTTC_JIA_CD7_2,C3,C1,pca_logreg_same_split
TGAGGGACACTTGGAT_JIA_Total_5,C2,Cycling NK,pca_logreg_same_split
ACGGCCAAGCGTAGTG_JIA_CD7_3,C2,C2,pca_logreg_same_split
AGCGTATAGAATAGGG_JIA_CD7_5,C2,C2,pca_logreg_same_split
CGTAGGCTCTGACCTC_JIA_Total_24,C1,Cycling NK,pca_logreg_same_split
ATCATGGAGGTAAACT_JIA_Total_19,CD56dim NK,CD56dim NK,pca_logreg_same_split
TATCTCAAGAGCCCAA_JIA_CD7_4,CD56dim NK,CD56dim NK,pca_logreg_same_split
CGTCAGGTCGCTGATA_JIA_CD7_3,CD56dim NK,CD56dim NK,pca_logreg_same_split
GTGTTAGCACACCGAC_JIA_CD7_5,C2,C2,pca_logreg_same_split
TGCGTGGAGCGTCTAT_JIA_CD7_5,CD56dim NK,CD56dim NK,pca_logreg_same_split
GGACAAGCAGGTGCCT_JIA_CD7_5,CD56dim NK,CD56dim NK,pca_logreg_same_split
TGTATTCGTCGTGGCT_JIA_CD7_3,C2,C2,pca_logreg_same_split
AGTCTTTGTAGAGTGC_JIA_CD7_3,Cycling NK,Cycling NK,pca_logreg_same_split
ATAACGCCAGATCTGT_JIA_CD7_4,Naïve-like ILC,ILC2,pca_logreg_same_split
TGCGTGGCATGCCTAA_JIA_CD7_5,C2,C2,pca_logreg_same_split
CAAGGCCAGAGGTACC_JIA_CD7_3,C1,C1,pca_logreg_same_split
TGGCTGGCATCTCCCA_JIA_Total_1,CD56dim NK,CD56dim NK,pca_logreg_same_split
AACTGGTCAGGGCATA_JIA_Total_1,Cycling NK,Cycling NK,pca_logreg_same_split
TGACAACAGACAGGCT_JIA_CD7_1,C2,C2,pca_logreg_same_split
TGAGAGGGTACTCAAC_JIA_CD7_5,C2,C2,pca_logreg_same_split
CCCAGTTCATTACCTT_JIA_Total_1,CD56dim NK,CD56dim NK,pca_logreg_same_split
GTCAAGTCAGTGACAG_JIA_CD7_3,C1,C1,pca_logreg_same_split
AGCAGCCTCATTGCCC_JIA_CD7_4,C2,C3,pca_logreg_same_split
CGTGTCTTCTGCCCTA_JIA_Total_10,CD56dim NK,CD56dim NK,pca_logreg_same_split
GTATCTTAGACAGACC_JIA_CD7_3,CD56dim NK,CD56dim NK,pca_logreg_same_split
CATGACATCTTATCTG_JIA_Total_1,CD56bright NK,CD56bright NK,pca_logreg_same_split
CCCAGTTAGGTGTTAA_JIA_CD7_4,C1,C1,pca_logreg_same_split
TCATTTGGTTCGCTAA_JIA_CD7_3,C2,C3,pca_logreg_same_split
CTCGGAGTCCATGAAC_JIA_CD7_5,C2,C2,pca_logreg_same_split
AGATCGTTCTGCCCTA_JIA_DC_1,Cycling NK,Cycling NK,pca_logreg_same_split
CCTAAGATCGTACACA_JIA_DC_1,C1,C1,pca_logreg_same_split
TGGTTCCCAAACCCAT_JIA_CD7_4,C1,C1,pca_logreg_same_split
CAGTAACCAAAGAATC_JIA_CD7_3,Cycling NK,Cycling NK,pca_logreg_same_split
TCACAAGTCCGCGCAA_JIA_CD7_3,CD56bright NK,C1,pca_logreg_same_split
TAAACCGTCGCTGATA_JIA_CD7_5,C2,C2,pca_logreg_same_split
GGTATTGGTCGTGGCT_JIA_Total_16,CD56dim NK,CD56dim NK,pca_logreg_same_split
GCATGTACACATAACC_JIA_Total_1,CD56dim NK,CD56dim NK,pca_logreg_same_split
CTGAAACCACATGGGA_JIA_CD7_4,C1,C1,pca_logreg_same_split
GCAAACTGTTAAGAAC_JIA_Total_25,CD56dim NK,CD56dim NK,pca_logreg_same_split
CACCAGGAGAAACGAG_JIA_Total_4,CD56dim NK,CD56dim NK,pca_logreg_same_split
GACGTTACACAGGTTT_JIA_CD7_5,CD56dim NK,CD56dim NK,pca_logreg_same_split
CTGCCTAAGCGATTCT_JIA_Total_14,C1,Naïve-like ILC,pca_logreg_same_split
CTCGGAGGTTTGGCGC_JIA_Total_14,Cycling NK,Cycling NK,pca_logreg_same_split
TGCCAAATCCCAACGG_JIA_CD7_5,Cycling NK,Cycling NK,pca_logreg_same_split
AACTCAGCAAGGTTCT_JIA_CD7_2,ILC2,ILC2,pca_logreg_same_split
AGTTGGTAGGAGTTTA_JIA_CD7_2,CD56bright NK,CD56bright NK,pca_logreg_same_split
TCGAGGCTCTGCGACG_JIA_CD7_2,ILC2,ILC2,pca_logreg_same_split
TGAGCCGAGGCCCTTG_JIA_CD7_5,Cycling NK,Cycling NK,pca_logreg_same_split
ACTATCTTCTTACCTA_JIA_CD7_4,C1,C1,pca_logreg_same_split
ATAGACCTCTGCAGTA_JIA_CD7_4,C2,C2,pca_logreg_same_split
GCATGTAGTTGATTGC_JIA_Total_26,C1,C1,pca_logreg_same_split
GCGCAGTAGTCCATAC_JIA_CD7_4,C1,C1,pca_logreg_same_split
GTAACGTCACAAGCCC_JIA_CD7_5,Cycling NK,Cycling NK,pca_logreg_same_split
TGCCAAACACACATGT_JIA_CD7_4,Cycling NK,Cycling NK,pca_logreg_same_split
CACACCTGTCAGCTAT_JIA_Total_14,C1,C1,pca_logreg_same_split
GTGAAGGGTAAGTGGC_JIA_CD7_1,C2,C3,pca_logreg_same_split
GTAACGTCATGCCTTC_JIA_CD7_4,CD56dim NK,CD56dim NK,pca_logreg_same_split
TCTCTAACAACACCTA_JIA_Total_2,C1,C1,pca_logreg_same_split
CCTTCGAGTGTGACCC_JIA_CD7_5,C1,C1,pca_logreg_same_split
GCGACCAAGCGTTTAC_JIA_CD7_2,CD56bright NK,CD56bright NK,pca_logreg_same_split
CAGAATCGTGCCTGGT_JIA_CD7_3,Cycling NK,Cycling NK,pca_logreg_same_split
CCTTCGACATGCCTTC_JIA_Total_4,Cycling NK,Cycling NK,pca_logreg_same_split
CTGAAACAGCTACCGC_JIA_CD7_2,ILC2,ILC2,pca_logreg_same_split
GGGATGACATAGGATA_JIA_Total_20,C1,C1,pca_logreg_same_split
TGCGTGGTCATATCGG_JIA_CD7_4,C3,C3,pca_logreg_same_split
AGCAGCCTCTAACTTC_JIA_CD7_5,CD56bright NK,CD56bright NK,pca_logreg_same_split
TTGGAACTCCAAATGC_JIA_CD7_4,C2,C2,pca_logreg_same_split
GGACGTCGTCTTCGTC_JIA_CD7_3,CD56dim NK,CD56dim NK,pca_logreg_same_split
GCGACCACACGAAGCA_JIA_Total_4,CD56bright NK,CD56bright NK,pca_logreg_same_split
TTGAACGGTACAGTGG_JIA_Total_2,C2,C2,pca_logreg_same_split
AGAGCTTTCGCTAGCG_JIA_CD7_4,CD56dim NK,CD56dim NK,pca_logreg_same_split
GGAATAATCTCGGACG_JIA_CD7_2,Naïve-like ILC,ILC3,pca_logreg_same_split
GGCAATTTCATCACCC_JIA_CD7_3,Cycling NK,Cycling NK,pca_logreg_same_split
TTTCCTCCATCGATTG_JIA_Total_26,C1,C1,pca_logreg_same_split
AGCCTAAAGAACAACT_JIA_CD7_5,C1,C1,pca_logreg_same_split
GTCTTCGTCCTGCCAT_JIA_Total_1,CD56dim NK,CD56dim NK,pca_logreg_same_split
CGTCCATAGCCACTAT_JIA_CD7_5,Cycling NK,C2,pca_logreg_same_split
CACAGTAAGCCAGGAT_JIA_CD7_5,C2,C2,pca_logreg_same_split
GACGTGCAGACATAAC_JIA_CD7_1,CD56dim NK,CD56dim NK,pca_logreg_same_split
GGAGCAATCCACGTGG_JIA_CD7_2,CD56dim NK,CD56dim NK,pca_logreg_same_split
AGAGTGGCAGTGGAGT_JIA_CD7_4,C1,C1,pca_logreg_same_split
CTCGGGAGTGTGGTTT_JIA_CD7_4,C1,C1,pca_logreg_same_split
CAGCCAGTCAAAGGAT_JIA_DC_1,C1,C1,pca_logreg_same_split
ACGTCAAAGTGGAGAA_JIA_Total_20,Cycling NK,Cycling NK,pca_logreg_same_split
ATAGACCGTCTCGTTC_JIA_CD7_5,C2,C2,pca_logreg_same_split
CTCAGAATCGAGAGCA_JIA_CD7_2,Cycling NK,Cycling NK,pca_logreg_same_split
TGGCCAGGTGATGATA_JIA_Total_17,Cycling NK,Cycling NK,pca_logreg_same_split
TACTTGTCACGCTTTC_JIA_CD7_4,C2,C2,pca_logreg_same_split
ATTGGTGAGTGGTCCC_JIA_CD7_3,Cycling NK,Cycling NK,pca_logreg_same_split
TCACGAAAGTAGGTGC_JIA_CD7_4,C3,C3,pca_logreg_same_split
CTCGTACCACGAAACG_JIA_CD7_5,C2,C2,pca_logreg_same_split
AACTGGTGTACATCCA_JIA_CD7_1,C1,C1,pca_logreg_same_split
CAGAGAGTCATTGCGA_JIA_CD7_2,CD56dim NK,CD56dim NK,pca_logreg_same_split
AACCGCGCACAAGACG_JIA_Total_10,CD56dim NK,CD56dim NK,pca_logreg_same_split
TGATTTCCATTGCGGC_JIA_Total_25,ILC2,ILC2,pca_logreg_same_split
CAGTCCTTCAGAGCTT_JIA_CD7_4,CD56dim NK,CD56dim NK,pca_logreg_same_split
TTTGCGCAGTCCCACG_JIA_CD7_4,Cycling NK,Cycling NK,pca_logreg_same_split
ATAAGAGTCTTAACCT_JIA_CD7_1,Cycling NK,Cycling NK,pca_logreg_same_split
TCTCATAAGTATCGAA_JIA_CD7_5,C1,Cycling NK,pca_logreg_same_split
TGTGGTAGTTCCAACA_JIA_CD7_4,C3,C3,pca_logreg_same_split
ATCTGCCCACCAACCG_JIA_CD7_5,CD56bright NK,CD56bright NK,pca_logreg_same_split
CAAGTTGCAGCTCGCA_JIA_CD7_5,CD56dim NK,CD56dim NK,pca_logreg_same_split
CGATCGGAGTCAAGGC_JIA_CD7_4,C2,C2,pca_logreg_same_split
AGGTCATAGAGCCCAA_JIA_CD7_1,C3,C3,pca_logreg_same_split
GTTCATTAGAGTCTGG_JIA_Total_14,C2,C2,pca_logreg_same_split
TGCGTGGGTGAGTGAC_JIA_CD7_5,C3,C3,pca_logreg_same_split
AACTCTTGTGACAAAT_JIA_CD7_2,CD56dim NK,CD56dim NK,pca_logreg_same_split
CCGTGGAGTAAATGAC_JIA_CD7_5,CD56dim NK,CD56dim NK,pca_logreg_same_split
TAAGAGAGTTACTGAC_JIA_CD7_4,C3,C3,pca_logreg_same_split
CCACCTAAGACGACGT_JIA_CD7_2,Naïve-like ILC,Naïve-like ILC,pca_logreg_same_split
GTGGGTCAGATGGCGT_JIA_CD7_2,CD56bright NK,CD56bright NK,pca_logreg_same_split
AGGTCCGGTCTCTCGT_JIA_CD7_5,C2,C2,pca_logreg_same_split
CTAACTTTCATACGGT_JIA_CD7_4,CD56bright NK,CD56bright NK,pca_logreg_same_split
TTCTTAGGTGTAACGG_JIA_CD7_5,CD56bright NK,CD56bright NK,pca_logreg_same_split
CCAATCCTCAACCATG_JIA_Total_1,CD56dim NK,CD56dim NK,pca_logreg_same_split
CTTAGGATCAAACCAC_JIA_Total_20,C2,C2,pca_logreg_same_split
GTCACGGTCGGAATCT_JIA_CD7_3,C2,C2,pca_logreg_same_split
GCCAGGTTCTCCAATT_JIA_DC_1,C2,C2,pca_logreg_same_split
CACACCTCATTACCTT_JIA_Total_1,CD56bright NK,CD56bright NK,pca_logreg_same_split
GACGGCTAGAAGCCCA_JIA_CD7_3,CD56bright NK,CD56bright NK,pca_logreg_same_split
TAAGTGCGTTCAGGCC_JIA_CD7_5,C1,C1,pca_logreg_same_split
GGCAATTCACGGCGTT_JIA_Total_2,C1,C1,pca_logreg_same_split
TACCTTAAGATACACA_JIA_CD7_2,C2,C2,pca_logreg_same_split
ACATACGCAAAGCGGT_JIA_CD7_5,C2,C2,pca_logreg_same_split
CCTTACGCAGGGCATA_JIA_CD7_5,Cycling NK,Cycling NK,pca_logreg_same_split
AAACGGGTCTTAACCT_JIA_CD7_5,Cycling NK,Cycling NK,pca_logreg_same_split
CAGCATATCCGTTGTC_JIA_CD7_4,Naïve-like ILC,Naïve-like ILC,pca_logreg_same_split
CCGGGATTCGCCTGTT_JIA_CD7_5,Cycling NK,Cycling NK,pca_logreg_same_split
CGTTCTGAGAAGGGTA_JIA_Total_17,Cycling NK,Cycling NK,pca_logreg_same_split
CTACCCACAGCTGTGC_JIA_Total_19,CD56dim NK,CD56dim NK,pca_logreg_same_split
AGCATACCAACACCCG_JIA_CD7_5,C1,C3,pca_logreg_same_split
GAATAAGAGTTAAGTG_JIA_CD7_4,Cycling NK,Cycling NK,pca_logreg_same_split
GATCTAGGTAGTACCT_JIA_CD7_5,Cycling NK,Cycling NK,pca_logreg_same_split
ACGAGCCCAGCCTTGG_JIA_CD7_2,ILC3,ILC3,pca_logreg_same_split
CGTAGCGGTCACCCAG_JIA_CD7_1,C2,C2,pca_logreg_same_split
GCCAAATTCAGTTTGG_JIA_Total_1,Cycling NK,Cycling NK,pca_logreg_same_split
AAGCCGCTCTCTTGAT_JIA_CD7_1,ILC3,C2,pca_logreg_same_split
TGACGGCGTAATCGTC_JIA_CD7_2,CD56bright NK,CD56bright NK,pca_logreg_same_split
ACTGATGGTACATGTC_JIA_CD7_5,CD56bright NK,CD56bright NK,pca_logreg_same_split
CTTCTCTCACACTGCG_JIA_CD7_4,Naïve-like ILC,Naïve-like ILC,pca_logreg_same_split
GAGTCCGGTCGGGTCT_JIA_CD7_5,CD56bright NK,CD56bright NK,pca_logreg_same_split
CTCTAATAGCTAGCCC_JIA_CD7_5,C1,C1,pca_logreg_same_split
GATGAAACACGAAGCA_JIA_CD7_3,CD56dim NK,CD56dim NK,pca_logreg_same_split
GCTGCGAGTTGCGCAC_JIA_CD7_4,C2,C2,pca_logreg_same_split
GGTCACGGTGTTAGCT_JIA_DC_1,CD56bright NK,CD56bright NK,pca_logreg_same_split
TGCCCATGTCGAAAGC_JIA_CD7_2,ILC2,ILC2,pca_logreg_same_split
GCTCCTACAGGATTGG_JIA_CD7_5,C2,C2,pca_logreg_same_split
