cell_id,true_label,pred_label,model
TTGGAACAGATGTGGC_JIA_CD7_5,CD56dim NK,CD56dim NK,scgpt
GTCCTCACAGCGTCCA_JIA_CD7_3,Cycling NK,Cycling NK,scgpt
TTGCCGTTCATGTAGC_JIA_Total_17,C1,Naïve-like ILC,scgpt
TGAGCATGTACCTACA_JIA_CD7_2,CD56dim NK,CD56dim NK,scgpt
GGATGTTGTAAATGTG_JIA_CD7_5,Cycling NK,Cycling NK,scgpt
CAACCTCGTTGAACTC_JIA_CD7_2,CD56dim NK,CD56dim NK,scgpt
AAGTCTGGTTCTGAAC_JIA_CD7_5,Naïve-like ILC,Naïve-like ILC,scgpt
ATCTACTTCGCTGATA_JIA_Total_20,C2,C3,scgpt
AGCAGCCAGCGCTCCA_JIA_CD7_2,C3,C3,scgpt
GTATCTTTCTCGGACG_JIA_CD7_1,CD56dim NK,CD56dim NK,scgpt
TTTGTCAGTCGGCATC_JIA_CD7_5,C1,C2,scgpt
TGTGTTTTCGCTGATA_JIA_Total_25,CD56dim NK,CD56dim NK,scgpt
CGTCCATCAATCTACG_JIA_CD7_5,Cycling NK,Cycling NK,scgpt
CAGTAACCACGAAACG_JIA_CD7_3,CD56dim NK,CD56dim NK,scgpt
AGGGATGAGGACAGAA_JIA_CD7_3,C1,C1,scgpt
AGCTTGATCAGTACGT_JIA_CD7_1,CD56dim NK,CD56dim NK,scgpt
GACTAACCACTACAGT_JIA_CD7_5,CD56bright NK,CD56bright NK,scgpt
TACTCATTCGTACGGC_JIA_CD7_3,C1,CD56bright NK,scgpt
TCATGTTAGTCACTAC_JIA_DC_1,C2,C1,scgpt
AGGGTGACAGTCACTA_JIA_CD7_5,Cycling NK,Cycling NK,scgpt
CATCGAACACTCTGTC_JIA_CD7_4,CD56dim NK,CD56dim NK,scgpt
TACAGTGCAAACTGCT_JIA_Total_2,C1,Naïve-like ILC,scgpt
GTTCTCGCACCTCGGA_JIA_CD7_5,Cycling NK,Cycling NK,scgpt
CTACCCATCTGCAAGT_JIA_CD7_5,Cycling NK,Cycling NK,scgpt
CGTGTAAGTAAGTTCC_JIA_CD7_3,Naïve-like ILC,C1,scgpt
TGCCAAATCACCGTAA_JIA_Total_17,C2,C2,scgpt
TGCGCAGTCGGTGTCG_JIA_CD7_4,CD56dim NK,CD56dim NK,scgpt
GGCTCGAAGAGGTTAT_JIA_CD7_2,CD56bright NK,CD56bright NK,scgpt
ACGGAGACACGGCTAC_JIA_CD7_2,C1,CD56bright NK,scgpt
CGGCTAGAGGTAGCTG_JIA_CD7_5,C2,C3,scgpt
ACAGCTAGTCTTGCGG_JIA_CD7_5,Naïve-like ILC,Naïve-like ILC,scgpt
CTGCGAGTCCTCACTG_JIA_DC_2,C3,C1,scgpt
AGGGATGAGCGATCCC_JIA_CD7_1,C2,Cycling NK,scgpt
CCTTCGAGTTATCCGA_JIA_CD7_3,C1,C1,scgpt
GTTACAGAGGGTCTCC_JIA_CD7_5,C2,C2,scgpt
ATAACGCGTACGCACC_JIA_CD7_5,C3,C3,scgpt
TTCTCAATCTCTGCTG_JIA_Total_19,CD56dim NK,CD56dim NK,scgpt
CTGGTCTGTCGCGTGT_JIA_CD7_5,ILC2,ILC2,scgpt
GCTGCGATCACAGTAC_JIA_Total_20,Cycling NK,Cycling NK,scgpt
TCTATTGTCACAACGT_JIA_CD7_4,CD56bright NK,CD56bright NK,scgpt
GAGCAGATCACGGTTA_JIA_Total_1,CD56dim NK,CD56dim NK,scgpt
TCTGGAATCCGTAGTA_JIA_CD7_2,ILC2,ILC2,scgpt
GGAGCAAAGGGTGTTG_JIA_CD7_5,CD56dim NK,CD56dim NK,scgpt
TGATTTCAGTGACATA_JIA_CD7_1,CD56dim NK,CD56dim NK,scgpt
CTAATGGCAATAGCAA_JIA_CD7_3,C3,C3,scgpt
TCAACGATCCCATTTA_JIA_CD7_2,C1,CD56bright NK,scgpt
TCTGGAACACAGACAG_JIA_CD7_5,C1,C1,scgpt
AGCGGTCCAATGGTCT_JIA_Total_7,Cycling NK,CD56bright NK,scgpt
ACATTTCCACAGCATT_JIA_DC_1,C1,C1,scgpt
CGGAGTCTCTCGCATC_JIA_CD7_2,C2,Cycling NK,scgpt
ACGGGCTTCAGTTGAC_JIA_Total_1,CD56bright NK,CD56bright NK,scgpt
CGCTATCCATAACCTG_JIA_CD7_3,CD56dim NK,CD56dim NK,scgpt
GCAGCCAGTCCGAACC_JIA_CD7_4,C2,C2,scgpt
GAGTCCGAGCGCTCCA_JIA_CD7_5,Cycling NK,Cycling NK,scgpt
CGAGCCAAGTGGTCCC_JIA_CD7_2,C1,C1,scgpt
CGCGTTTTCGTCTGCT_JIA_CD7_5,C3,C3,scgpt
CGCTTCATCTCATTCA_JIA_CD7_4,C2,C2,scgpt
AGGGATGGTCCAAGTT_JIA_Total_7,CD56dim NK,CD56dim NK,scgpt
GGTGAAGGTTATCACG_JIA_Total_5,C1,CD56bright NK,scgpt
GAACGGAAGGTAGCTG_JIA_CD7_1,CD56dim NK,CD56bright NK,scgpt
ACATCAGAGCGATGAC_JIA_CD7_1,C2,C2,scgpt
CTCTACGCAAGGACTG_JIA_CD7_3,ILC2,ILC2,scgpt
CAAGTTGAGCACGCCT_JIA_CD7_3,C2,C2,scgpt
CCACTACTCAGAAATG_JIA_CD7_4,C1,C2,scgpt
AGGCCACTCTACGAGT_JIA_Total_1,CD56dim NK,CD56dim NK,scgpt
CGTAGGCGTTTGGCGC_JIA_Total_13,CD56dim NK,CD56dim NK,scgpt
TCAGCAAAGCGTAATA_JIA_CD7_4,CD56dim NK,CD56bright NK,scgpt
AACTTTCAGCCACCTG_JIA_Total_17,C3,CD56bright NK,scgpt
CTCTGGTTCATACGGT_JIA_CD7_5,ILC2,ILC2,scgpt
CATGACAAGACAAGCC_JIA_CD7_5,C2,C2,scgpt
GTAACGTAGCGATGAC_JIA_CD7_4,C1,C2,scgpt
CCGGGTAAGTTCGCAT_JIA_DC_1,C2,C1,scgpt
GTTCTCGGTCTAGTGT_JIA_CD7_5,Cycling NK,Cycling NK,scgpt
CCTTTCTCAAATCCGT_JIA_CD7_4,CD56bright NK,CD56bright NK,scgpt
GAGCAGAGTTCAGTAC_JIA_CD7_5,C2,C2,scgpt
CTACGTCCAATCTGCA_JIA_Total_24,Cycling NK,Cycling NK,scgpt
CGAATGTCAAGCGTAG_JIA_Total_10,CD56dim NK,CD56dim NK,scgpt
ATTCTACGTTGGGACA_JIA_CD7_5,C2,C2,scgpt
TCTCACGGTCCGGTCA_JIA_DC_3,C1,C2,scgpt
CGGACGTTCTCTAAGG_JIA_Total_17,CD56bright NK,CD56bright NK,scgpt
CGAACATGTGTGTGCC_JIA_CD7_4,C1,C2,scgpt
TTTGTCAGTCCAGTGC_JIA_Total_16,CD56dim NK,CD56dim NK,scgpt
CGGAGTCTCGGTCCGA_JIA_CD7_1,C2,C1,scgpt
GGACATTAGATCGATA_JIA_CD7_2,Cycling NK,Cycling NK,scgpt
AGGAGGTTCCCTTCCC_JIA_CD45_2,C2,C3,scgpt
CCACCTACAGATCCAT_JIA_CD7_4,CD56bright NK,CD56bright NK,scgpt
GCTGCAGGTTTGCATG_JIA_CD7_2,CD56dim NK,CD56dim NK,scgpt
GACTAACCATTTGCCC_JIA_CD7_3,CD56dim NK,CD56dim NK,scgpt
TGCCCATTCACCATAG_JIA_CD7_3,Cycling NK,Cycling NK,scgpt
CGGGTCATCAGCATGT_JIA_CD7_5,CD56dim NK,CD56dim NK,scgpt
CTACCCAGTCCAGTTA_JIA_Total_25,CD56dim NK,CD56dim NK,scgpt
CACCAGGGTCTCCCTA_JIA_Total_1,CD56bright NK,CD56bright NK,scgpt
GACAGAGCACAAGACG_JIA_CD7_3,C2,C2,scgpt
ATTCTACTCACCATAG_JIA_Total_14,C1,C1,scgpt
ACAGCTAGTGATAAAC_JIA_CD7_3,C3,C3,scgpt
AGGTCATGTTACCAGT_JIA_CD7_5,C2,C3,scgpt
CTGATAGAGCAACGGT_JIA_Total_2,C1,C1,scgpt
CTTGGCTGTGGTCCGT_JIA_Total_1,Cycling NK,Cycling NK,scgpt
AAGTCGTGTGCTGATT_JIA_DC_1,C2,C2,scgpt
CATATTCAGTTAGCGG_JIA_CD7_5,Cycling NK,Cycling NK,scgpt
TTCTCCTCATCACGTA_JIA_Total_26,Naïve-like ILC,Naïve-like ILC,scgpt
GTTTCTAGTAGCGTAG_JIA_CD7_5,C2,C3,scgpt
GGCGACTTCCTTTCTC_JIA_Total_20,C3,C3,scgpt
CCGTGGACATGTAAGA_JIA_CD7_5,CD56dim NK,CD56dim NK,scgpt
CTACATTTCACCACCT_JIA_CD7_5,ILC3,ILC3,scgpt
TGCGTGGGTAAGGGAA_JIA_CD7_5,C1,C1,scgpt
GTGAAGGCATAGTAAG_JIA_CD7_2,Cycling NK,Cycling NK,scgpt
TGGACGCAGTTTAGGA_JIA_CD7_4,C1,Naïve-like ILC,scgpt
CATTATCGTGTAACGG_JIA_CD7_5,CD56bright NK,CD56bright NK,scgpt
GACCCTTGTGCGCTCA_JIA_DC_1,C1,C1,scgpt
AGGGTGAGTCTAGAGG_JIA_Total_20,C1,C2,scgpt
AAGGCAGCAAGAGGCT_JIA_CD7_5,Cycling NK,Cycling NK,scgpt
TACTCGCCATACAGCT_JIA_CD7_5,C2,C2,scgpt
CGAGCCAAGAATTGTG_JIA_CD7_2,CD56bright NK,CD56bright NK,scgpt
CTCGGAGTCCGCATCT_JIA_CD7_2,CD56bright NK,CD56bright NK,scgpt
GGACGTCCACATTTCT_JIA_Total_1,CD56dim NK,CD56dim NK,scgpt
CCGGGATGTACCGGCT_JIA_CD7_3,C2,C1,scgpt
GACGGCTAGAGCTGCA_JIA_CD7_2,CD56dim NK,CD56dim NK,scgpt
AACTCAGTCCACGTGG_JIA_CD7_4,C1,Naïve-like ILC,scgpt
TAAGAGAAGCTAGCCC_JIA_Total_1,CD56dim NK,CD56dim NK,scgpt
CCTATTATCAGAGCTT_JIA_CD7_4,C3,C3,scgpt
CATTCGCCACTAAGTC_JIA_CD7_2,CD56bright NK,CD56bright NK,scgpt
TACCTTATCGCTGATA_JIA_CD7_1,Cycling NK,Cycling NK,scgpt
TAGAGCTGTAAGAGAG_JIA_CD7_4,C2,C2,scgpt
GCTGCTTGTTTCCACC_JIA_CD7_1,C2,C2,scgpt
AAAGCAACAATAACGA_JIA_CD7_2,CD56bright NK,CD56bright NK,scgpt
AAGCCGCCACAAGTAA_JIA_CD7_5,C1,C2,scgpt
GATGAGGAGACCTAGG_JIA_CD7_5,Cycling NK,Cycling NK,scgpt
TCGGTAATCTAGCACA_JIA_Total_24,Cycling NK,Cycling NK,scgpt
TGCTACCAGCGTCTAT_JIA_CD7_5,C3,C2,scgpt
ACTGTCCTCATCGATG_JIA_Total_20,C3,C3,scgpt
GCATGTAGTTGCCTCT_JIA_CD7_5,ILC2,ILC2,scgpt
GTGTTAGCAGTGGAGT_JIA_Total_5,C1,C1,scgpt
AGCATACTCATATCGG_JIA_CD7_4,ILC2,ILC2,scgpt
CATGACATCAATACCG_JIA_CD7_4,C1,C1,scgpt
TGCGTGGGTCTAGCCG_JIA_CD7_1,Cycling NK,Cycling NK,scgpt
GTGGTTAGTATCGCTA_JIA_DC_3,Cycling NK,Cycling NK,scgpt
ATTATCCTCAACGGGA_JIA_CD7_3,C2,C2,scgpt
CAAGATCCAGGAACGT_JIA_CD7_5,CD56bright NK,CD56bright NK,scgpt
AGCTCTCCAGTATAAG_JIA_Total_2,Cycling NK,Cycling NK,scgpt
CGGACACCATTTCACT_JIA_CD7_1,Cycling NK,Cycling NK,scgpt
CAAGGCCCACTCGACG_JIA_CD7_2,C1,CD56bright NK,scgpt
TACGGATTCCGTCAAA_JIA_CD7_5,Cycling NK,Cycling NK,scgpt
CGTTGGGAGGAGTAGA_JIA_CD7_4,C2,C2,scgpt
GGAAAGCAGGCCGAAT_JIA_Total_1,CD56dim NK,CD56dim NK,scgpt
TCTTCGGTCCCATTTA_JIA_CD7_5,CD56dim NK,CD56dim NK,scgpt
GGCGTGTGTATAGGTA_JIA_Total_20,C2,C2,scgpt
GGTGTTACAGACAAGC_JIA_CD7_4,Cycling NK,C2,scgpt
GTTTCTACATGACATC_JIA_CD7_3,ILC2,ILC2,scgpt
GCAGCCAGTCCGTCAG_JIA_CD7_2,CD56bright NK,CD56bright NK,scgpt
ACAGCTATCATGCAAC_JIA_CD7_5,Cycling NK,Cycling NK,scgpt
GTCCTCACACATCCGG_JIA_CD7_3,C1,C1,scgpt
TATTACCCATGTCGAT_JIA_CD7_2,CD56dim NK,CD56dim NK,scgpt
AAGACAAGTGAATGTA_JIA_DC_2,C1,CD56bright NK,scgpt
TTACCGCAGCTTCTAG_JIA_CD45_1,ILC2,ILC2,scgpt
CGCGTTTGTCTAGAGG_JIA_CD7_1,CD56dim NK,CD56dim NK,scgpt
CAGCCGAAGAGGTTAT_JIA_CD7_5,C1,C2,scgpt
ACGCCGAAGCTCAACT_JIA_CD7_4,C3,C3,scgpt
CTACGTCAGGGCTTCC_JIA_CD7_4,C1,CD56bright NK,scgpt
CACCTTGAGCCCAACC_JIA_Total_1,Cycling NK,Cycling NK,scgpt
GTGCGGTGTATAGGTA_JIA_CD7_5,ILC3,ILC3,scgpt
CATGCCTGTAGCGTAG_JIA_CD7_5,CD56bright NK,CD56bright NK,scgpt
ACTATCTGTTAAGTAG_JIA_Total_17,ILC2,ILC2,scgpt
GAAGCAGTCACCTTAT_JIA_CD7_4,Naïve-like ILC,Naïve-like ILC,scgpt
ACGAGGAGTTTGCATG_JIA_Total_17,C1,CD56bright NK,scgpt
AATCCAGCATCTCCCA_JIA_CD7_3,CD56dim NK,CD56dim NK,scgpt
TAGTGGTGTGTGGCTC_JIA_Total_19,CD56bright NK,CD56bright NK,scgpt
TCACGAAGTCCGTGAC_JIA_CD7_1,C2,C2,scgpt
TCGTAGATCGTGGTCG_JIA_CD7_4,C2,CD56bright NK,scgpt
AGGGTGATCAAGGCTT_JIA_Total_23,ILC2,ILC2,scgpt
ATCATGGAGCCACCTG_JIA_CD7_4,C2,CD56bright NK,scgpt
GAGCCTGTCAGGAAAT_JIA_DC_2,C1,C1,scgpt
CTCGTACGTAAGTAGT_JIA_CD7_5,C2,C3,scgpt
TTGACTTTCATTTGGG_JIA_Total_24,C2,C2,scgpt
AGGGAGTCAACACCTA_JIA_CD7_5,C2,C2,scgpt
GACGTGCGTCTGGAGA_JIA_CD7_1,C1,C1,scgpt
CTGTTTAGTGGCGAAT_JIA_Total_23,CD56bright NK,CD56bright NK,scgpt
TGACTTTAGAGACGAA_JIA_CD7_5,Cycling NK,Cycling NK,scgpt
CATGGCGCAGCCTTGG_JIA_Total_23,CD56dim NK,CD56dim NK,scgpt
GGAATAAGTCACACGC_JIA_CD7_3,CD56bright NK,C1,scgpt
GACTACAAGATCGATA_JIA_CD7_3,C3,C2,scgpt
GAACATCCACTGCCAG_JIA_Total_20,C3,C3,scgpt
GGTGAAGGTCTACCTC_JIA_Total_26,C1,CD56bright NK,scgpt
TGAGCATTCAAGATCC_JIA_Total_10,CD56dim NK,CD56dim NK,scgpt
ACCAGTAAGAGCTATA_JIA_Total_14,C2,C2,scgpt
GGGCATCAGAGACTTA_JIA_Total_24,C3,C2,scgpt
ACCAGTAAGTGGGCTA_JIA_CD7_4,Cycling NK,Cycling NK,scgpt
AGATTGCTCAGTTAGC_JIA_CD7_5,Cycling NK,Cycling NK,scgpt
TATCAGGAGCTGAAAT_JIA_Total_10,Cycling NK,CD56dim NK,scgpt
AAAGTAGTCCAGGGCT_JIA_CD7_3,C1,C1,scgpt
ACTGCTCAGTGCTGCC_JIA_CD7_2,CD56bright NK,CD56dim NK,scgpt
ATGGGAGCAGACAAGC_JIA_CD7_5,C3,C3,scgpt
CGGCTAGTCACCAGGC_JIA_Total_14,C1,CD56bright NK,scgpt
CCTCAGTAGTCAAGGC_JIA_CD7_4,C2,C2,scgpt
GAACGGACAGGTCTCG_JIA_CD7_3,CD56dim NK,CD56dim NK,scgpt
GCACTCTCAGTGACAG_JIA_CD7_4,CD56dim NK,CD56dim NK,scgpt
ACTGATGCAAGTAGTA_JIA_CD7_5,C1,C1,scgpt
CTGCTGTAGACAGACC_JIA_CD7_1,C2,C2,scgpt
GTGTTAGCAGGAACGT_JIA_CD7_5,CD56bright NK,CD56bright NK,scgpt
GCTGCTTGTTGATTGC_JIA_Total_17,Naïve-like ILC,Naïve-like ILC,scgpt
CTGTGCTGTTAAGTAG_JIA_CD7_5,C2,C3,scgpt
CCACCTAAGGGTGTGT_JIA_CD7_5,C2,C2,scgpt
AGAGCGAAGGGTCGAT_JIA_CD7_4,Cycling NK,CD56bright NK,scgpt
GACGTGCAGTGCCAGA_JIA_CD7_4,C2,C2,scgpt
CTCGGGAAGGGTATCG_JIA_CD7_5,C2,C2,scgpt
TTAGTTCGTAGGGTAC_JIA_CD7_5,CD56dim NK,CD56dim NK,scgpt
AGAGCTTTCATCGCTC_JIA_CD7_3,CD56dim NK,CD56dim NK,scgpt
TCGGGACAGGGAACGG_JIA_CD7_2,Cycling NK,CD56dim NK,scgpt
CATTATCTCACCGGGT_JIA_CD7_5,C2,C2,scgpt
CTGCCTACATTCCTGC_JIA_CD7_5,CD56bright NK,CD56bright NK,scgpt
CAGCATAGTCATGCCG_JIA_CD7_3,CD56dim NK,CD56dim NK,scgpt
TAAGAGAGTCCAGTGC_JIA_Total_25,Cycling NK,Cycling NK,scgpt
TCAATCTCACATGACT_JIA_CD7_3,CD56dim NK,CD56dim NK,scgpt
CCTAGCTTCTGCCAGG_JIA_CD7_2,CD56bright NK,CD56bright NK,scgpt
ACATACGGTAACGTTC_JIA_CD7_4,C2,C2,scgpt
GCAAACTTCGCCAGCA_JIA_CD7_4,C2,C2,scgpt
CTCTGGTAGGGTTTCT_JIA_CD7_4,C2,C3,scgpt
GCTCCTAAGACAAAGG_JIA_CD7_1,C2,C2,scgpt
ATTTCTGGTTGCGCAC_JIA_Total_26,C1,CD56bright NK,scgpt
CACAGGCGTGCTAGCC_JIA_CD7_5,C3,C2,scgpt
CGGACTGCAGTCACTA_JIA_CD7_4,CD56bright NK,C3,scgpt
ATCTACTAGTCCATAC_JIA_CD7_4,C1,C1,scgpt
ATAGACCGTCTCCCTA_JIA_CD7_2,CD56dim NK,CD56dim NK,scgpt
GCTTGAAGTCCAGTGC_JIA_CD7_5,CD56dim NK,CD56dim NK,scgpt
TTAGGACAGGGTCGAT_JIA_CD7_4,C1,C2,scgpt
TGGCTGGTCATTGCGA_JIA_CD7_3,C1,C1,scgpt
CGCCAAGCAGCCAATT_JIA_Total_25,CD56dim NK,CD56dim NK,scgpt
GGGCATCGTTTGGGCC_JIA_CD7_3,CD56bright NK,CD56bright NK,scgpt
CCGGTAGCAAGCGAGT_JIA_CD7_3,CD56dim NK,CD56dim NK,scgpt
CATGGCGGTTCGGGCT_JIA_Total_1,CD56bright NK,ILC2,scgpt
GACGGCTTCCTCAACC_JIA_CD7_3,C1,C1,scgpt
TGGTTAGGTCGGATCC_JIA_CD7_3,ILC2,ILC2,scgpt
ATCTACTCACCCATTC_JIA_CD7_3,Naïve-like ILC,Naïve-like ILC,scgpt
CCACTACCAACTGCGC_JIA_Total_7,CD56bright NK,CD56bright NK,scgpt
TGTGTTTAGGCATTGG_JIA_Total_17,Cycling NK,C3,scgpt
CGGGTCATCCTCAATT_JIA_Total_1,CD56dim NK,CD56dim NK,scgpt
CATCCACAGCTAACAA_JIA_Total_23,CD56bright NK,CD56bright NK,scgpt
ACTGATGTCCAAACAC_JIA_Total_10,CD56dim NK,CD56dim NK,scgpt
AGAATAGAGTAATCCC_JIA_Total_25,Cycling NK,CD56dim NK,scgpt
TGACTAGAGAAACGCC_JIA_Total_4,CD56bright NK,CD56bright NK,scgpt
CATGGCGTCGGCTTGG_JIA_Total_24,C1,C1,scgpt
ATCTGCCCACTTCGAA_JIA_CD7_5,Cycling NK,Cycling NK,scgpt
GACGTGCTCTTCATGT_JIA_CD7_2,CD56dim NK,CD56dim NK,scgpt
AGTGGGACACCCTATC_JIA_Total_17,C1,C1,scgpt
GATCGATTCTTGTACT_JIA_CD7_3,CD56dim NK,CD56dim NK,scgpt
GCATGATGTGCATCTA_JIA_CD7_5,C2,C2,scgpt
AACTGGTCAGGGTATG_JIA_CD7_4,CD56bright NK,C1,scgpt
CCACGGAGTACGCACC_JIA_CD7_5,C1,C2,scgpt
TTTGTCATCATTGCGA_JIA_CD7_5,Cycling NK,Cycling NK,scgpt
ACGAGGACAGCTTCGG_JIA_CD7_2,Naïve-like ILC,ILC2,scgpt
CATCGGGAGCTCCTTC_JIA_Total_17,C1,CD56bright NK,scgpt
TTGACTTAGCCATCGC_JIA_CD7_5,C2,C2,scgpt
CAGCCGACAAGGTGTG_JIA_CD7_5,C2,C2,scgpt
TCACGAAGTTGTGGAG_JIA_CD7_5,Naïve-like ILC,Naïve-like ILC,scgpt
ACTATCTTCACGAAGG_JIA_CD7_5,C2,C3,scgpt
GGCTCGAAGGAGTTTA_JIA_CD7_1,C2,C2,scgpt
GGACAGAAGCTCCCAG_JIA_Total_24,ILC2,ILC3,scgpt
TTGAACGGTGGTCCGT_JIA_CD7_1,CD56dim NK,CD56dim NK,scgpt
CGTGTCTTCCTGTACC_JIA_CD7_5,Naïve-like ILC,Naïve-like ILC,scgpt
TTCTACATCAACGGCC_JIA_CD7_5,C2,C2,scgpt
GTAGGCCCAGACACTT_JIA_CD7_4,CD56bright NK,CD56bright NK,scgpt
TTTGCGCAGGATCGCA_JIA_CD7_5,ILC3,ILC3,scgpt
GGACATTTCGGCGGTT_JIA_Total_1,CD56bright NK,CD56bright NK,scgpt
AACACGTCAGTGGGAT_JIA_Total_20,C3,C3,scgpt
CACACAAGTTCATGGT_JIA_CD7_5,Cycling NK,Cycling NK,scgpt
CGCCAAGAGCAGGTCA_JIA_Total_16,CD56dim NK,CD56dim NK,scgpt
TGCACCTAGGAGTCTG_JIA_Total_1,CD56bright NK,CD56bright NK,scgpt
GTACTTTTCAGCTCGG_JIA_Total_5,C1,CD56bright NK,scgpt
CTGCCTAAGAAACCAT_JIA_Total_1,CD56dim NK,CD56dim NK,scgpt
ATGGGAGAGCTCCTCT_JIA_CD7_4,CD56dim NK,CD56dim NK,scgpt
TACAGTGGTTATCACG_JIA_Total_20,C1,C2,scgpt
TACGGATCATACTACG_JIA_CD7_5,Cycling NK,Cycling NK,scgpt
CTAGTGACATGTAGTC_JIA_CD7_5,C2,C2,scgpt
CTAGTGATCCGTACAA_JIA_CD7_2,CD56bright NK,CD56bright NK,scgpt
TGACAACGTTATTCTC_JIA_CD7_5,CD56bright NK,CD56bright NK,scgpt
AACTTTCAGTTCGATC_JIA_CD7_5,CD56dim NK,CD56dim NK,scgpt
CTGTGCTCAATGACCT_JIA_Total_13,CD56bright NK,CD56bright NK,scgpt
GTACGTATCTTAGCCC_JIA_CD7_5,Cycling NK,Cycling NK,scgpt
GATCAGTTCCCAAGAT_JIA_CD7_1,ILC2,ILC2,scgpt
TACGGTAAGGGAAACA_JIA_CD7_1,C3,CD56dim NK,scgpt
GCATGCGGTCTCTTTA_JIA_CD7_4,C2,C2,scgpt
TTGACTTGTCCGAGTC_JIA_CD7_4,C1,C1,scgpt
TTAGTTCCACACTGCG_JIA_CD7_5,CD56dim NK,CD56dim NK,scgpt
GCGAGAAAGTACCGGA_JIA_CD7_1,Cycling NK,Cycling NK,scgpt
AGCTTGATCCGCATAA_JIA_Total_10,CD56bright NK,CD56bright NK,scgpt
AACTTTCAGCGTTTAC_JIA_Total_19,CD56dim NK,CD56dim NK,scgpt
ATGCCTCCATACCGTA_JIA_DC_1,C1,C1,scgpt
TTTCCTCTCCGAATGT_JIA_CD7_4,Cycling NK,Cycling NK,scgpt
AAGGTTCCAAGCGCTC_JIA_CD7_3,CD56bright NK,CD56bright NK,scgpt
AGGGTGACAGCCTATA_JIA_CD7_4,C2,C2,scgpt
ATGCGATTCAGGCCCA_JIA_CD7_4,C3,C3,scgpt
CATGGCGCAGTACACT_JIA_Total_1,CD56bright NK,CD56bright NK,scgpt
TGAAAGATCTAACTGG_JIA_Total_25,CD56dim NK,CD56bright NK,scgpt
TTAACTCCAATTCCTT_JIA_Total_2,Cycling NK,ILC2,scgpt
AACGTTGGTTCGGCAC_JIA_CD7_3,C1,C1,scgpt
TTCTCCTTCAACACTG_JIA_Total_4,Cycling NK,Cycling NK,scgpt
ACGAGGATCACCGTAA_JIA_CD7_4,C1,CD56bright NK,scgpt
GTGCTTCAGATCTGAA_JIA_CD7_2,ILC2,ILC2,scgpt
AACTCAGTCTTACCTA_JIA_CD7_2,CD56bright NK,CD56bright NK,scgpt
ATGAGGGCACACGCTG_JIA_CD7_2,C1,CD56dim NK,scgpt
GATCGATCAAACTGCT_JIA_CD7_1,Cycling NK,Cycling NK,scgpt
TTCTAGTAGGCAGGGA_JIA_DC_1,C2,C2,scgpt
CCATGTCGTAGCGATG_JIA_CD7_5,Cycling NK,C3,scgpt
AGTTGGTGTTGGAGGT_JIA_CD7_4,CD56dim NK,CD56dim NK,scgpt
GGACATTCACAAGACG_JIA_CD7_3,CD56dim NK,CD56dim NK,scgpt
TGCCAAAAGGGCACTA_JIA_CD7_5,C2,C2,scgpt
TGCCCTAAGATTACCC_JIA_CD7_4,C1,C1,scgpt
TGTATTCGTCTAAACC_JIA_Total_11,C1,C1,scgpt
AGCGTCGCATCACGTA_JIA_CD7_3,ILC2,ILC2,scgpt
CATATGGTCGGGAGTA_JIA_CD7_4,ILC2,ILC2,scgpt
ATAGACCCACGCGAAA_JIA_CD7_4,CD56dim NK,CD56dim NK,scgpt
GCATCTCAGCCTCAGC_JIA_DC_1,C1,CD56bright NK,scgpt
TCACGAATCGAGCCCA_JIA_CD7_4,CD56dim NK,CD56dim NK,scgpt
CGATTGATCGCAAGCC_JIA_CD7_4,C2,C2,scgpt
CAGCAGCGTAGGCTGA_JIA_CD7_4,C2,Naïve-like ILC,scgpt
CTAATGGAGGCATTGG_JIA_CD7_5,Cycling NK,C3,scgpt
ATAGACCTCTGTCAAG_JIA_CD7_2,C1,CD56bright NK,scgpt
ATCATCTGTTGATTCG_JIA_CD7_4,C2,C2,scgpt
GAGTCCGTCATCACCC_JIA_CD7_5,ILC3,Naïve-like ILC,scgpt
CTGTTTACACACGCTG_JIA_CD7_5,CD56dim NK,CD56dim NK,scgpt
CGGTTAACATGCTAGT_JIA_CD7_5,CD56bright NK,CD56bright NK,scgpt
ATGAGGGGTAAACCTC_JIA_CD7_5,Cycling NK,C2,scgpt
CATCGAATCCATGAAC_JIA_CD7_5,CD56bright NK,CD56bright NK,scgpt
GCAGCCACATGCCACG_JIA_Total_13,CD56dim NK,CD56dim NK,scgpt
AAGGTTCGTGCAACTT_JIA_CD7_5,C2,C2,scgpt
CTACGTCTCCGCTGTT_JIA_CD7_5,Cycling NK,Cycling NK,scgpt
ACATCAGTCGCGTTTC_JIA_CD7_5,C2,C2,scgpt
TGGGAAGGTCCGTTAA_JIA_CD7_1,C2,C2,scgpt
TACCTATTCGACGGAA_JIA_Total_1,CD56bright NK,CD56bright NK,scgpt
GCACTCTCACGAGGTA_JIA_CD7_4,Cycling NK,C1,scgpt
TAGTGGTGTTGGTAAA_JIA_Total_24,C1,C1,scgpt
GGGACCTTCTTACCGC_JIA_CD7_3,C1,C3,scgpt
GGGACAAGTCGTACAT_JIA_DC_2,C1,Naïve-like ILC,scgpt
ACTATCTTCTCAAGTG_JIA_Total_20,C3,C3,scgpt
ACATCAGTCCCTAATT_JIA_CD7_2,CD56bright NK,CD56bright NK,scgpt
TGCACCTAGGTGCACA_JIA_Total_23,CD56dim NK,CD56dim NK,scgpt
GCGCCAATCCTCTAGC_JIA_CD7_2,CD56dim NK,CD56dim NK,scgpt
TATCTCAGTCCGACGT_JIA_CD7_2,Cycling NK,Cycling NK,scgpt
CGTAGGCGTCAAAGCG_JIA_Total_26,Naïve-like ILC,Naïve-like ILC,scgpt
GTGCGGTAGCCCAGCT_JIA_CD7_5,C2,C2,scgpt
ATCATGGGTTCATGGT_JIA_Total_10,CD56bright NK,C1,scgpt
CGTCCATGTCTAGGTT_JIA_CD7_5,CD56bright NK,CD56bright NK,scgpt
TGAGCCGCACAGCCCA_JIA_CD7_2,CD56bright NK,CD56bright NK,scgpt
AACTTTCGTTACGCGC_JIA_CD7_4,C1,C1,scgpt
AAGTCTGAGGACTGGT_JIA_CD7_3,Cycling NK,Cycling NK,scgpt
GTAGTCAGTATTCGTG_JIA_CD7_5,CD56dim NK,CD56dim NK,scgpt
CTAGAGTAGTACGCGA_JIA_CD7_4,C3,C3,scgpt
GATCAGTGTTCGCGAC_JIA_CD7_3,C3,C3,scgpt
CTCCTAGCAGCAGTTT_JIA_CD7_1,CD56dim NK,CD56dim NK,scgpt
GTCGGGTGTGTCCTCT_JIA_CD7_3,C2,CD56bright NK,scgpt
ATCTACTGTAAATGTG_JIA_CD7_5,CD56dim NK,CD56dim NK,scgpt
GGCTGGTAGCAGGCTA_JIA_CD7_1,CD56dim NK,CD56dim NK,scgpt
GGGCACTTCCTCGCAT_JIA_CD7_5,CD56dim NK,CD56dim NK,scgpt
TGGTTCCTCCGCTGTT_JIA_CD7_4,C3,C3,scgpt
CAACTAGCACTTCGAA_JIA_CD7_2,CD56bright NK,CD56bright NK,scgpt
GAATGAACATAGGATA_JIA_CD7_2,ILC2,ILC2,scgpt
ACAGCTAGTGAGTATA_JIA_Total_16,CD56dim NK,CD56dim NK,scgpt
GGATGTTCATATACGC_JIA_CD7_5,Cycling NK,C2,scgpt
CGTTGGGTCATTGCGA_JIA_CD7_3,Cycling NK,Cycling NK,scgpt
TGGACGCCAGAGTGTG_JIA_CD7_2,C1,CD56bright NK,scgpt
CGTGTAACACATGGGA_JIA_CD7_4,C2,C2,scgpt
AGCTTGACATGACGGA_JIA_CD7_4,C3,C3,scgpt
CTACCCATCCAAGTAC_JIA_CD7_4,C2,C1,scgpt
GGCCGATCAGCGTAAG_JIA_CD7_5,C2,C2,scgpt
GGTGCGTTCGTGGGAA_JIA_CD7_1,Cycling NK,Cycling NK,scgpt
TGCTGCTAGCACGCCT_JIA_CD7_3,Cycling NK,C1,scgpt
ATGGGAGTCACTATTC_JIA_CD7_5,Cycling NK,Cycling NK,scgpt
GCTCTGTTCGCTGATA_JIA_CD7_1,Cycling NK,Cycling NK,scgpt
ACGAGCCTCGTCACGG_JIA_CD7_2,ILC2,ILC2,scgpt
TCGCGTTGTACTCAAC_JIA_CD7_2,CD56bright NK,CD56bright NK,scgpt
GTCTCGTAGTAATCCC_JIA_Total_20,C3,C3,scgpt
ATTGGTGCAACTGCGC_JIA_CD7_4,CD56dim NK,CD56dim NK,scgpt
AGCGTCGCACTCTGTC_JIA_Total_25,CD56dim NK,CD56bright NK,scgpt
TCGAGGCCAATAAGCA_JIA_CD7_2,Cycling NK,CD56dim NK,scgpt
TCACAAGTCATCACCC_JIA_CD7_5,ILC2,ILC2,scgpt
TTCTCAACATGGGACA_JIA_CD7_4,C2,C2,scgpt
CTCATTAAGTTTGCGT_JIA_CD7_5,Cycling NK,Cycling NK,scgpt
CGAGCCAAGTGCTGCC_JIA_CD7_5,Cycling NK,C2,scgpt
ACGGAGAGTATAGGTA_JIA_CD7_2,C1,C1,scgpt
GCAAACTAGCCAGAAC_JIA_CD7_2,C1,CD56bright NK,scgpt
GTCAAGTTCCAGAGGA_JIA_CD7_5,CD56bright NK,CD56bright NK,scgpt
CATCAGAAGCTCCTTC_JIA_CD7_4,CD56dim NK,CD56dim NK,scgpt
CGCGGTACAGTATCTG_JIA_CD7_2,CD56dim NK,CD56dim NK,scgpt
TTAGGCAGTGTGACCC_JIA_Total_5,C1,CD56bright NK,scgpt
GGCCGATAGTGTCCCG_JIA_Total_2,C1,Naïve-like ILC,scgpt
GCTTCCATCAACCATG_JIA_CD7_2,ILC2,ILC2,scgpt
AAGGAGCTCAAAGTAG_JIA_Total_14,C1,C1,scgpt
CTTGGCTGTTCGCTAA_JIA_Total_10,Cycling NK,Cycling NK,scgpt
TGAGAGGAGCGTAATA_JIA_CD7_2,ILC2,ILC2,scgpt
CATGCCTCAGTCAGAG_JIA_CD7_2,CD56dim NK,CD56dim NK,scgpt
ACTGAACTCGCCAGCA_JIA_CD7_4,C1,C1,scgpt
ACACCAACATCGTGGC_JIA_CD45_1,CD56dim NK,CD56dim NK,scgpt
CTACGTCAGGGAAACA_JIA_Total_4,CD56bright NK,CD56bright NK,scgpt
AAGCGTTTCCGTAGGC_JIA_DC_1,C1,C1,scgpt
ACGCCGAGTTTGTTTC_JIA_Total_20,C2,C2,scgpt
AGGCCACTCGCTGATA_JIA_CD7_3,CD56dim NK,CD56dim NK,scgpt
ATAACGCTCAGAAATG_JIA_CD7_2,C1,CD56bright NK,scgpt
ACATACGTCGCAAACT_JIA_CD7_5,C2,C3,scgpt
CTTGGCTCAAGTTGTC_JIA_CD7_2,CD56dim NK,CD56dim NK,scgpt
TGTGTTTAGATCCGAG_JIA_CD7_2,ILC2,ILC2,scgpt
CAGCAGCGTAGTACCT_JIA_CD7_4,C1,C2,scgpt
CCGGTAGCACGAAGCA_JIA_CD7_2,CD56bright NK,CD56bright NK,scgpt
ACGTCAAGTTATCCGA_JIA_CD7_2,C1,CD56bright NK,scgpt
AGGCCACCAGAGTGTG_JIA_Total_25,CD56dim NK,CD56dim NK,scgpt
CGTTAGAAGGGCTTGA_JIA_CD7_5,Cycling NK,Cycling NK,scgpt
GTGTTAGCAACACCTA_JIA_CD7_5,CD56bright NK,CD56bright NK,scgpt
GTTACAGTCACGACTA_JIA_Total_24,C1,C1,scgpt
TCAGGTAGTATAGGTA_JIA_CD7_2,CD56dim NK,CD56dim NK,scgpt
CGACTTCGTTGGAGGT_JIA_CD7_3,C2,C1,scgpt
AGTGTCAGTTCGTCTC_JIA_CD7_1,Cycling NK,Cycling NK,scgpt
AAGGTTCCACCTGGTG_JIA_CD7_5,C1,C3,scgpt
GGACGTCCATCACGTA_JIA_CD7_2,CD56bright NK,CD56bright NK,scgpt
AAGCCGCCAGCCAATT_JIA_Total_5,Cycling NK,Cycling NK,scgpt
TTCTTAGGTCATCCCT_JIA_CD7_5,C2,C2,scgpt
TGAGCATGTCGGCATC_JIA_CD7_2,Cycling NK,CD56dim NK,scgpt
ACGGCCAGTTCCAACA_JIA_CD7_4,C1,C2,scgpt
GAGTCCGCACAGTCGC_JIA_CD7_1,CD56dim NK,CD56dim NK,scgpt
GTGTCCTAGCTAATGA_JIA_DC_1,C1,CD56bright NK,scgpt
GAACCTATCCGTCAAA_JIA_CD7_5,C2,C2,scgpt
AACAGGGTCGTGAGAG_JIA_CD45_1,CD56dim NK,CD56bright NK,scgpt
GGGATGAAGGAGCGTT_JIA_CD7_4,C1,C1,scgpt
AGTGTCAAGCTGAAAT_JIA_CD7_5,CD56dim NK,CD56dim NK,scgpt
TCAATCTTCAGGATCT_JIA_Total_1,CD56dim NK,CD56dim NK,scgpt
TTGGAACGTAGCGCTC_JIA_CD7_3,ILC3,ILC3,scgpt
CGGACTGTCTCTAGGA_JIA_Total_20,C2,C2,scgpt
TTCGAAGCACACAGAG_JIA_CD7_5,Cycling NK,Cycling NK,scgpt
CGAGCCAGTGCACTTA_JIA_CD7_5,Naïve-like ILC,Naïve-like ILC,scgpt
TGCGGGTTCTGACCTC_JIA_CD7_1,C2,C2,scgpt
TGACTAGTCTGAAAGA_JIA_CD7_5,CD56dim NK,CD56dim NK,scgpt
TACGGGCGTCGCATCG_JIA_Total_14,C1,C2,scgpt
TTCTACAGTGCAGGTA_JIA_Total_19,CD56dim NK,CD56dim NK,scgpt
GATGAAAGTTCGGCAC_JIA_CD7_4,C3,Naïve-like ILC,scgpt
TTTGCGCCAAGAAAGG_JIA_CD7_5,C3,C2,scgpt
TTAGGCACAATCTGCA_JIA_CD7_5,C2,C2,scgpt
CAGAATCTCCGTAGTA_JIA_CD7_3,C3,C3,scgpt
CCTACCAAGGCTCAGA_JIA_CD7_5,CD56dim NK,CD56dim NK,scgpt
AAGGTTCAGGAGTACC_JIA_CD7_3,CD56dim NK,CD56dim NK,scgpt
CCCAGTTGTAATTGGA_JIA_CD7_4,C3,C3,scgpt
GTGTGCGTCGAATCCA_JIA_Total_19,CD56bright NK,CD56bright NK,scgpt
CAGATCACACCGAATT_JIA_CD7_2,C1,C1,scgpt
AACCATGGTTCGGCAC_JIA_CD7_4,ILC2,ILC2,scgpt
CGCCAAGGTGTGCGTC_JIA_Total_20,ILC3,ILC3,scgpt
CCGTTCAAGCGATGAC_JIA_CD7_4,Cycling NK,C2,scgpt
AGTGAGGCATTCGACA_JIA_CD7_4,ILC2,ILC2,scgpt
TGGTTAGGTAGTACCT_JIA_CD7_3,CD56dim NK,CD56dim NK,scgpt
TTGGCAAGTACAAGTA_JIA_CD7_2,ILC2,ILC2,scgpt
CGGAGTCCACAACGTT_JIA_CD7_4,ILC2,ILC2,scgpt
GATGCTATCGCGTTTC_JIA_CD7_5,CD56dim NK,CD56dim NK,scgpt
CAGGGCTCAGCTCGGT_JIA_DC_2,C3,C3,scgpt
CAAGTTGGTTACGTCA_JIA_Total_7,ILC2,ILC2,scgpt
CTGAAGTGTTCCAACA_JIA_CD7_2,C1,CD56bright NK,scgpt
GTCTTCGCAGTGAGTG_JIA_CD7_4,C1,C1,scgpt
CTAATGGGTATGAATG_JIA_CD7_4,C1,C1,scgpt
CTCGAAACAGCTGTGC_JIA_CD7_2,CD56bright NK,C1,scgpt
CAGGTGCCATCGGAAG_JIA_CD7_3,ILC2,ILC2,scgpt
GGGATGAGTGCATCTA_JIA_CD7_4,C1,C1,scgpt
GACACGCTCAGTTGAC_JIA_CD7_4,C1,Naïve-like ILC,scgpt
CACACTCTCGATGAGG_JIA_Total_1,CD56dim NK,CD56dim NK,scgpt
TTTGGTTGTTCCAACA_JIA_CD7_2,Cycling NK,Cycling NK,scgpt
GTAGTCATCATATCGG_JIA_CD7_3,Cycling NK,Cycling NK,scgpt
GGGACCTTCTATCCTA_JIA_Total_24,C1,C1,scgpt
CGTGTCTTCCACGAAT_JIA_Total_24,C3,C3,scgpt
AGAGCTTAGCTGTTCA_JIA_CD7_3,CD56dim NK,CD56dim NK,scgpt
CTGATAGCAAGCCGCT_JIA_Total_2,C2,C2,scgpt
GTGCATATCTGAGGGA_JIA_CD7_5,Cycling NK,C2,scgpt
CGAATGTAGAGAGCTC_JIA_CD7_5,CD56dim NK,CD56dim NK,scgpt
AGAGTGGAGTAGCGGT_JIA_CD7_2,CD56bright NK,CD56bright NK,scgpt
CCACCTAGTCTGCAAT_JIA_CD7_5,CD56bright NK,CD56bright NK,scgpt
GGTGTTACACTACAGT_JIA_CD7_4,ILC3,ILC3,scgpt
ACGATGTCACGTTGGC_JIA_CD7_1,CD56dim NK,CD56dim NK,scgpt
TATCAGGCAGTCTTCC_JIA_CD7_1,Cycling NK,Cycling NK,scgpt
AGGTCATCATCACCCT_JIA_Total_14,C1,C1,scgpt
TCTTCGGGTGTCCTCT_JIA_CD7_4,C2,C2,scgpt
TTCCCAGCAAGCCATT_JIA_CD7_3,CD56bright NK,C1,scgpt
TGCCAAATCCTAGGGC_JIA_Total_5,C1,C1,scgpt
GGAAAGCAGAGACGAA_JIA_Total_1,Cycling NK,Cycling NK,scgpt
GTGCATATCTTAGCCC_JIA_Total_23,Cycling NK,Cycling NK,scgpt
GCGCCAACAATGTAAG_JIA_CD7_5,Cycling NK,Cycling NK,scgpt
GAACATCGTGGACGAT_JIA_CD7_3,CD56dim NK,CD56dim NK,scgpt
CGTTCTGAGTGTCCCG_JIA_CD7_4,Cycling NK,Cycling NK,scgpt
ACTATCTCATACCATG_JIA_CD7_1,Cycling NK,Cycling NK,scgpt
CTGCTGTCAAACGCGA_JIA_Total_24,Naïve-like ILC,ILC3,scgpt
GCAAACTAGTCAAGCG_JIA_Total_1,CD56dim NK,CD56dim NK,scgpt
CAGTAACCACCGGAAA_JIA_CD7_1,C2,C2,scgpt
CAGAATCGTGTCAATC_JIA_CD7_1,C2,C2,scgpt
CGTTGGGGTCTCTCTG_JIA_CD7_5,C1,C2,scgpt
GAAATGAAGTGTGAAT_JIA_CD7_1,Cycling NK,Cycling NK,scgpt
TCAGCTCAGAGGGATA_JIA_CD7_3,C1,C1,scgpt
AGCGTATCACACATGT_JIA_CD7_5,ILC2,ILC2,scgpt
TGTGGTAGTCAGAAGC_JIA_CD7_4,C2,C2,scgpt
GTTCATTCACGGTAGA_JIA_CD7_5,C1,Naïve-like ILC,scgpt
CCACTTGGTCGTATGT_JIA_DC_1,CD56bright NK,CD56bright NK,scgpt
AGCAGCCAGGTAGCTG_JIA_Total_1,Cycling NK,Cycling NK,scgpt
GCGCAGTAGTACGTAA_JIA_Total_2,C1,Naïve-like ILC,scgpt
GGAGCAACATTCTCAT_JIA_CD7_3,C1,CD56bright NK,scgpt
AAGACCTCATAAAGGT_JIA_Total_24,C3,C1,scgpt
GAGGTGAGTCCTCTTG_JIA_CD7_4,C1,C1,scgpt
CGTCTACAGGGATACC_JIA_Total_19,CD56dim NK,C2,scgpt
GTGCAGCGTCCGAACC_JIA_CD7_3,Naïve-like ILC,Naïve-like ILC,scgpt
GTCCTCATCCTCAATT_JIA_CD7_4,C1,CD56bright NK,scgpt
CGGACTGAGCAATATG_JIA_CD7_4,CD56bright NK,CD56bright NK,scgpt
ACTGAACTCTGCTGTC_JIA_CD7_2,CD56dim NK,CD56dim NK,scgpt
GACGCGTGTCCAACTA_JIA_CD7_3,C2,C2,scgpt
GTCTCGTGTCGTCTTC_JIA_CD7_5,Cycling NK,Cycling NK,scgpt
GGACATTGTACGCACC_JIA_CD7_5,C2,C2,scgpt
CACACTCAGGATATAC_JIA_Total_16,CD56dim NK,CD56dim NK,scgpt
CATATGGTCGCACTCT_JIA_CD7_1,C2,C2,scgpt
ATCCACCGTCCAGTGC_JIA_CD7_5,CD56dim NK,CD56dim NK,scgpt
TTGAACGTCTACTCAT_JIA_CD7_5,C2,C2,scgpt
AGAGCTTTCCTCATTA_JIA_CD7_2,C1,CD56bright NK,scgpt
GGTATTGGTTTCGCTC_JIA_CD7_1,CD56dim NK,CD56dim NK,scgpt
CTCGGAGCAATTCCTT_JIA_CD7_4,CD56dim NK,CD56dim NK,scgpt
CGTGTAATCGCTTAGA_JIA_Total_1,CD56dim NK,CD56dim NK,scgpt
GTCAAGTTCGGATGGA_JIA_CD7_5,Cycling NK,Cycling NK,scgpt
CTCTGGTGTTTAGCTG_JIA_CD7_3,CD56dim NK,CD56dim NK,scgpt
GGGAGATCAGTATGCT_JIA_CD7_2,CD56dim NK,CD56dim NK,scgpt
GTCCTCAGTCTCTTAT_JIA_CD7_2,CD56dim NK,CD56dim NK,scgpt
CATCCACGTAAACCTC_JIA_CD7_4,CD56bright NK,CD56bright NK,scgpt
TTTATGCTCTCGCTTG_JIA_CD7_4,Cycling NK,Cycling NK,scgpt
CCTCAGTAGGCGTACA_JIA_Total_1,CD56bright NK,CD56bright NK,scgpt
TGAGCATCATATACCG_JIA_CD7_4,Cycling NK,Cycling NK,scgpt
GCATGCGGTTCGCTAA_JIA_CD7_4,C1,CD56bright NK,scgpt
CCTTCCCTCTTGTTTG_JIA_Total_4,CD56dim NK,CD56dim NK,scgpt
CTGAAACAGCACAGGT_JIA_CD7_3,Cycling NK,Cycling NK,scgpt
CGTCTACCACATTTCT_JIA_CD7_3,Cycling NK,Cycling NK,scgpt
AGCAGCCCACCAGGCT_JIA_CD7_2,CD56bright NK,CD56bright NK,scgpt
GATCGCGGTAGGACAC_JIA_CD7_1,C2,C2,scgpt
CTAACTTTCAGTCCCT_JIA_Total_19,CD56bright NK,CD56bright NK,scgpt
TAGACCACACTGCCAG_JIA_CD7_2,ILC2,ILC2,scgpt
AACTGGTGTACAAGTA_JIA_CD7_5,CD56bright NK,CD56bright NK,scgpt
AACTCAGGTCTTCTCG_JIA_CD7_1,CD56dim NK,CD56dim NK,scgpt
GTAGTCAAGGGAACGG_JIA_CD7_5,CD56bright NK,CD56bright NK,scgpt
CGGAGTCCACGCATCG_JIA_CD7_2,CD56dim NK,CD56dim NK,scgpt
ACCGTAAAGATCTGCT_JIA_CD7_3,ILC2,ILC2,scgpt
CGTCACTCACGTCTCT_JIA_CD7_5,C3,C2,scgpt
ACATCAGTCAGTTCGA_JIA_CD7_3,C1,C1,scgpt
AAGACCTTCCTAGTGA_JIA_CD7_4,CD56dim NK,CD56dim NK,scgpt
GCACTCTCAATCACAC_JIA_Total_24,C2,C2,scgpt
GACAGAGTCATGCAAC_JIA_CD7_1,C2,C2,scgpt
GCGCAGTGTAGTAGTA_JIA_Total_26,Cycling NK,Cycling NK,scgpt
GAATGAAGTTTAGCTG_JIA_CD7_5,CD56dim NK,CD56dim NK,scgpt
CGATGTAAGTGTCCCG_JIA_CD7_1,C3,C2,scgpt
GACGTGCCAGATCCAT_JIA_CD7_5,C2,C2,scgpt
CGGACTGCAATCCGAT_JIA_CD7_2,C1,CD56bright NK,scgpt
TGGGAAGGTATGAATG_JIA_CD7_3,CD56dim NK,CD56dim NK,scgpt
CACATAGGTATGCTTG_JIA_CD7_2,ILC2,ILC2,scgpt
GGCAATTTCGCTAGCG_JIA_CD7_4,C2,C2,scgpt
GTAACTGAGCAGACTG_JIA_CD7_5,CD56bright NK,CD56bright NK,scgpt
CACAAACAGCTTATCG_JIA_Total_13,CD56bright NK,CD56bright NK,scgpt
ACGGCCAAGATCCGAG_JIA_CD7_3,C2,C2,scgpt
CTGCGGACAATGAAAC_JIA_CD7_2,Cycling NK,Cycling NK,scgpt
TCGAGGCGTGCTAGCC_JIA_CD7_5,CD56dim NK,CD56dim NK,scgpt
GACCTGGCAGAAGCAC_JIA_Total_24,Naïve-like ILC,C3,scgpt
CCTACACTCAAGAAGT_JIA_CD7_4,CD56dim NK,CD56dim NK,scgpt
TGCGGGTCAGAGTGTG_JIA_CD7_4,ILC2,ILC2,scgpt
CCTTCCCAGATGGCGT_JIA_CD7_4,C2,C2,scgpt
TCATTACCATAAAGGT_JIA_CD7_2,CD56dim NK,CD56dim NK,scgpt
TATCAGGCAGCTGTAT_JIA_CD7_3,CD56bright NK,CD56bright NK,scgpt
ACGCAGCTCATGTCCC_JIA_CD7_5,Cycling NK,Cycling NK,scgpt
CTAATGGAGACCTTTG_JIA_CD7_5,C1,Naïve-like ILC,scgpt
CGAGCCATCACTATTC_JIA_CD7_5,C3,C3,scgpt
TGAAAGATCACCGGGT_JIA_CD7_2,CD56dim NK,CD56dim NK,scgpt
AGTGAGGGTTTGTTTC_JIA_CD7_1,Cycling NK,Cycling NK,scgpt
GGCAATTAGATGAGAG_JIA_CD7_4,Naïve-like ILC,Naïve-like ILC,scgpt
TGATTTCAGTAGTGCG_JIA_CD7_5,Cycling NK,Cycling NK,scgpt
TAAACCGCATAGGATA_JIA_Total_7,CD56dim NK,CD56dim NK,scgpt
TGAGCATCATGTTGAC_JIA_Total_5,C2,C2,scgpt
CCGGTAGTCGGCCGAT_JIA_CD7_5,C2,C2,scgpt
CTCGGGACATTGGTAC_JIA_CD7_4,CD56dim NK,CD56dim NK,scgpt
CATGCCTTCAAACCAC_JIA_CD7_3,C1,ILC2,scgpt
AGTAGTCAGGGCACTA_JIA_CD7_3,ILC2,ILC2,scgpt
TCAGCTCGTATAGGTA_JIA_CD7_4,C2,C2,scgpt
CAGGTGCTCCCTTGTG_JIA_CD7_5,Cycling NK,Cycling NK,scgpt
AAAGATGAGGCTAGAC_JIA_Total_19,CD56bright NK,CD56bright NK,scgpt
GAAACTCGTGACTCAT_JIA_CD7_3,C2,C2,scgpt
TGAGAGGGTCTAGCGC_JIA_CD7_1,C2,C2,scgpt
ATCCGAATCCGGGTGT_JIA_CD7_4,C2,C2,scgpt
ACTTGTTAGTACGACG_JIA_CD7_3,CD56bright NK,CD56bright NK,scgpt
GCGCAGTAGTGCCATT_JIA_Total_24,C1,C1,scgpt
GATCGATCAACGCACC_JIA_CD7_5,CD56dim NK,CD56dim NK,scgpt
CGATGGCAGTATTGGA_JIA_Total_19,CD56bright NK,CD56bright NK,scgpt
CGTAGGCGTGCACTTA_JIA_CD7_4,ILC2,ILC2,scgpt
GCGCAGTCACTTAACG_JIA_CD7_5,Cycling NK,Naïve-like ILC,scgpt
GTCTTCGAGGCCCTTG_JIA_CD7_2,CD56bright NK,CD56bright NK,scgpt
CTACGTCAGGATGGTC_JIA_CD7_5,ILC3,ILC3,scgpt
GGCTGGTAGAGCTATA_JIA_CD7_4,C1,C2,scgpt
GCATGATTCTGGTATG_JIA_CD7_5,CD56dim NK,CD56dim NK,scgpt
GCTGCTTAGCGATTCT_JIA_CD7_5,Cycling NK,Cycling NK,scgpt
ACTGATGTCGAATCCA_JIA_CD7_5,C1,C1,scgpt
TGACTTTTCTACTCAT_JIA_CD7_3,C2,C2,scgpt
TCAGGATGTTGGTAAA_JIA_CD7_4,Cycling NK,Cycling NK,scgpt
CACATTTCATAGTAAG_JIA_CD7_5,Naïve-like ILC,Naïve-like ILC,scgpt
CCTACACAGTCTTGCA_JIA_CD7_3,C2,C2,scgpt
CAAGATCAGGCAGGTT_JIA_Total_25,CD56bright NK,CD56bright NK,scgpt
AGAATAGAGGCCCGTT_JIA_CD7_1,C3,C2,scgpt
GATGCTAGTGACTCAT_JIA_Total_7,CD56dim NK,CD56dim NK,scgpt
GTGGAAGCAGCTGGTC_JIA_DC_2,Cycling NK,Cycling NK,scgpt
AGGTCCGTCCAAGCCG_JIA_Total_24,C1,C3,scgpt
CCTTCGACACTTCTGC_JIA_CD7_3,CD56dim NK,CD56dim NK,scgpt
AGGGAGTCACGTTGGC_JIA_CD7_4,C3,C2,scgpt
CGTCCATCACATTCGA_JIA_CD7_1,C2,C2,scgpt
CTCGGGATCTGCAGTA_JIA_CD7_5,Cycling NK,C2,scgpt
CGATGGCTCCGTAGTA_JIA_CD7_2,Cycling NK,Cycling NK,scgpt
CGAACATGTCGGATCC_JIA_Total_20,C1,C1,scgpt
GGACATTGTAGCTAAA_JIA_Total_4,CD56dim NK,CD56dim NK,scgpt
GCCAAATAGTGTGAAT_JIA_Total_20,C2,C2,scgpt
GTGCAGCAGACGCACA_JIA_CD7_4,C3,C3,scgpt
TCGCGAGTCAGAAATG_JIA_CD7_5,C1,C1,scgpt
CGAGAAGAGCCAGAAC_JIA_CD7_5,Cycling NK,Cycling NK,scgpt
GGGCACTGTTCCAACA_JIA_CD7_3,ILC2,ILC2,scgpt
GGGCATCCACGCGAAA_JIA_CD7_5,ILC3,ILC3,scgpt
GCGCCAAAGAATTCCC_JIA_Total_14,C1,C1,scgpt
CATTATCAGATCTGCT_JIA_CD7_4,C1,CD56bright NK,scgpt
TTCTTAGAGGCCCGTT_JIA_CD7_5,C2,C3,scgpt
TTTACTGCACCATCCT_JIA_Total_2,Cycling NK,Cycling NK,scgpt
CCTTCGATCTGATACG_JIA_CD7_3,Cycling NK,C3,scgpt
CTGATAGTCCAAGTAC_JIA_Total_23,CD56bright NK,CD56bright NK,scgpt
ATGCGATTCACTTATC_JIA_CD7_3,CD56bright NK,CD56bright NK,scgpt
GTTACAGTCGCAAACT_JIA_Total_17,ILC3,Naïve-like ILC,scgpt
CACACCTTCACATACG_JIA_CD7_4,C3,C3,scgpt
CCAGCGAAGCCCGAAA_JIA_CD7_3,CD56bright NK,CD56bright NK,scgpt
CGAGCCAAGGAGTAGA_JIA_CD7_4,CD56bright NK,CD56bright NK,scgpt
GACACGCTCTGATTCT_JIA_CD7_4,C2,C1,scgpt
ACTGAACGTACAAGTA_JIA_CD7_4,C2,C2,scgpt
TCAGATGAGCCTCGTG_JIA_Total_10,CD56bright NK,CD56bright NK,scgpt
CGATGGCAGAAGCCCA_JIA_CD7_4,CD56bright NK,CD56bright NK,scgpt
CAGAGAGAGTTGTAGA_JIA_CD7_3,CD56bright NK,CD56bright NK,scgpt
CGTTCTGAGCACACAG_JIA_Total_20,C1,C1,scgpt
CGTGAGCAGTTAACGA_JIA_CD7_3,Cycling NK,Cycling NK,scgpt
GAGTCCGTCACGACTA_JIA_Total_2,C1,C1,scgpt
GTCATTTAGTTAGGTA_JIA_Total_16,Naïve-like ILC,Naïve-like ILC,scgpt
TACGGTAGTGTCGCTG_JIA_CD7_1,CD56dim NK,CD56dim NK,scgpt
TGCGTGGTCCACGCAG_JIA_CD7_1,C2,C2,scgpt
CCTTACGAGACGCACA_JIA_CD7_3,C2,C2,scgpt
ATTGGTGGTTCAGACT_JIA_CD7_3,C2,C1,scgpt
TGGCGCAAGCAGACTG_JIA_CD7_5,ILC3,ILC3,scgpt
CAGAGAGCATGCAATC_JIA_CD7_5,Naïve-like ILC,ILC3,scgpt
TACGGATAGCCCGAAA_JIA_Total_4,C1,CD56bright NK,scgpt
GATTCAGAGATAGCAT_JIA_Total_10,Naïve-like ILC,Naïve-like ILC,scgpt
CCCTCCTCAACTGCGC_JIA_Total_10,CD56dim NK,CD56dim NK,scgpt
CCGGGATAGCCACGCT_JIA_CD7_3,Naïve-like ILC,ILC2,scgpt
CGGTTAATCAAACGGG_JIA_CD7_3,Cycling NK,Cycling NK,scgpt
TAGCCGGTCGTACGGC_JIA_Total_4,CD56bright NK,CD56bright NK,scgpt
GTAACTGCAGGTTTCA_JIA_Total_11,C1,CD56bright NK,scgpt
CAGAATCAGGTACTCT_JIA_CD7_4,C2,Cycling NK,scgpt
AGCTCTCTCCACTCCA_JIA_Total_7,CD56bright NK,C1,scgpt
CAGGTGCAGAACAACT_JIA_CD7_2,CD56dim NK,CD56bright NK,scgpt
AAGCCGCTCACTGGGC_JIA_Total_19,CD56bright NK,CD56bright NK,scgpt
AACTGGTGTAGCTGCC_JIA_CD7_4,C1,C2,scgpt
AAATGCCTCGTCTGCT_JIA_Total_11,Cycling NK,Cycling NK,scgpt
TCGCGTTGTAAGTGGC_JIA_CD7_2,C1,CD56bright NK,scgpt
TCAGGATTCATTGCCC_JIA_CD7_5,Cycling NK,Cycling NK,scgpt
ACGGGCTTCTAGCACA_JIA_CD7_5,CD56bright NK,CD56bright NK,scgpt
TGATTTCGTGGTGTAG_JIA_CD7_5,Cycling NK,C2,scgpt
GAGTCCGAGCTGAACG_JIA_CD7_1,Cycling NK,Cycling NK,scgpt
ATGCGATCACTGTCGG_JIA_CD7_4,Cycling NK,Cycling NK,scgpt
ATCATGGGTTTACTCT_JIA_CD7_3,C1,Cycling NK,scgpt
GAGGTGAAGACCTTTG_JIA_Total_4,CD56dim NK,CD56dim NK,scgpt
CCTCAGTAGTAGCCGA_JIA_CD7_3,C1,C1,scgpt
GATCAGTAGCTACCTA_JIA_CD7_1,C2,C2,scgpt
CCCAGTTCACCCATTC_JIA_CD7_3,CD56dim NK,CD56dim NK,scgpt
CAAGAAATCAGAGGTG_JIA_Total_17,C1,C2,scgpt
CGACCTTTCAACGCTA_JIA_CD7_5,CD56bright NK,CD56bright NK,scgpt
GTCAAGTGTGCCTTGG_JIA_CD7_5,CD56bright NK,CD56bright NK,scgpt
AGGGATGAGTGGAGTC_JIA_CD7_5,C2,C2,scgpt
CGCTTCATCTTGCATT_JIA_CD7_5,C3,C3,scgpt
TCAGGTAGTCGACTAT_JIA_CD7_3,CD56bright NK,C1,scgpt
TGTGTTTAGATGTAAC_JIA_CD7_5,Cycling NK,Cycling NK,scgpt
GAACGGACATCCCATC_JIA_CD7_3,C3,C3,scgpt
CGTAGGCTCAGCCTAA_JIA_CD7_5,C2,C2,scgpt
GTGATGTTCAAGGTGG_JIA_DC_1,C2,C2,scgpt
TCTGGCTTCTTAGCCC_JIA_DC_1,C1,C1,scgpt
GGCTCGAGTAAAGTCA_JIA_CD7_2,CD56dim NK,CD56dim NK,scgpt
CTCATTATCGCCAGCA_JIA_CD7_2,C1,C1,scgpt
TACACGAGTCACAAGG_JIA_CD7_2,CD56bright NK,CD56bright NK,scgpt
AACTTTCAGTACACCT_JIA_CD7_2,C1,CD56bright NK,scgpt
CTCTGGTGTCGAAAGC_JIA_Total_25,CD56dim NK,CD56dim NK,scgpt
CGTTAGATCACCATAG_JIA_CD7_5,CD56bright NK,CD56bright NK,scgpt
TGAGGGAAGATCCCAT_JIA_Total_1,CD56bright NK,CD56bright NK,scgpt
TATCTCATCTGGCGAC_JIA_CD7_5,CD56bright NK,CD56bright NK,scgpt
AACCGCGTCATCATTC_JIA_CD7_4,Cycling NK,Cycling NK,scgpt
CAACCTCAGGATATAC_JIA_CD7_5,C2,C2,scgpt
TGGCGCAAGGATTCGG_JIA_CD7_5,Cycling NK,Cycling NK,scgpt
CATGCCTGTTGAACTC_JIA_Total_24,C2,C2,scgpt
AGTCTTTAGGTAAACT_JIA_Total_5,Cycling NK,Cycling NK,scgpt
TGTCCCACATCCGTGG_JIA_CD7_5,CD56dim NK,CD56dim NK,scgpt
GGTATTGGTATCTGCA_JIA_CD7_5,C2,C2,scgpt
CTGCGGATCGGCGCTA_JIA_CD7_4,C1,C2,scgpt
ATTGGTGTCCAGTAGT_JIA_CD7_5,CD56dim NK,CD56dim NK,scgpt
GGAACTTTCAGGCGAA_JIA_CD7_1,C3,C3,scgpt
GTGTGCGAGGCTACGA_JIA_CD7_5,Cycling NK,Cycling NK,scgpt
CGACCTTTCATTATCC_JIA_Total_19,CD56bright NK,CD56bright NK,scgpt
CAAGGCCGTTGGACCC_JIA_CD7_3,Naïve-like ILC,Naïve-like ILC,scgpt
TGGTTCCAGGGTCTCC_JIA_CD7_5,C2,C2,scgpt
CGTCTACGTCCATGAT_JIA_CD7_5,CD56bright NK,CD56bright NK,scgpt
CTCGGGAGTGCGATAG_JIA_CD7_4,Cycling NK,Naïve-like ILC,scgpt
CTAATGGCACAGACAG_JIA_CD7_4,Naïve-like ILC,Naïve-like ILC,scgpt
GTTACAGTCCCATTTA_JIA_Total_25,CD56dim NK,CD56dim NK,scgpt
GAGTCCGAGGAATCGC_JIA_CD7_2,CD56dim NK,CD56dim NK,scgpt
GAAATGAAGTCACGCC_JIA_CD7_3,CD56bright NK,CD56bright NK,scgpt
TCAGGTACAGGCGATA_JIA_CD7_4,C2,C3,scgpt
GGCGTGTTCATCTGTT_JIA_CD7_5,CD56bright NK,CD56bright NK,scgpt
AGCTCCTCAATCCGAT_JIA_Total_17,Cycling NK,C3,scgpt
ACCTTTACAGACTCGC_JIA_Total_24,C1,C3,scgpt
CTCAGAACACATTTCT_JIA_CD7_5,CD56bright NK,CD56bright NK,scgpt
CAGCTAAGTATCAGTC_JIA_CD7_4,Naïve-like ILC,Naïve-like ILC,scgpt
GTGAAGGGTGGTACAG_JIA_Total_24,C2,CD56bright NK,scgpt
CCTACCATCCAGAGGA_JIA_Total_19,CD56dim NK,CD56dim NK,scgpt
CATCAGACAAGACGTG_JIA_Total_1,Cycling NK,Cycling NK,scgpt
AACTCTTCATCCGGGT_JIA_Total_17,C1,C2,scgpt
GCACATATCACGCATA_JIA_CD7_3,C2,CD56bright NK,scgpt
ACCTTTACACATGTGT_JIA_CD7_1,ILC3,ILC3,scgpt
CCAGCGAAGAAGGTTT_JIA_CD7_5,ILC3,ILC3,scgpt
AAGGTTCCAAGTTCTG_JIA_CD7_1,C2,C2,scgpt
TCGTAGATCACGAAGG_JIA_CD7_5,Cycling NK,Cycling NK,scgpt
TAATCTCAGTGCAACG_JIA_DC_1,CD56bright NK,CD56bright NK,scgpt
CTGATCCTCCTGTAGA_JIA_CD7_4,C1,C1,scgpt
GGAATAATCAGCACAT_JIA_CD7_2,Cycling NK,CD56dim NK,scgpt
GTTCGGGAGCTCCTCT_JIA_CD7_3,Cycling NK,Cycling NK,scgpt
GGGATGAGTTTGACTG_JIA_Total_25,CD56bright NK,CD56bright NK,scgpt
GGTGCGTCAATACGCT_JIA_Total_14,C1,C1,scgpt
GGCAATTTCTCCAGGG_JIA_CD7_4,C2,C2,scgpt
CGGTTAAGTCTTCTCG_JIA_CD7_4,C1,C1,scgpt
CTGTTTACACGAGGTA_JIA_CD7_5,CD56bright NK,CD56bright NK,scgpt
TACTGCCAGTAACGAT_JIA_DC_1,CD56bright NK,C1,scgpt
GCATACAAGGATGCGT_JIA_CD7_4,C1,C3,scgpt
CCGTGGATCTCATTCA_JIA_CD7_5,C1,C1,scgpt
AATCCAGTCTACCTGC_JIA_CD7_2,CD56dim NK,CD56dim NK,scgpt
CACACTCCACGCTTTC_JIA_CD7_3,CD56dim NK,CD56dim NK,scgpt
AGCATACAGCACGCCT_JIA_Total_24,C1,C1,scgpt
CTGAAACTCAGTCCCT_JIA_CD7_1,Cycling NK,Cycling NK,scgpt
TGAGAGGGTCACCTAA_JIA_Total_10,ILC2,ILC2,scgpt
CTCGTCAAGCCGCCTA_JIA_CD7_4,Naïve-like ILC,Naïve-like ILC,scgpt
CTCGGGAAGAGACTTA_JIA_CD7_4,C3,C3,scgpt
GTAACGTAGTACCGGA_JIA_CD7_5,C2,C2,scgpt
TCACAAGCAGTATAAG_JIA_CD7_2,CD56dim NK,CD56dim NK,scgpt
GTAACGTGTCCAGTGC_JIA_Total_20,ILC3,ILC3,scgpt
GGGTCTGGTCGCATAT_JIA_CD7_3,CD56dim NK,CD56dim NK,scgpt
CTGGTCTGTTCCACAA_JIA_CD7_1,Cycling NK,C2,scgpt
CTGCCTAGTCAAACTC_JIA_CD7_3,CD56dim NK,CD56dim NK,scgpt
TGTTCCGCATCGGACC_JIA_CD7_5,C2,C2,scgpt
TCGAACAAGCGATCGA_JIA_DC_1,C1,C1,scgpt
GTCTCGTGTAATTGGA_JIA_Total_25,CD56dim NK,CD56dim NK,scgpt
GCATGCGGTTGCTCCT_JIA_CD7_2,Cycling NK,Cycling NK,scgpt
ACGATACAGTGACATA_JIA_CD7_3,C2,C2,scgpt
ACACCAATCTGTTGAG_JIA_CD7_3,Cycling NK,Cycling NK,scgpt
CACCACTTCTGCGGCA_JIA_Total_26,ILC3,ILC3,scgpt
CGATTGATCTAACTGG_JIA_CD7_1,C2,C2,scgpt
AGACGTTCAGCCACCA_JIA_CD7_4,CD56bright NK,CD56bright NK,scgpt
GGGCACTAGAGGTACC_JIA_CD7_1,C2,C2,scgpt
GTATCTTCAAGTAGTA_JIA_Total_20,C2,C2,scgpt
GGGCATCGTTTAGGAA_JIA_CD7_5,C2,C2,scgpt
TAAGCGTCATGGATGG_JIA_CD7_3,Naïve-like ILC,Naïve-like ILC,scgpt
ATCATGGCAGGACGTA_JIA_CD7_3,CD56dim NK,CD56dim NK,scgpt
TGAGCATTCTCCAACC_JIA_CD7_4,ILC2,ILC2,scgpt
GTCAAGTTCAATACCG_JIA_CD7_2,CD56bright NK,CD56bright NK,scgpt
ACCTGAAGTGCGTCGT_JIA_DC_1,C1,CD56bright NK,scgpt
GCGCGATGTCGAACAG_JIA_CD7_4,Cycling NK,Cycling NK,scgpt
TCGTAGAGTGACGCCT_JIA_CD7_3,Cycling NK,C1,scgpt
CGTTGGGGTGATGCCC_JIA_CD7_2,C1,CD56bright NK,scgpt
CTGCCTACACAGGTTT_JIA_CD7_3,CD56dim NK,CD56dim NK,scgpt
TAGAGCTCACCGGAAA_JIA_CD7_3,C1,C1,scgpt
ACTATCTCACCGATAT_JIA_CD7_2,ILC2,ILC2,scgpt
TTGAACGTCGGTTAAC_JIA_CD7_5,Cycling NK,Cycling NK,scgpt
ACGAGGACACAGCCCA_JIA_CD7_2,C3,C3,scgpt
GAGGTGAGTAAGGATT_JIA_CD7_5,Cycling NK,Cycling NK,scgpt
GTTCTCGGTTAAAGAC_JIA_CD7_2,CD56bright NK,CD56bright NK,scgpt
CAACTAGCAATCACAC_JIA_CD7_3,C1,C1,scgpt
AGTAGTCCAGTCAGCC_JIA_Total_14,ILC3,Naïve-like ILC,scgpt
CAGCATAGTTACGCGC_JIA_CD7_5,CD56bright NK,CD56bright NK,scgpt
ACACCCTTCTGCAAGT_JIA_CD7_3,CD56dim NK,CD56dim NK,scgpt
TCGTAGAAGGCGTACA_JIA_CD7_3,C1,C1,scgpt
AGTAGTCTCTAACCGA_JIA_CD7_3,CD56dim NK,CD56bright NK,scgpt
TATCAGGGTACCGTAT_JIA_CD7_4,C2,C2,scgpt
TAAACCGCATAAGACA_JIA_Total_19,CD56dim NK,CD56dim NK,scgpt
CACCAGGAGAAACGAG_JIA_CD7_3,Cycling NK,Cycling NK,scgpt
TAGTGGTAGACAAAGG_JIA_CD7_4,C2,C2,scgpt
TCAGCTCTCCTTTCTC_JIA_CD7_4,C2,C2,scgpt
CTACGTCTCATTTGGG_JIA_CD7_2,CD56bright NK,CD56bright NK,scgpt
GGCCGATTCATACGGT_JIA_CD7_4,ILC2,ILC2,scgpt
CGAGCCAGTGATGTCT_JIA_CD7_4,CD56bright NK,CD56bright NK,scgpt
TTCTACAGTGTGGTTT_JIA_CD7_1,Cycling NK,Cycling NK,scgpt
GATAGCTCAGTCTGGC_JIA_DC_3,C1,C1,scgpt
CTCGAAATCGAGCCCA_JIA_CD7_5,C2,Naïve-like ILC,scgpt
ACACCAACACGAGAGT_JIA_CD7_5,Cycling NK,Cycling NK,scgpt
TTCTTAGCAAGCGCTC_JIA_CD7_4,Cycling NK,Cycling NK,scgpt
CACAGGCTCCTAGGGC_JIA_Total_19,CD56bright NK,CD56bright NK,scgpt
TAGTTGGCACTAGTAC_JIA_CD7_5,C2,C2,scgpt
CCTACACGTAGTGAAT_JIA_CD7_5,Cycling NK,Cycling NK,scgpt
TCAGATGAGATAGCAT_JIA_CD7_2,C3,C3,scgpt
ATAGACCAGAGGTAGA_JIA_CD7_5,CD56bright NK,CD56bright NK,scgpt
ACATGGTTCCTAGAAC_JIA_CD7_5,CD56bright NK,CD56bright NK,scgpt
AACTCTTTCACCTTAT_JIA_Total_25,CD56dim NK,CD56dim NK,scgpt
GCTGGGTGTCGCGGTT_JIA_CD7_2,Naïve-like ILC,Naïve-like ILC,scgpt
TCATTACCAGCTTCGG_JIA_CD7_5,CD56bright NK,CD56bright NK,scgpt
TGGGAAGGTTATTCTC_JIA_CD7_2,CD56dim NK,CD56dim NK,scgpt
GTCAAGTCATACGCCG_JIA_CD7_4,C1,C1,scgpt
ATCTACTAGACAATAC_JIA_CD7_2,C1,C1,scgpt
GCTGCTTTCAAGGTAA_JIA_Total_26,C1,CD56bright NK,scgpt
AAGGTTCAGACTTTCG_JIA_CD7_1,CD56dim NK,CD56dim NK,scgpt
CCTAAAGTCGCCATAA_JIA_CD7_3,ILC2,ILC2,scgpt
GCCTCTACATCTCCCA_JIA_CD7_3,C1,C1,scgpt
AGCTCCTTCACGCGGT_JIA_CD7_2,CD56dim NK,CD56dim NK,scgpt
CAAGAAAAGGTGCTTT_JIA_CD7_5,Cycling NK,Cycling NK,scgpt
ATGGGAGAGATCCTGT_JIA_CD7_5,CD56dim NK,CD56dim NK,scgpt
TGCGGGTTCTTAGCCC_JIA_Total_25,CD56bright NK,CD56bright NK,scgpt
CGATTGACAGTGGAGT_JIA_CD7_5,Naïve-like ILC,ILC2,scgpt
AGCCTAACATTTCACT_JIA_CD7_2,ILC2,ILC2,scgpt
CTACATTAGAAGATTC_JIA_CD7_5,Naïve-like ILC,ILC3,scgpt
AGAGCTTGTGACGGTA_JIA_CD7_4,C1,C2,scgpt
CGATGGCTCACATACG_JIA_Total_4,ILC2,ILC2,scgpt
CTCACACAGACAATAC_JIA_CD7_3,C2,Cycling NK,scgpt
ATCTGCCCAGACTCGC_JIA_CD7_3,Cycling NK,Cycling NK,scgpt
TCTCTAACAAAGCGGT_JIA_CD7_3,C1,Cycling NK,scgpt
CGTTGGGAGTATGACA_JIA_CD7_5,C3,C3,scgpt
AGATCTGGTATGCTTG_JIA_CD7_4,CD56bright NK,CD56bright NK,scgpt
CAGCTAAGTCCGACGT_JIA_Total_1,CD56dim NK,CD56dim NK,scgpt
CGCTTCACAACTGGCC_JIA_Total_26,C1,CD56bright NK,scgpt
GTATCTTAGGATGGTC_JIA_CD7_5,C2,C2,scgpt
GCTGGGTTCACGACTA_JIA_Total_20,C2,C2,scgpt
GGACAGAAGGATGCGT_JIA_Total_17,Cycling NK,Cycling NK,scgpt
CTCGGAGGTATAAACG_JIA_CD7_3,CD56dim NK,CD56dim NK,scgpt
GCATGTACAAAGAATC_JIA_CD7_1,Cycling NK,CD56dim NK,scgpt
GGGCACTCATCGGAAG_JIA_CD7_5,ILC3,ILC3,scgpt
CAGCCGACATGCAATC_JIA_CD7_5,CD56dim NK,CD56dim NK,scgpt
CTTACCGTCGATCCCT_JIA_CD7_5,Cycling NK,Cycling NK,scgpt
CTGTTTACATCCAACA_JIA_CD7_5,C2,CD56dim NK,scgpt
GAAGCAGAGCTAGTCT_JIA_CD7_4,C2,C2,scgpt
CCGTGGATCTGTTTGT_JIA_CD7_2,CD56bright NK,CD56bright NK,scgpt
GTCGGGTCATGACGGA_JIA_CD7_4,CD56dim NK,CD56dim NK,scgpt
CGTAGGCTCGGAAATA_JIA_CD7_2,C3,C3,scgpt
AAAGTAGGTCTCTTAT_JIA_CD7_2,C3,Cycling NK,scgpt
GCTGCTTCATCGGACC_JIA_CD7_3,CD56dim NK,CD56dim NK,scgpt
GGGAGATAGGGAGTAA_JIA_Total_17,C1,C1,scgpt
CGGACTGAGGAGTTTA_JIA_Total_1,CD56dim NK,CD56dim NK,scgpt
ATCGAGTGTACTTGAC_JIA_CD7_5,Cycling NK,Cycling NK,scgpt
CGAGGCTAGTATTGCC_JIA_DC_1,C1,C1,scgpt
TAGAGCTAGCGCTCCA_JIA_CD7_2,Cycling NK,CD56dim NK,scgpt
GACGTGCGTTTAGGAA_JIA_CD7_5,CD56dim NK,CD56dim NK,scgpt
ATCATCTTCAGTTCGA_JIA_CD7_5,CD56dim NK,CD56dim NK,scgpt
GTGTTAGAGTGTACGG_JIA_CD7_5,C3,C3,scgpt
CGCTATCAGCGATTCT_JIA_CD7_1,Cycling NK,C1,scgpt
AACTGGTGTCCCGACA_JIA_CD7_3,CD56dim NK,CD56dim NK,scgpt
AGCTCCTAGTACGTAA_JIA_CD7_3,C2,C2,scgpt
GAGCAGAGTAAAGTCA_JIA_CD7_5,C2,C2,scgpt
AAGGAGCCATATACCG_JIA_Total_25,CD56dim NK,CD56dim NK,scgpt
TGGACGCGTACCGGCT_JIA_CD7_5,CD56dim NK,CD56dim NK,scgpt
TGCGGGTCACCGGAAA_JIA_CD7_4,C2,C2,scgpt
TCACGAAAGGAATGGA_JIA_CD7_2,CD56dim NK,CD56dim NK,scgpt
CAGTAACGTTGTCGCG_JIA_Total_20,C2,C2,scgpt
TACTCATAGCCTATGT_JIA_CD7_2,CD56bright NK,CD56bright NK,scgpt
ACGAGCCAGCAGCCTC_JIA_Total_24,C2,C2,scgpt
TGATTTCGTCAGTGGA_JIA_CD7_5,C3,C3,scgpt
CAACTAGAGTGAACGC_JIA_CD7_2,ILC2,ILC2,scgpt
ATCATCTAGTGGAGAA_JIA_CD7_3,C1,CD56bright NK,scgpt
CATATTCCAAACGCGA_JIA_CD7_2,Cycling NK,CD56dim NK,scgpt
CGAGCACTCTAACTCT_JIA_CD7_4,C1,C3,scgpt
TAAGCGTAGCGTTTAC_JIA_CD7_3,Cycling NK,Cycling NK,scgpt
TATTACCGTCAGATAA_JIA_CD7_4,CD56bright NK,CD56bright NK,scgpt
GCGCAACCATTGGTAC_JIA_CD7_5,C2,C2,scgpt
CACTCCAAGAGGGATA_JIA_CD7_5,CD56dim NK,CD56dim NK,scgpt
CGATGGCAGCCGGTAA_JIA_Total_23,CD56bright NK,Cycling NK,scgpt
CGGAGTCTCTGGCGAC_JIA_CD7_1,Cycling NK,Cycling NK,scgpt
CAACCAACATAACCTG_JIA_CD7_5,C2,C3,scgpt
TTCCCAGGTATTCGTG_JIA_CD7_3,Cycling NK,Cycling NK,scgpt
GAGCAGAGTGGTTTCA_JIA_CD7_1,C3,C2,scgpt
CGAGCACGTCCAGTAT_JIA_CD7_5,CD56dim NK,CD56dim NK,scgpt
CTCCTAGCAGGATCGA_JIA_CD7_5,Cycling NK,Cycling NK,scgpt
AGGGATGGTTAAAGAC_JIA_CD7_1,CD56dim NK,CD56dim NK,scgpt
GAACATCCATATGAGA_JIA_Total_17,C2,CD56bright NK,scgpt
CATGGCGCAAGTTGTC_JIA_CD7_5,CD56bright NK,CD56bright NK,scgpt
TAGAGCTGTATTCTCT_JIA_CD7_5,CD56dim NK,CD56bright NK,scgpt
TCTATTGTCAGTGTTG_JIA_CD7_2,CD56dim NK,CD56dim NK,scgpt
TACGGTAAGGTGCACA_JIA_CD7_3,ILC2,ILC2,scgpt
CTCTAATCAATAGAGT_JIA_CD7_5,C2,C2,scgpt
TATTACCCACTCTGTC_JIA_CD7_2,CD56bright NK,CD56bright NK,scgpt
AAACGGGTCCTGTACC_JIA_Total_1,Cycling NK,Cycling NK,scgpt
GGCGTGTGTCCTGCTT_JIA_CD7_1,Cycling NK,Cycling NK,scgpt
GGACAAGAGGATTCGG_JIA_CD7_4,C1,C2,scgpt
TGGGAAGAGTGTGGCA_JIA_CD7_2,CD56bright NK,CD56bright NK,scgpt
CAGCTGGAGAGAGCTC_JIA_CD7_5,Cycling NK,C2,scgpt
AGCAGCCGTCCGACGT_JIA_CD7_4,C2,C2,scgpt
CCTACACTCGGCTACG_JIA_CD7_4,C1,C2,scgpt
CGAACATTCGCTTAGA_JIA_Total_20,C3,C3,scgpt
CGTGAGCCAAGTTAAG_JIA_CD7_5,C2,C2,scgpt
CTCAGAATCGTACGGC_JIA_CD7_4,C2,C2,scgpt
ATCATGGAGAGCTATA_JIA_Total_2,Cycling NK,Cycling NK,scgpt
CTCAGAACACTCGACG_JIA_CD7_5,CD56bright NK,CD56bright NK,scgpt
ACCCACTAGTACACCT_JIA_CD7_3,C1,C1,scgpt
GACGCGTCACGTCTCT_JIA_CD7_4,C2,C2,scgpt
TACTCGCGTTGACGTT_JIA_CD7_4,C1,C1,scgpt
GAACGGATCACTCCTG_JIA_CD7_5,CD56dim NK,CD56dim NK,scgpt
TTTGTCAGTAGAAGGA_JIA_CD7_5,C2,C3,scgpt
CACCTTGAGCGTTTAC_JIA_CD7_2,ILC2,ILC2,scgpt
TCGCGTTAGGCATTGG_JIA_CD7_3,C3,C2,scgpt
CTAACTTGTACGACCC_JIA_Total_1,CD56dim NK,CD56dim NK,scgpt
CTACACCAGCCTCGTG_JIA_CD7_3,CD56dim NK,CD56dim NK,scgpt
ATGCGATTCCTGTACC_JIA_CD7_2,ILC2,ILC2,scgpt
ATCCGAACATACGCTA_JIA_CD7_4,C3,C3,scgpt
GACGTGCGTTTGTTGG_JIA_CD7_2,Cycling NK,Cycling NK,scgpt
ACTTTCAGTACTTGAC_JIA_CD7_4,CD56dim NK,CD56dim NK,scgpt
CTTTGCGTCTCCTATA_JIA_CD7_4,CD56bright NK,CD56bright NK,scgpt
CGCTGGACAGGAATCG_JIA_CD7_3,C2,ILC2,scgpt
GGTGTTAAGCCCGAAA_JIA_CD7_3,ILC2,ILC2,scgpt
CGGACTGCAATGGACG_JIA_CD7_5,Cycling NK,Cycling NK,scgpt
CAGCCGATCAGGCCCA_JIA_CD7_2,C1,CD56bright NK,scgpt
AGTGTCAGTCCCTACT_JIA_Total_26,ILC3,ILC3,scgpt
GTGGGTCTCACAACGT_JIA_CD7_3,CD56dim NK,CD56dim NK,scgpt
CGGAGTCAGGATGGAA_JIA_Total_20,C1,C1,scgpt
TCTCCGAGTGTTCCAA_JIA_DC_3,C1,Naïve-like ILC,scgpt
TAAACCGGTTCCTCCA_JIA_CD7_2,C1,CD56bright NK,scgpt
GGGCACTTCGCCTGTT_JIA_CD7_4,C2,C3,scgpt
CAGATCATCATTGCCC_JIA_CD7_2,CD56bright NK,CD56bright NK,scgpt
ACGAGGATCCCTCTTT_JIA_CD7_3,C2,C2,scgpt
ATAAGAGGTTTAGCTG_JIA_CD7_1,Naïve-like ILC,ILC3,scgpt
ATCTGCCCATCCCACT_JIA_CD7_5,C1,C2,scgpt
GACCTGGGTTTGACTG_JIA_CD7_5,Cycling NK,Cycling NK,scgpt
TGCTACCGTCAGATAA_JIA_Total_2,C1,C1,scgpt
TCTGGAACAGGGCATA_JIA_CD7_1,Cycling NK,Cycling NK,scgpt
ATCATCTTCGCATGAT_JIA_Total_20,C2,C2,scgpt
GTCGTAAAGACTACAA_JIA_CD7_1,Cycling NK,C2,scgpt
TCATTTGAGTGTTGAA_JIA_CD7_5,C2,Naïve-like ILC,scgpt
TACCTTACAAGTAATG_JIA_CD7_5,Cycling NK,Cycling NK,scgpt
CTCACACCATAAAGGT_JIA_CD7_3,CD56dim NK,C2,scgpt
TCGTACCCATTGGTAC_JIA_CD7_4,C2,C2,scgpt
ATTCTACGTTCAGACT_JIA_CD7_3,C2,C3,scgpt
GCCTCTAGTGTGGCTC_JIA_CD7_4,C1,C1,scgpt
AGAGTGGCATATGCTG_JIA_CD7_2,C2,CD56dim NK,scgpt
TACGGGCGTTGTTTGG_JIA_CD7_5,C2,C3,scgpt
CATTATCAGAGTTGGC_JIA_CD7_5,C2,C2,scgpt
TAGACCAAGTCCGTAT_JIA_CD7_5,CD56dim NK,CD56dim NK,scgpt
GGTGTTATCTTGGGTA_JIA_Total_10,CD56bright NK,C2,scgpt
TTTACTGAGCATCATC_JIA_CD7_5,C2,C2,scgpt
GTACTCCTCTAACGGT_JIA_Total_20,C1,C3,scgpt
CACCTTGCACCCATGG_JIA_CD7_5,C2,C2,scgpt
CGTCCATCATGCTGGC_JIA_CD7_4,Cycling NK,C2,scgpt
CGACCTTAGCCGCCTA_JIA_CD7_5,C2,C2,scgpt
CCTATTATCAACACAC_JIA_CD7_4,CD56dim NK,CD56dim NK,scgpt
CTTCTCTCAAATCCGT_JIA_CD7_5,C2,C3,scgpt
TACCTTACACGGATAG_JIA_CD7_1,C2,Cycling NK,scgpt
TACCTTAAGCCACGCT_JIA_CD7_4,C1,CD56bright NK,scgpt
CCAGCGATCCCAAGAT_JIA_CD7_2,ILC2,ILC2,scgpt
TCAGGTACACGCCAGT_JIA_CD7_5,C1,Naïve-like ILC,scgpt
GCAGTTATCCACTCCA_JIA_CD7_2,ILC3,ILC3,scgpt
TGTATTCGTAGAGCTG_JIA_CD7_3,C3,C2,scgpt
TCAGCTCGTGCCTTGG_JIA_CD7_5,C3,C3,scgpt
GCTTGAATCTTGGGTA_JIA_CD7_2,CD56dim NK,CD56dim NK,scgpt
GCTGCAGTCGAATGCT_JIA_CD7_5,CD56dim NK,CD56dim NK,scgpt
CGATGGCGTCTTGCGG_JIA_CD7_5,Cycling NK,Cycling NK,scgpt
GTAACTGTCAACGAAA_JIA_CD7_3,ILC2,ILC2,scgpt
AAAGATGCATCGGTTA_JIA_Total_1,CD56dim NK,CD56dim NK,scgpt
CGGGTCAGTTCTGTTT_JIA_CD7_4,CD56bright NK,CD56bright NK,scgpt
GGGAGATAGTACCGGA_JIA_CD7_2,C2,C1,scgpt
CCTATTATCAACACAC_JIA_Total_19,Cycling NK,CD56dim NK,scgpt
CTGAAGTTCGGCGGTT_JIA_CD7_5,Naïve-like ILC,C3,scgpt
ATTACTCGTGAGGGTT_JIA_CD7_4,C1,C1,scgpt
TTGACTTAGCTTATCG_JIA_CD7_2,C3,Cycling NK,scgpt
TCTGAGACAGCTCGAC_JIA_CD7_4,C1,CD56bright NK,scgpt
CGATTGACACGGTAGA_JIA_CD7_1,Cycling NK,Cycling NK,scgpt
CAAGGCCCACAGTCGC_JIA_CD7_4,C1,CD56bright NK,scgpt
GCTGCGAGTTTGACAC_JIA_CD7_2,Cycling NK,Cycling NK,scgpt
CACACAACAGGTCTCG_JIA_CD7_4,CD56dim NK,CD56dim NK,scgpt
CGGGTCAGTGTTCGAT_JIA_CD7_1,C2,C2,scgpt
TGACGGCAGACCTTTG_JIA_CD7_4,Naïve-like ILC,Naïve-like ILC,scgpt
ACGGGCTAGGAGTTTA_JIA_Total_10,CD56bright NK,CD56bright NK,scgpt
CTACGTCCATGGGACA_JIA_Total_1,CD56dim NK,CD56dim NK,scgpt
CTCGTCAGTTCATGGT_JIA_CD7_4,C2,C2,scgpt
AACTTTCCATGGTAGG_JIA_CD7_5,Cycling NK,Cycling NK,scgpt
TCGGTAATCTGCTTGC_JIA_Total_14,ILC3,ILC3,scgpt
TGAAAGATCTGCTGTC_JIA_CD7_4,C1,C2,scgpt
CTTTGCGGTTCCACTC_JIA_CD7_5,C2,CD56bright NK,scgpt
GTCATTTTCAAGGTAA_JIA_CD7_1,C2,C2,scgpt
TCAGCAATCATCGATG_JIA_CD7_3,CD56bright NK,CD56bright NK,scgpt
CGTTAGACATCTGGTA_JIA_Total_23,CD56dim NK,CD56dim NK,scgpt
AAAGCAACACCCATTC_JIA_CD7_3,C2,C2,scgpt
GGGTCTGAGATGTCGG_JIA_CD7_4,ILC3,ILC3,scgpt
AAAGATGGTCTAAAGA_JIA_Total_17,C1,CD56bright NK,scgpt
CTACATTCACTATCTT_JIA_CD7_4,C1,C1,scgpt
GGTGTTATCCGCGGTA_JIA_CD7_5,C3,C2,scgpt
CCTCAGTTCTAAGCCA_JIA_CD7_1,CD56dim NK,CD56dim NK,scgpt
GGCCGATCAGCCACCA_JIA_Total_17,C1,C2,scgpt
TGCCAAAGTCCTGCTT_JIA_CD7_4,C2,C2,scgpt
TTGGGTATCGGTAGGA_JIA_DC_2,ILC3,Naïve-like ILC,scgpt
GCAAACTCAGTCAGCC_JIA_CD7_3,Cycling NK,Cycling NK,scgpt
ACACTGATCATGTAGC_JIA_Total_10,CD56dim NK,CD56dim NK,scgpt
TCACGAACAAGTCATC_JIA_CD7_4,Naïve-like ILC,Naïve-like ILC,scgpt
TATCTCAGTGACTCAT_JIA_CD7_5,CD56dim NK,CD56dim NK,scgpt
GAGTCCGCATAGTAAG_JIA_CD7_3,C1,CD56bright NK,scgpt
CTTCTCTCAAGTAATG_JIA_CD7_3,C2,C2,scgpt
AACGTTGTCCGTCATC_JIA_CD7_5,CD56bright NK,CD56bright NK,scgpt
CGGTTAAGTCTCAACA_JIA_CD7_1,C1,C1,scgpt
TACCTTACAAACCCAT_JIA_CD7_2,ILC2,ILC2,scgpt
TGGACGCCATATACCG_JIA_CD7_1,C2,C2,scgpt
TGATTTCAGCGGATCA_JIA_CD7_4,CD56bright NK,CD56bright NK,scgpt
CATCAAGTCTCTAGGA_JIA_Total_24,C1,C1,scgpt
ACATACGGTCACTTCC_JIA_CD7_4,Naïve-like ILC,Naïve-like ILC,scgpt
TCACAAGAGCCCAATT_JIA_CD7_5,CD56bright NK,CD56bright NK,scgpt
CGGACTGTCTGCGACG_JIA_CD7_5,C3,C3,scgpt
TACACGATCTTGCATT_JIA_CD7_5,C2,C2,scgpt
AACACGTCAAGCCGTC_JIA_CD7_1,CD56dim NK,CD56dim NK,scgpt
GTGCGGTGTATGCTTG_JIA_CD7_4,C1,C1,scgpt
ACGCCAGCAAGAGTCG_JIA_CD7_4,Cycling NK,Cycling NK,scgpt
GGGTCTGAGACTTCCA_JIA_DC_3,Naïve-like ILC,Naïve-like ILC,scgpt
TGTCCCACACTATCTT_JIA_CD7_2,CD56dim NK,CD56dim NK,scgpt
CTGGTCTGTGTTCGAT_JIA_CD7_4,C2,C2,scgpt
TCTTCGGGTTCGGCAC_JIA_CD7_4,ILC2,ILC2,scgpt
CGCTATCAGTTGAGAT_JIA_CD7_3,C1,C1,scgpt
ACCCACTAGAAGATTC_JIA_CD7_4,C1,Naïve-like ILC,scgpt
ACTGATGTCGGCCGAT_JIA_CD7_4,C1,C2,scgpt
ACGCCGAGTGAAGGCT_JIA_Total_20,C3,C3,scgpt
TGAGCATGTGTCGCTG_JIA_Total_24,C1,C1,scgpt
AGCTTGAGTGGTACAG_JIA_CD7_2,ILC2,ILC2,scgpt
TGGAACTGTTAGGGTG_JIA_CD45_1,C1,C1,scgpt
TTCTACATCACTATTC_JIA_Total_19,CD56dim NK,CD56dim NK,scgpt
CGTTCTGAGCCACGCT_JIA_Total_17,CD56bright NK,CD56bright NK,scgpt
CGAGCCAGTGCAGTAG_JIA_CD7_4,C3,Cycling NK,scgpt
TGGCCAGTCAGAGGTG_JIA_CD7_2,CD56dim NK,CD56dim NK,scgpt
AGCGTATCACCACGTG_JIA_CD7_5,Cycling NK,Cycling NK,scgpt
GAAATGAAGGATGGTC_JIA_CD7_1,Cycling NK,Cycling NK,scgpt
GCTGCAGTCGAACTGT_JIA_CD7_2,C1,CD56bright NK,scgpt
GTTCGGGCATGTCGAT_JIA_CD7_5,C2,C2,scgpt
TTCGAAGCAATACGCT_JIA_Total_1,Cycling NK,Cycling NK,scgpt
ACACCGGGTCGTCTTC_JIA_CD7_3,C2,C1,scgpt
TGGCGCAGTCTGATTG_JIA_Total_17,C2,C3,scgpt
GGGAATGAGTTCGCAT_JIA_CD7_5,C1,CD56bright NK,scgpt
ATCTGCCAGTTAGCGG_JIA_Total_7,Naïve-like ILC,Naïve-like ILC,scgpt
GGAATAACAGTCCTTC_JIA_Total_5,C1,C1,scgpt
GGGAATGCATTAACCG_JIA_CD7_4,Cycling NK,CD56dim NK,scgpt
ACTTACTTCAACGCTA_JIA_CD7_2,CD56dim NK,CD56dim NK,scgpt
GTAGTCAGTCTAGTCA_JIA_CD7_5,C2,C2,scgpt
CCTCTGAGTATATGGA_JIA_CD7_5,ILC3,Naïve-like ILC,scgpt
GCGAGAAGTGTGTGCC_JIA_CD7_3,CD56dim NK,CD56dim NK,scgpt
TTCTCCTTCCACTGGG_JIA_Total_24,C2,C2,scgpt
CGACCTTGTCCAGTAT_JIA_CD7_5,Naïve-like ILC,Naïve-like ILC,scgpt
GAACATCAGCAATATG_JIA_Total_19,ILC2,ILC2,scgpt
CGCCAAGGTTCTCATT_JIA_CD7_5,C2,C2,scgpt
ACGTCAAGTACCGGCT_JIA_CD7_4,Naïve-like ILC,Naïve-like ILC,scgpt
TCTTCGGTCAGCATGT_JIA_Total_24,C1,C3,scgpt
GGCTGGTTCGCTTGTC_JIA_CD7_5,Cycling NK,Cycling NK,scgpt
CTCGGGAGTCCCTTGT_JIA_CD7_3,CD56dim NK,CD56dim NK,scgpt
TTAACTCGTGTGTGCC_JIA_Total_20,C1,C1,scgpt
ATCCGAAAGAATCTCC_JIA_CD7_4,C1,Cycling NK,scgpt
GTCACGGAGTTGTCGT_JIA_CD7_5,C2,C2,scgpt
ATAAGAGGTTATCCGA_JIA_Total_20,C1,C1,scgpt
TGAGCCGGTGAGGCTA_JIA_CD7_2,CD56bright NK,CD56bright NK,scgpt
GGCTCGAGTAAAGTCA_JIA_Total_14,C1,C1,scgpt
GACTCAAAGATTAGTG_JIA_DC_1,C1,C1,scgpt
CACACTCTCAGGCAAG_JIA_CD7_5,ILC2,ILC2,scgpt
GACGTGCCAGGCTGAA_JIA_CD7_4,CD56bright NK,CD56bright NK,scgpt
GTCACGGTCTGGTATG_JIA_CD7_1,CD56dim NK,CD56dim NK,scgpt
CGTGTCTGTAAGGGAA_JIA_CD7_5,C2,C2,scgpt
AACTCCCCACCCATTC_JIA_CD7_2,CD56dim NK,CD56dim NK,scgpt
CTGATAGCACCCAGTG_JIA_CD7_3,Cycling NK,Cycling NK,scgpt
ATCACGACAAGTTGTC_JIA_CD7_4,CD56bright NK,CD56bright NK,scgpt
CCGGTAGGTTCCCTTG_JIA_CD7_5,CD56dim NK,CD56dim NK,scgpt
CGAACATAGTACGTTC_JIA_CD7_4,C1,C1,scgpt
CGAGCCATCCCTTGTG_JIA_CD7_4,Naïve-like ILC,ILC2,scgpt
TTCGAAGTCAAGATCC_JIA_CD7_1,Cycling NK,Cycling NK,scgpt
GAAATGAGTAACGTTC_JIA_Total_10,CD56dim NK,CD56dim NK,scgpt
AAACCTGAGCGATCCC_JIA_CD7_5,CD56bright NK,CD56bright NK,scgpt
GAATAAGTCACCACCT_JIA_CD7_5,Cycling NK,Cycling NK,scgpt
TAGACCAAGAAGCCCA_JIA_CD7_5,C2,C2,scgpt
CTGTGCTGTTTCCACC_JIA_Total_5,Cycling NK,Cycling NK,scgpt
GGGTTGCGTGCAACGA_JIA_CD7_5,C2,C2,scgpt
GCGAGAACAGTACACT_JIA_Total_24,C1,C1,scgpt
GAAGCAGTCACGGTTA_JIA_CD7_2,CD56bright NK,CD56bright NK,scgpt
AGTGTCATCTGATTCT_JIA_CD7_3,Cycling NK,Cycling NK,scgpt
ACACCAACAAGGGTCA_JIA_CD7_3,Cycling NK,Cycling NK,scgpt
GAGTCCGGTGTTAAGA_JIA_CD7_3,C2,C2,scgpt
GCGCAACTCCCTTGTG_JIA_CD7_2,C1,C3,scgpt
ACTATCTAGATGAGAG_JIA_CD7_5,C2,C2,scgpt
CGTTGGGCAGGGTTAG_JIA_Total_19,CD56dim NK,CD56dim NK,scgpt
CATTATCGTGACTACT_JIA_CD7_2,ILC2,ILC2,scgpt
GATCTAGGTACAAGTA_JIA_Total_20,C1,Naïve-like ILC,scgpt
GGAACTTGTGTTTGTG_JIA_CD7_5,CD56dim NK,CD56dim NK,scgpt
GACGTTACAGGAATCG_JIA_CD7_1,CD56dim NK,CD56dim NK,scgpt
CCAATCCCACTCTGTC_JIA_CD7_4,C2,C2,scgpt
GGCTGGTAGCTAGGCA_JIA_CD7_5,CD56dim NK,CD56dim NK,scgpt
ATTGGTGGTGCATCTA_JIA_CD7_5,CD56bright NK,CD56bright NK,scgpt
TACCTTAGTGCAACGA_JIA_CD7_3,C1,C1,scgpt
ACGATACCAAGCCCAC_JIA_Total_24,C3,C3,scgpt
AAGGCAGCACGGCGTT_JIA_CD7_5,C2,C2,scgpt
CTCGAGGGTTGAACTC_JIA_CD7_2,C1,C3,scgpt
GCATGTATCTGCCCTA_JIA_CD7_1,C3,C2,scgpt
AGGCCGTAGGCGTACA_JIA_CD7_2,CD56dim NK,CD56dim NK,scgpt
AGAGTGGAGCGCCTCA_JIA_CD7_5,CD56bright NK,CD56bright NK,scgpt
CGCCAAGTCGGAGCAA_JIA_Total_19,CD56bright NK,CD56bright NK,scgpt
TACGGATAGTTGTCGT_JIA_CD7_4,C1,C1,scgpt
GGCGTGTTCTGTCTCG_JIA_CD7_5,C2,C2,scgpt
AGCGTCGGTCCTAGCG_JIA_CD7_1,C1,Naïve-like ILC,scgpt
AAGTCTGTCACCTTAT_JIA_CD7_4,CD56dim NK,CD56dim NK,scgpt
CCCATACGTCGATTGT_JIA_CD7_2,CD56dim NK,CD56dim NK,scgpt
TATCAGGGTGGTCCGT_JIA_CD7_4,Naïve-like ILC,Naïve-like ILC,scgpt
GGCTGGTTCCATGCTC_JIA_Total_1,ILC2,ILC2,scgpt
GCAAACTTCTTTCCTC_JIA_Total_17,CD56bright NK,CD56bright NK,scgpt
CATCAGAGTTATTCTC_JIA_Total_1,CD56dim NK,CD56dim NK,scgpt
GCTTCCATCAAACCAC_JIA_CD7_2,CD56dim NK,CD56dim NK,scgpt
ACGCCGAGTTCGCGAC_JIA_CD7_4,Naïve-like ILC,C2,scgpt
AGGGATGCAAAGTCAA_JIA_CD7_4,CD56bright NK,CD56bright NK,scgpt
ACTGATGCACGAAGCA_JIA_CD7_5,Cycling NK,Cycling NK,scgpt
TCGCGTTGTCTAGGTT_JIA_CD7_4,C1,CD56bright NK,scgpt
GTAACTGCATTACGAC_JIA_Total_17,C3,C3,scgpt
GATCTAGGTTACAGAA_JIA_Total_23,CD56bright NK,CD56bright NK,scgpt
TGACTTTCACGGCTAC_JIA_CD7_5,C3,C2,scgpt
ACGGGCTAGAGCCCAA_JIA_CD7_5,CD56dim NK,CD56dim NK,scgpt
CAAGTTGCATGCATGT_JIA_Total_24,C2,C3,scgpt
GTCGTAACAGACACTT_JIA_CD7_1,C3,C3,scgpt
CATGGCGCACGGTTTA_JIA_Total_17,C1,CD56bright NK,scgpt
TAAGCGTAGTGACATA_JIA_CD7_5,C2,C2,scgpt
CTCTACGAGCGGCTTC_JIA_CD7_4,Naïve-like ILC,ILC3,scgpt
GATCGCGTCCGTTGCT_JIA_CD7_5,C3,C2,scgpt
AGGCCACGTATATGAG_JIA_Total_26,Cycling NK,Cycling NK,scgpt
TCAGCAAGTGTTCTTT_JIA_CD7_2,CD56dim NK,CD56dim NK,scgpt
TATCTCACACACGCTG_JIA_CD7_4,C1,C2,scgpt
CCTACACTCCATGAGT_JIA_CD7_5,C2,Naïve-like ILC,scgpt
TCGGGACGTTTGTTGG_JIA_CD7_5,CD56dim NK,CD56dim NK,scgpt
TTCCCAGAGGCTACGA_JIA_CD7_5,CD56dim NK,CD56dim NK,scgpt
TTCGAAGAGATGGGTC_JIA_CD7_5,C2,C2,scgpt
TGGCGCAGTTAGATGA_JIA_Total_17,C1,C2,scgpt
TGCCCTAGTCCGTCAG_JIA_CD7_5,C2,CD56bright NK,scgpt
TCCCGATCAGGTCCAC_JIA_CD7_5,CD56dim NK,CD56dim NK,scgpt
ACGAGGATCATCGATG_JIA_CD7_3,CD56dim NK,CD56dim NK,scgpt
AGGCCGTCAGGCAGTA_JIA_CD7_5,ILC2,ILC2,scgpt
CCTAGCTGTAAAGTCA_JIA_CD7_4,C2,C2,scgpt
CCGGTAGAGTGTGGCA_JIA_CD7_3,CD56dim NK,CD56dim NK,scgpt
CCTTACGTCCTCCTAG_JIA_CD7_1,C2,C2,scgpt
CATTCGCAGAGTACAT_JIA_CD7_3,C2,C2,scgpt
GCTGCAGGTTAAAGAC_JIA_CD7_5,C2,C2,scgpt
CTCTAATCAACGATGG_JIA_CD7_5,CD56dim NK,CD56dim NK,scgpt
AACTGGTAGAGGGATA_JIA_CD7_3,CD56dim NK,CD56dim NK,scgpt
CACATAGGTATAGTAG_JIA_CD7_1,Cycling NK,Cycling NK,scgpt
TTGCCGTTCAGATAAG_JIA_Total_20,C3,C3,scgpt
ACGATACAGAGTGAGA_JIA_CD7_2,ILC2,ILC2,scgpt
CCGTGGAGTCCGAGTC_JIA_CD7_2,CD56dim NK,CD56dim NK,scgpt
CGGGTCATCGACCAGC_JIA_CD7_2,ILC2,ILC2,scgpt
CGATGTACATGTAGTC_JIA_CD7_4,Cycling NK,C1,scgpt
CATCCACGTCCGAAGA_JIA_CD7_3,C2,C2,scgpt
CAACCTCGTAGCGTGA_JIA_CD7_5,Cycling NK,Cycling NK,scgpt
CACACTCGTGTGGCTC_JIA_CD7_5,ILC3,ILC3,scgpt
AGCATACAGATGTGTA_JIA_CD7_4,CD56dim NK,CD56dim NK,scgpt
GTGTGCGTCGGATGTT_JIA_CD7_1,Cycling NK,Cycling NK,scgpt
TGCTGCTTCCGCAAGC_JIA_CD7_5,C2,C2,scgpt
TGCTACCCAGTACACT_JIA_CD7_3,C1,C1,scgpt
TCGGGACCATCCAACA_JIA_CD7_1,Cycling NK,Cycling NK,scgpt
GATCAGTAGACAAAGG_JIA_Total_26,Cycling NK,Cycling NK,scgpt
TATCAGGCACCGGAAA_JIA_CD7_5,ILC3,ILC3,scgpt
TGTATTCAGTTTGCGT_JIA_Total_19,CD56bright NK,CD56bright NK,scgpt
TACAGTGCATTCTCAT_JIA_CD7_2,C2,C2,scgpt
CGATGGCTCGCTGATA_JIA_Total_17,C3,CD56bright NK,scgpt
GCATACAGTTAAGAAC_JIA_CD7_4,C1,C1,scgpt
CTCATTAAGACCTTTG_JIA_CD7_1,CD56dim NK,CD56dim NK,scgpt
ACCAGTACAATAGCAA_JIA_CD7_3,CD56bright NK,CD56bright NK,scgpt
TGGCTGGTCCGCGTTT_JIA_CD7_4,C3,C3,scgpt
CAGGTGCCAAAGCGGT_JIA_CD7_4,C2,C2,scgpt
TTCCCAGAGATGGGTC_JIA_Total_23,CD56dim NK,CD56dim NK,scgpt
ACGCAGCTCACCATAG_JIA_CD7_2,ILC2,ILC2,scgpt
GGAACTTAGCGATCCC_JIA_CD7_4,C2,C2,scgpt
CCGTGGACATAACCTG_JIA_CD7_4,C3,C3,scgpt
ACAGCCGTCTGGTATG_JIA_CD7_2,ILC2,ILC2,scgpt
GATCGATTCCCAAGTA_JIA_Total_1,CD56bright NK,CD56bright NK,scgpt
GTCGGGTTCGCGCCAA_JIA_CD7_1,CD56dim NK,CD56dim NK,scgpt
CACCACTGTTAAGTAG_JIA_CD7_4,C3,C3,scgpt
GCTGGGTTCGTGACAT_JIA_CD7_2,ILC2,ILC2,scgpt
GGAGCAAAGTTGTCGT_JIA_CD7_2,CD56bright NK,CD56bright NK,scgpt
CACCACTCAGGGAGAG_JIA_CD7_5,C3,C3,scgpt
TGGGATTGTAGTCGTT_JIA_CD45_1,CD56dim NK,CD56dim NK,scgpt
ACCAGTAAGCTACCTA_JIA_CD7_4,C1,C3,scgpt
CATATGGAGCGACGTA_JIA_Total_25,C2,CD56bright NK,scgpt
CTCATTATCCCTCTTT_JIA_Total_7,CD56dim NK,CD56dim NK,scgpt
AACCGCGGTTCCGGCA_JIA_Total_11,Naïve-like ILC,C1,scgpt
CTTGGCTCACTGCCAG_JIA_CD7_4,C1,C1,scgpt
ACATACGGTTTCCACC_JIA_CD7_1,CD56dim NK,CD56dim NK,scgpt
ATCTACTGTACGAAAT_JIA_CD7_3,CD56dim NK,CD56dim NK,scgpt
ATTGGGTCAGAAACCG_JIA_CD45_2,CD56dim NK,CD56dim NK,scgpt
CGATCGGTCAAAGACA_JIA_CD7_2,CD56dim NK,CD56dim NK,scgpt
TTGGAACCATCTGGTA_JIA_CD7_1,CD56dim NK,CD56dim NK,scgpt
ATCCACCCAGGGATTG_JIA_CD7_5,Cycling NK,Cycling NK,scgpt
TGCTACCAGCTCCTCT_JIA_CD7_2,CD56bright NK,CD56bright NK,scgpt
ATCGTAGAGGAACGAA_JIA_DC_1,C1,C1,scgpt
AAAGCAAAGCCCAACC_JIA_CD7_3,C2,C2,scgpt
GCGCCAAAGGAGTACC_JIA_CD7_4,C2,C3,scgpt
CACCAGGAGGAGTTTA_JIA_CD7_5,C1,Cycling NK,scgpt
GTACTTTAGCTACCTA_JIA_CD7_1,CD56dim NK,CD56dim NK,scgpt
GTTCTCGGTCTAGAGG_JIA_CD7_5,Naïve-like ILC,ILC3,scgpt
AGTGAGGCAGGCGATA_JIA_CD7_5,CD56dim NK,CD56dim NK,scgpt
GCGCCAATCACGAAGG_JIA_CD7_3,CD56dim NK,CD56dim NK,scgpt
GCACTCTGTCCAGTAT_JIA_CD7_5,C1,C1,scgpt
TTAACTCAGTAACCCT_JIA_CD7_5,CD56bright NK,CD56bright NK,scgpt
TCGTACCCATCGGTTA_JIA_CD7_3,CD56dim NK,CD56dim NK,scgpt
CGTCTACAGCGATATA_JIA_CD7_4,C1,C1,scgpt
GTTCATTAGATGTGTA_JIA_CD7_1,C2,C2,scgpt
TGGCCAGTCGCCTGTT_JIA_CD7_5,Cycling NK,Cycling NK,scgpt
ACGATGTGTGACCAAG_JIA_CD7_5,ILC3,Naïve-like ILC,scgpt
TTTGTTGAGCATATGA_JIA_DC_2,C1,C1,scgpt
GTGCAGCAGTATCTCG_JIA_Total_10,Cycling NK,Cycling NK,scgpt
ATTATCCTCGTCGTTC_JIA_CD7_2,CD56dim NK,CD56dim NK,scgpt
TGCACCTTCTCTGTCG_JIA_CD7_4,Cycling NK,CD56dim NK,scgpt
TTTCCTCCAAAGGAAG_JIA_CD7_3,CD56bright NK,CD56bright NK,scgpt
GCGGGTTAGACTCGGA_JIA_CD7_4,C2,C2,scgpt
TTCTCAAAGTTCGATC_JIA_CD7_5,CD56bright NK,CD56bright NK,scgpt
GCGCAGTAGACTAAGT_JIA_CD7_3,CD56bright NK,Cycling NK,scgpt
AGAGTGGAGGCTCAGA_JIA_CD7_3,C1,CD56bright NK,scgpt
CATCAAGGTATATCCG_JIA_CD7_2,C2,C2,scgpt
TTAACTCAGGCTAGAC_JIA_CD7_5,CD56bright NK,CD56bright NK,scgpt
TTGCGTCGTTGCTCCT_JIA_CD7_5,C1,C2,scgpt
CTGCTGTCAACTGCGC_JIA_CD7_3,C2,CD56bright NK,scgpt
GCAAACTTCGGATGGA_JIA_CD7_4,C1,Naïve-like ILC,scgpt
ATCGAGTGTGCGGTAA_JIA_CD7_1,C2,C2,scgpt
GAGCAGACAGTAAGAT_JIA_Total_7,CD56bright NK,CD56bright NK,scgpt
ACGGGTCCAAGGACAC_JIA_CD7_5,C3,C3,scgpt
ACATCAGTCACTTCAT_JIA_CD7_4,C2,C1,scgpt
ACGTCAAAGACAAGCC_JIA_CD7_4,ILC2,ILC2,scgpt
CGGACTGAGCTATGCT_JIA_CD7_1,CD56dim NK,CD56dim NK,scgpt
AAAGCAAAGAATGTTG_JIA_Total_24,C1,C1,scgpt
GGGTCTGAGGCTAGAC_JIA_CD7_5,C2,C2,scgpt
TAGCCGGCATTAGCCA_JIA_CD7_1,ILC2,ILC2,scgpt
ACCTTTAAGTAGTGCG_JIA_CD7_2,CD56dim NK,CD56dim NK,scgpt
TGGTTCCTCTCTTATG_JIA_CD7_5,C2,C2,scgpt
TCTTTCCCAGCCACCA_JIA_CD7_4,C3,C3,scgpt
ACTTACTTCCGCAGTG_JIA_CD7_5,CD56dim NK,CD56dim NK,scgpt
ACGCCAGCATCACGTA_JIA_CD7_2,ILC2,ILC2,scgpt
AGGTCCGCATGGTCAT_JIA_CD7_5,Cycling NK,Cycling NK,scgpt
ACAGCCGTCAGGCCCA_JIA_CD7_2,ILC2,ILC2,scgpt
CGACTTCCAAGTAGTA_JIA_CD7_4,C2,C2,scgpt
GCACTCTCATTAGGCT_JIA_CD7_4,C1,C1,scgpt
CGAGCCAGTACGCACC_JIA_CD7_5,CD56bright NK,C3,scgpt
CCTTACGTCAGGCGAA_JIA_CD7_2,C1,C1,scgpt
TACTCGCCAGATCTGT_JIA_CD7_2,CD56dim NK,CD56dim NK,scgpt
TCTCATACATTCACTT_JIA_CD7_4,Cycling NK,Cycling NK,scgpt
TCCCGATTCTATCGCC_JIA_CD7_5,C2,C2,scgpt
GCTTGAAGTCGCGTGT_JIA_Total_17,C1,CD56dim NK,scgpt
GTCGTAAGTAGTGAAT_JIA_Total_23,CD56bright NK,C1,scgpt
GTAGGCCGTTTCCACC_JIA_CD7_5,CD56dim NK,CD56dim NK,scgpt
TGTATTCAGTAGTGCG_JIA_CD7_4,ILC2,ILC2,scgpt
GTACTTTCACCGAATT_JIA_CD7_4,Cycling NK,Cycling NK,scgpt
GGCTCGACAGAAGCAC_JIA_CD7_4,C2,C2,scgpt
CATATTCGTCCATGAT_JIA_Total_13,CD56bright NK,CD56bright NK,scgpt
TGGCTGGAGTAGCGGT_JIA_CD7_4,C1,C2,scgpt
GCGCGATGTACACCGC_JIA_CD7_1,CD56dim NK,CD56dim NK,scgpt
CTGCCTACATACCATG_JIA_CD7_5,Cycling NK,Cycling NK,scgpt
AGCTCTCTCGTCTGCT_JIA_CD7_5,CD56bright NK,C2,scgpt
CGGTTAATCAAGCCTA_JIA_CD7_4,C1,C1,scgpt
TTGAACGGTCCGTTAA_JIA_CD7_5,C2,C2,scgpt
CCCTCCTAGTCCCACG_JIA_CD7_2,Naïve-like ILC,ILC3,scgpt
GCAATCAAGCAATCTC_JIA_CD7_4,C1,C1,scgpt
CATATGGGTGCGCTTG_JIA_CD7_5,Cycling NK,Cycling NK,scgpt
GCTGCGAGTGAGGCTA_JIA_CD7_5,Cycling NK,Cycling NK,scgpt
CACACCTGTCACACGC_JIA_CD7_2,ILC2,ILC2,scgpt
TCGCGAGAGACCTTTG_JIA_Total_26,ILC3,ILC2,scgpt
CACACAATCGTTTATC_JIA_CD7_5,CD56bright NK,CD56bright NK,scgpt
GGGACCTTCCTTTCTC_JIA_CD7_5,Cycling NK,Cycling NK,scgpt
CTACGTCGTCAGTGGA_JIA_CD7_5,Cycling NK,Cycling NK,scgpt
CACAGTAAGATCTGCT_JIA_CD7_5,C1,C1,scgpt
GTGAAGGGTGGCTCCA_JIA_CD7_2,CD56dim NK,CD56dim NK,scgpt
GCTGCTTGTCTCCACT_JIA_CD7_3,C1,C1,scgpt
AACTCCCTCAGCCTAA_JIA_Total_23,CD56dim NK,CD56dim NK,scgpt
CGTCCATTCTTTAGGG_JIA_CD7_1,CD56dim NK,CD56dim NK,scgpt
CGCTGGATCCTGCTTG_JIA_Total_25,CD56bright NK,CD56bright NK,scgpt
ACCTTTAGTCTACCTC_JIA_CD7_5,CD56bright NK,CD56bright NK,scgpt
CATCGAAAGGCAATTA_JIA_CD7_2,ILC2,ILC2,scgpt
AGCGGTCCATCCAACA_JIA_CD7_4,C1,C1,scgpt
GATTCAGAGAATGTGT_JIA_Total_10,ILC3,Naïve-like ILC,scgpt
GCTGCGATCTGCAGTA_JIA_CD7_4,Cycling NK,CD56dim NK,scgpt
ACAGCCGGTCAAAGCG_JIA_CD7_1,CD56dim NK,CD56dim NK,scgpt
GCGCAGTCATAGTAAG_JIA_Total_19,CD56dim NK,CD56dim NK,scgpt
TCAGATGGTGAGGCTA_JIA_Total_2,Cycling NK,Cycling NK,scgpt
GGAACTTTCGTATCAG_JIA_CD7_1,Cycling NK,Cycling NK,scgpt
TAGCCGGAGATCACGG_JIA_CD7_4,C2,C3,scgpt
CACCTTGAGTGGTAGC_JIA_CD7_3,C1,C1,scgpt
GTGAAGGAGATAGCAT_JIA_Total_10,CD56dim NK,CD56dim NK,scgpt
CTCGTACGTTAAGTAG_JIA_CD7_2,Cycling NK,Cycling NK,scgpt
GTAACTGGTTTAGGAA_JIA_CD7_4,Naïve-like ILC,ILC3,scgpt
CTAGTGAAGGAGTTTA_JIA_CD7_5,CD56dim NK,CD56dim NK,scgpt
GGAAAGCTCCTCAATT_JIA_CD7_5,Cycling NK,C1,scgpt
TTGAACGCATGCCTTC_JIA_CD7_5,C1,Naïve-like ILC,scgpt
TCTCTAACATCACCCT_JIA_Total_24,C1,C1,scgpt
GAATAAGCACCGAAAG_JIA_CD7_2,CD56bright NK,CD56bright NK,scgpt
CCTCTGACAAACGCGA_JIA_Total_1,CD56dim NK,CD56dim NK,scgpt
CACACTCGTAGGACAC_JIA_CD7_5,Cycling NK,Cycling NK,scgpt
CGGACGTCATAAGACA_JIA_CD7_3,C2,C2,scgpt
AGCAGCCCAAATCCGT_JIA_CD7_5,C2,C2,scgpt
TCTCTAATCCGCGCAA_JIA_CD7_5,CD56bright NK,CD56bright NK,scgpt
GACCTGGCAACAACCT_JIA_CD7_2,C1,CD56bright NK,scgpt
AGACGTTAGCTAACTC_JIA_CD7_3,Cycling NK,Cycling NK,scgpt
CAAGAAAGTTACCGAT_JIA_CD7_5,CD56bright NK,CD56bright NK,scgpt
CTGATCCAGATATGGT_JIA_Total_17,Cycling NK,Cycling NK,scgpt
TGCCAAATCAGAGGTG_JIA_Total_4,CD56dim NK,CD56dim NK,scgpt
TCTGAGATCTGATTCT_JIA_CD7_4,CD56dim NK,CD56dim NK,scgpt
TGACGGCAGTGGACGT_JIA_Total_17,C1,C1,scgpt
ACGGAGATCTTCGAGA_JIA_CD7_5,C1,C2,scgpt
GAAACTCGTAAATACG_JIA_CD7_3,C1,Naïve-like ILC,scgpt
CTCGTCACACTTGGAT_JIA_CD7_5,C2,CD56bright NK,scgpt
TTTGTCACAAAGGAAG_JIA_CD7_2,ILC2,ILC2,scgpt
CGCGTTTGTCTCTCTG_JIA_CD7_3,C1,Naïve-like ILC,scgpt
TTAGGCAAGAACAATC_JIA_CD7_3,CD56dim NK,CD56dim NK,scgpt
TGCCCTACATACAGCT_JIA_Total_1,CD56dim NK,CD56dim NK,scgpt
CCCAATCAGTATCGAA_JIA_CD7_5,CD56bright NK,CD56bright NK,scgpt
TCTGAGAAGTCTTGCA_JIA_Total_25,CD56dim NK,CD56dim NK,scgpt
CTCGTCAGTAGCGCAA_JIA_CD7_3,CD56bright NK,CD56bright NK,scgpt
CTGCTGTGTGCCTGGT_JIA_Total_26,C2,C1,scgpt
TAGTTGGGTTTGGCGC_JIA_CD7_5,C2,C2,scgpt
TTCTTAGAGGAGTACC_JIA_CD7_1,C2,C2,scgpt
TTCTACAAGCTTCGCG_JIA_CD7_1,C2,C2,scgpt
TTGACTTAGTCATGCT_JIA_CD7_4,C1,C1,scgpt
CGTAGCGCAACTTGAC_JIA_CD7_4,CD56dim NK,CD56dim NK,scgpt
ATGCGATAGCCAACAG_JIA_CD7_2,C1,CD56bright NK,scgpt
AGTAGTCGTACCGTTA_JIA_CD7_5,C1,C2,scgpt
TTGCGTCTCCTCAATT_JIA_CD7_3,C1,C1,scgpt
CAAGGCCAGTAGCGGT_JIA_CD7_3,CD56dim NK,CD56dim NK,scgpt
GTACTCCGTTTGTTTC_JIA_CD7_2,C1,C1,scgpt
TGGCGCAAGAAGGACA_JIA_Total_26,C1,CD56bright NK,scgpt
GCAGTTACAAGACACG_JIA_Total_25,Cycling NK,Cycling NK,scgpt
CTGGTCTGTGGAAAGA_JIA_CD7_2,Cycling NK,Cycling NK,scgpt
TGAGAGGGTCCGCTGA_JIA_CD7_5,C2,C3,scgpt
AACTGGTAGCGTTTAC_JIA_CD7_4,CD56bright NK,CD56bright NK,scgpt
GACAGAGGTGTGGTTT_JIA_CD7_3,CD56dim NK,CD56dim NK,scgpt
TACTCATAGATCCGAG_JIA_CD7_4,C1,C2,scgpt
TCACAAGTCTAAGCCA_JIA_CD7_4,Cycling NK,Cycling NK,scgpt
TCTTTCCCACATTAGC_JIA_Total_16,Cycling NK,Cycling NK,scgpt
AAACGGGCAGACTCGC_JIA_CD7_3,ILC2,ILC2,scgpt
CCACGGATCTATCCTA_JIA_CD7_5,CD56dim NK,CD56dim NK,scgpt
GTATTCTTCCATGAGT_JIA_Total_19,CD56bright NK,CD56bright NK,scgpt
GAGTCCGCATATGAGA_JIA_Total_1,CD56dim NK,CD56dim NK,scgpt
GAATAAGAGTTAAGTG_JIA_Total_19,CD56bright NK,CD56bright NK,scgpt
GGGTTGCGTCCATCCT_JIA_CD7_5,Cycling NK,Cycling NK,scgpt
GTGCATATCGTTACAG_JIA_CD7_4,CD56dim NK,CD56dim NK,scgpt
CAGGTGCAGCATCATC_JIA_Total_11,C3,C3,scgpt
CCACCTAAGAGGTTAT_JIA_CD7_5,C1,Naïve-like ILC,scgpt
TTGGCAAGTCGCATAT_JIA_CD7_3,Cycling NK,Cycling NK,scgpt
CTGTTTATCGGTTCGG_JIA_CD7_2,C1,C1,scgpt
GGTATTGAGAATTCCC_JIA_CD7_3,CD56dim NK,CD56dim NK,scgpt
TCGGTAAAGCGAGAAA_JIA_CD7_4,C2,C2,scgpt
TCAGCTCGTTGTGGCC_JIA_CD7_1,CD56dim NK,CD56dim NK,scgpt
CGGACACAGCCCGAAA_JIA_CD7_3,C3,C2,scgpt
CTAACTTCATAGACTC_JIA_CD7_4,C1,C1,scgpt
GACGTTACAACAACCT_JIA_CD7_2,CD56dim NK,CD56dim NK,scgpt
GATGCTAAGTACCGGA_JIA_CD7_5,Naïve-like ILC,Naïve-like ILC,scgpt
GGCCGATGTAAGAGGA_JIA_CD7_5,Cycling NK,Cycling NK,scgpt
AGGTCCGAGGACTGGT_JIA_CD7_5,Naïve-like ILC,Naïve-like ILC,scgpt
AGTCTTTGTTGTGGAG_JIA_CD7_5,C1,C1,scgpt
GTACGTACACTATCTT_JIA_CD7_3,ILC2,ILC2,scgpt
CGTCACTTCCGCATCT_JIA_CD7_5,Cycling NK,Naïve-like ILC,scgpt
ATCACGATCAAACCAC_JIA_CD7_3,ILC2,ILC2,scgpt
GTTCGGGTCACCTCGT_JIA_CD7_2,CD56bright NK,CD56bright NK,scgpt
AAGTCTGGTCCGAACC_JIA_CD7_5,Cycling NK,Cycling NK,scgpt
TCTGAGATCCCTTGCA_JIA_CD7_1,CD56dim NK,CD56dim NK,scgpt
AGAGTGGCATGCTGGC_JIA_CD7_4,C2,CD56bright NK,scgpt
AAGGAGCGTCTAGCCG_JIA_CD7_5,C2,Naïve-like ILC,scgpt
CGTAGGCAGGCAGTCA_JIA_Total_23,CD56dim NK,CD56dim NK,scgpt
GATGCTACAGATCCAT_JIA_CD7_4,CD56bright NK,CD56bright NK,scgpt
AAAGCAACACGGTAGA_JIA_CD7_3,CD56dim NK,CD56dim NK,scgpt
ACTTGTTAGGGCTTGA_JIA_CD7_5,Cycling NK,Cycling NK,scgpt
TGCGTGGGTCACTTCC_JIA_Total_11,C1,C3,scgpt
CGTAGGCTCTGGTGTA_JIA_Total_19,CD56dim NK,CD56dim NK,scgpt
GATGCTACACTGTTAG_JIA_Total_19,CD56dim NK,CD56dim NK,scgpt
CACAGTAAGACCACGA_JIA_CD7_4,C2,C2,scgpt
GTTACAGAGACGACGT_JIA_CD7_2,CD56bright NK,CD56bright NK,scgpt
CCTACCATCTGCTGCT_JIA_CD7_1,CD56dim NK,CD56dim NK,scgpt
CTCGAGGAGAAACCTA_JIA_CD7_5,ILC3,ILC3,scgpt
CAGAGAGTCTCTAAGG_JIA_Total_1,CD56bright NK,CD56bright NK,scgpt
ATCCACCAGTGTACTC_JIA_Total_7,CD56bright NK,CD56bright NK,scgpt
GACACGCCACGGTAAG_JIA_CD7_4,C2,C2,scgpt
CGTCCATAGCCAACAG_JIA_CD7_4,C2,C2,scgpt
GGCTGGTCAGGTCGTC_JIA_CD7_5,C1,C2,scgpt
CAGGTGCTCCTCAATT_JIA_Total_1,Naïve-like ILC,Naïve-like ILC,scgpt
GACCTGGAGGGTCTCC_JIA_CD7_4,CD56bright NK,CD56bright NK,scgpt
ATCCGAAGTCTGCAAT_JIA_Total_17,C2,C2,scgpt
TTTATGCGTGCATCTA_JIA_CD7_3,CD56bright NK,CD56bright NK,scgpt
CTGTGCTAGACAAAGG_JIA_CD7_3,CD56dim NK,CD56dim NK,scgpt
GCGCAGTGTGTAATGA_JIA_CD7_3,Cycling NK,Cycling NK,scgpt
AGACACTAGGTGTGAC_JIA_CD45_2,Naïve-like ILC,ILC3,scgpt
TTCGGTCAGCCTTGAT_JIA_CD7_5,Cycling NK,Cycling NK,scgpt
TACGGTAGTTGGGACA_JIA_CD7_4,C1,C1,scgpt
AATCGGTAGAAACCAT_JIA_CD7_1,Cycling NK,Cycling NK,scgpt
TGGCTGGGTCGGGTCT_JIA_CD7_4,C1,C1,scgpt
GCAAACTAGTGAACGC_JIA_CD7_4,CD56dim NK,CD56dim NK,scgpt
CAGCTGGTCCACGACG_JIA_CD7_1,C2,C2,scgpt
TCGTACCGTCGCATAT_JIA_CD7_3,C2,C2,scgpt
GTCCTCATCACATACG_JIA_CD7_1,CD56dim NK,CD56dim NK,scgpt
CAGATCACATTAGGCT_JIA_CD7_5,C2,C2,scgpt
CACACCTTCGAACTGT_JIA_CD7_4,C2,C1,scgpt
TTGCGTCTCAACACTG_JIA_CD7_1,C2,C2,scgpt
GCACTCTAGCGCTCCA_JIA_CD7_4,C3,C3,scgpt
GGAGCAATCGCACTCT_JIA_CD7_2,CD56dim NK,CD56dim NK,scgpt
GAAATGATCGTGGTCG_JIA_CD7_5,Cycling NK,Cycling NK,scgpt
TGCCCTATCCGCATCT_JIA_CD7_5,Naïve-like ILC,Naïve-like ILC,scgpt
TTAACTCAGCTGAAAT_JIA_CD7_1,CD56dim NK,CD56dim NK,scgpt
GAACACTGTGGACTGA_JIA_DC_1,C2,C2,scgpt
ACTTTCATCCTCTAGC_JIA_CD7_4,Cycling NK,C1,scgpt
GTGCGGTGTCGCGTGT_JIA_CD7_2,C1,C1,scgpt
CGTGTCTTCAAACAAG_JIA_CD7_4,CD56bright NK,CD56bright NK,scgpt
TCGGTAACACTAGTAC_JIA_CD7_5,CD56dim NK,CD56dim NK,scgpt
GGACATTGTGTCGCTG_JIA_CD7_3,ILC2,ILC2,scgpt
GTATTCTTCATGCTCC_JIA_CD7_5,C2,Naïve-like ILC,scgpt
GGACAGAAGGTGTTAA_JIA_CD7_3,C1,C1,scgpt
TGACTTTAGTATCGAA_JIA_CD7_2,ILC2,ILC3,scgpt
TAGAGCTCAGTCCTTC_JIA_CD7_5,C2,C2,scgpt
TCGTACCCACACATGT_JIA_Total_24,C2,C2,scgpt
GATGAAAGTTGCGTTA_JIA_CD7_1,CD56dim NK,CD56dim NK,scgpt
GAAATGAGTAGCGTGA_JIA_CD7_4,C1,C1,scgpt
AACCATGGTTCTGGTA_JIA_CD7_5,C2,C2,scgpt
AATCCAGAGTGGACGT_JIA_CD7_3,C3,C3,scgpt
AAGTCTGAGTCTCCTC_JIA_CD7_5,C1,C1,scgpt
GACGTTACATATGGTC_JIA_Total_2,Cycling NK,Cycling NK,scgpt
CCGTGGAGTCTAAACC_JIA_Total_26,C1,C1,scgpt
CTTAACTGTGGAAAGA_JIA_CD7_5,CD56dim NK,CD56dim NK,scgpt
ATTTCTGAGTACACCT_JIA_CD7_4,CD56bright NK,CD56bright NK,scgpt
TGTATTCCACGGCCAT_JIA_CD7_1,C2,C2,scgpt
TGCGTGGCAGTGACAG_JIA_CD7_5,C3,C3,scgpt
GAACATCAGTTGTAGA_JIA_CD7_3,C1,C1,scgpt
CATCGTCTCTGACCCT_JIA_DC_1,Naïve-like ILC,Naïve-like ILC,scgpt
TAGTGGTAGTAAGTAC_JIA_CD7_3,Naïve-like ILC,Naïve-like ILC,scgpt
TCATATCAGACGGATC_JIA_CD45_1,CD56dim NK,CD56dim NK,scgpt
CAGCTAATCAGGTAAA_JIA_CD7_5,CD56dim NK,CD56dim NK,scgpt
GACTCAAGTCCGGTGT_JIA_DC_2,C1,C1,scgpt
TGCGGGTTCATTCACT_JIA_CD7_5,C2,C2,scgpt
CAACCTCGTTCCATGA_JIA_Total_10,CD56dim NK,CD56dim NK,scgpt
TGTTCCGGTTGTCTTT_JIA_CD7_4,C1,C1,scgpt
AACGTTGTCATAGCAC_JIA_CD7_3,Cycling NK,Cycling NK,scgpt
AGCGTATCAGCTGTTA_JIA_CD7_4,Cycling NK,Cycling NK,scgpt
TGCGGGTAGAAACGAG_JIA_CD7_3,Cycling NK,Cycling NK,scgpt
GTTTCTATCCGAATGT_JIA_CD7_2,Naïve-like ILC,ILC2,scgpt
CAAGAAATCCCTCTTT_JIA_Total_1,CD56bright NK,CD56bright NK,scgpt
TACTTACCATGGGAAC_JIA_Total_1,CD56bright NK,C2,scgpt
GTCACAACAGGCGATA_JIA_Total_20,C2,C3,scgpt
CTCTGGTAGCCTTGAT_JIA_CD7_1,C1,C1,scgpt
CACACAAGTGACTACT_JIA_Total_4,CD56dim NK,CD56dim NK,scgpt
CCCAATCCAGTTTACG_JIA_CD7_4,Cycling NK,Cycling NK,scgpt
CTGGACGCATACAGAA_JIA_DC_2,C1,C1,scgpt
GGACAGACACCAGTTA_JIA_CD7_4,ILC2,ILC3,scgpt
CACAGTAAGGAGTTGC_JIA_CD7_5,CD56dim NK,CD56dim NK,scgpt
TTTGCGCGTCTGATTG_JIA_CD7_4,C2,C2,scgpt
CTTCTCTTCGCATGGC_JIA_CD7_3,C2,C2,scgpt
ACTTACTCACTTAACG_JIA_CD7_5,C2,C2,scgpt
TTGCCGTTCAGTTCGA_JIA_CD7_5,C2,Naïve-like ILC,scgpt
TCTGAGAGTCTTGCGG_JIA_CD7_5,ILC3,ILC3,scgpt
TATGCCCGTACTTAGC_JIA_Total_2,ILC2,ILC2,scgpt
CTTGGCTAGTTAACGA_JIA_CD7_5,Cycling NK,Cycling NK,scgpt
GTTACAGCACATGGGA_JIA_CD7_2,C1,C1,scgpt
GGAATAATCAACACAC_JIA_CD7_3,Cycling NK,Cycling NK,scgpt
CTTACCGAGGCTCAGA_JIA_CD7_4,ILC2,ILC2,scgpt
GACTGCGGTTAAGTAG_JIA_CD7_1,C2,C2,scgpt
GCTTCCATCTCACATT_JIA_Total_25,CD56dim NK,CD56dim NK,scgpt
CTGTTTATCTCGCTTG_JIA_CD7_4,C1,C1,scgpt
CATTATCCACGCCAGT_JIA_CD7_1,Cycling NK,Cycling NK,scgpt
GTAATCGCATCTAGAC_JIA_DC_1,C1,C1,scgpt
GTTCATTGTTTGTTTC_JIA_CD7_2,Cycling NK,Cycling NK,scgpt
ACGCAGCCAGGTTTCA_JIA_CD7_5,CD56dim NK,CD56dim NK,scgpt
ACAGCCGCACTTAACG_JIA_CD7_1,C2,C2,scgpt
CTGCTGTAGCTCCCAG_JIA_CD7_1,Cycling NK,Cycling NK,scgpt
CATCAAGAGAAACGCC_JIA_CD7_5,C2,C2,scgpt
GTGAGGAGTATAGCTC_JIA_DC_2,C1,ILC2,scgpt
CGGCTAGCATACTCTT_JIA_CD7_1,C2,C2,scgpt
ACCGTAAGTCAATACC_JIA_CD7_3,C1,C1,scgpt
AAAGATGCATGGGACA_JIA_CD7_5,C2,C2,scgpt
TCTATTGTCGAGAACG_JIA_CD7_4,CD56bright NK,CD56bright NK,scgpt
TGACTTTCAATGAAAC_JIA_CD7_5,C2,C2,scgpt
GTTTCTAAGGTAAACT_JIA_CD7_4,Cycling NK,Cycling NK,scgpt
GTACTTTGTCAGCTAT_JIA_CD7_2,CD56dim NK,CD56dim NK,scgpt
ACGGGCTTCGTATCAG_JIA_CD7_3,Cycling NK,CD56dim NK,scgpt
CGTAGGCAGATCCGAG_JIA_CD7_5,C2,C2,scgpt
CGACTTCCATTTGCCC_JIA_CD7_2,CD56dim NK,CD56dim NK,scgpt
AAGACCTTCCTATTCA_JIA_CD7_4,ILC3,ILC3,scgpt
ATCGAGTCACAGACAG_JIA_CD7_5,Cycling NK,Cycling NK,scgpt
CAAGATCCAGACGCAA_JIA_CD7_2,ILC2,ILC2,scgpt
ATCCGAAAGTTCGATC_JIA_CD7_5,C2,C2,scgpt
AGCGTCGCAATGGTCT_JIA_CD7_5,C3,C3,scgpt
CGTGTAAAGAGCTGCA_JIA_Total_19,ILC2,ILC2,scgpt
CAAGTTGCAGCTCGCA_JIA_CD7_3,ILC2,ILC2,scgpt
TGGTTAGAGGTTACCT_JIA_CD7_5,C2,C2,scgpt
CCACCTATCCGCTGTT_JIA_CD7_5,ILC3,ILC3,scgpt
CACCACTGTCAATACC_JIA_CD7_3,CD56dim NK,CD56dim NK,scgpt
GACTGCGGTGTATGGG_JIA_CD7_5,C2,C2,scgpt
TAGACCATCCGAATGT_JIA_CD7_4,C1,C2,scgpt
CCTACACCAGGGTACA_JIA_CD7_1,C2,C2,scgpt
TCCACACCAATAGCAA_JIA_CD7_2,CD56bright NK,CD56bright NK,scgpt
AACTGGTCATACAGCT_JIA_CD7_5,CD56bright NK,CD56bright NK,scgpt
GTCTTCGCAAGCTGTT_JIA_Total_23,CD56bright NK,C1,scgpt
TTTACTGAGAAGGCCT_JIA_CD7_5,C3,C3,scgpt
CCAATCCTCCCATTAT_JIA_Total_20,C1,C2,scgpt
GACTCTCGTGCATTTG_JIA_CD45_1,ILC2,ILC2,scgpt
TACCTTAAGGACAGCT_JIA_CD7_3,CD56bright NK,CD56bright NK,scgpt
GTCGTAAGTCTGCCAG_JIA_CD7_5,C2,C2,scgpt
GCTGCTTCACTAAGTC_JIA_CD7_3,CD56dim NK,CD56dim NK,scgpt
CATGGCGAGCGTGAAC_JIA_CD7_5,Cycling NK,Cycling NK,scgpt
GTATCTTGTCTCTCTG_JIA_CD7_3,C1,CD56bright NK,scgpt
CGTCAGGAGAAGATTC_JIA_CD7_3,Cycling NK,Cycling NK,scgpt
TTCACGCCATGGAATA_JIA_DC_1,C1,C1,scgpt
CGGGTCAGTCATTAGC_JIA_Total_20,C2,C2,scgpt
ATAGACCTCATCTGCC_JIA_CD7_4,C2,C2,scgpt
CTAAGACCAGACGCTC_JIA_CD7_2,CD56dim NK,CD56dim NK,scgpt
GGCTCGATCTTCATGT_JIA_CD7_5,Cycling NK,Cycling NK,scgpt
TGACAACCAGATGGGT_JIA_CD7_3,CD56dim NK,CD56dim NK,scgpt
CACACAATCTGCGACG_JIA_CD7_1,Cycling NK,Cycling NK,scgpt
AAAGATGCAGTGGAGT_JIA_CD7_5,Cycling NK,Cycling NK,scgpt
GCATGATAGATGTAAC_JIA_CD7_2,C1,C1,scgpt
GACACGCCACACAGAG_JIA_CD7_5,Cycling NK,Cycling NK,scgpt
ACGGAGAAGTCCATAC_JIA_CD7_1,CD56dim NK,CD56dim NK,scgpt
TTGAACGTCGATAGAA_JIA_CD7_1,CD56dim NK,CD56bright NK,scgpt
TACTTGTGTTGATTCG_JIA_CD7_5,ILC3,Naïve-like ILC,scgpt
ACCCACTCACCTGGTG_JIA_CD7_5,C2,CD56bright NK,scgpt
CCTAAAGAGTCTTGCA_JIA_CD7_3,CD56dim NK,CD56dim NK,scgpt
GGGCATCGTTCCGTCT_JIA_Total_20,C2,C2,scgpt
TTGCGTCTCCCAGGTG_JIA_CD7_4,Cycling NK,Cycling NK,scgpt
TGATTTCAGAGTACCG_JIA_Total_19,ILC2,ILC2,scgpt
ACCGTAAAGCCCGAAA_JIA_CD7_3,C1,C1,scgpt
GCAGTTATCCCGGATG_JIA_CD7_2,ILC2,ILC2,scgpt
TGGTTAGCACGGACAA_JIA_CD7_5,Naïve-like ILC,Naïve-like ILC,scgpt
CAGCTGGCATGCAATC_JIA_CD7_4,C3,C3,scgpt
CGTCTACAGTAGTGCG_JIA_CD7_5,C1,CD56bright NK,scgpt
TTCTCCTTCTTTACAC_JIA_CD7_5,CD56dim NK,CD56dim NK,scgpt
ATTACTCAGGGCTCTC_JIA_CD7_3,CD56dim NK,C3,scgpt
ACCGTAAAGTGGCACA_JIA_CD7_5,C2,C2,scgpt
TGAGAGGCAACGATGG_JIA_CD7_4,C2,Naïve-like ILC,scgpt
CGGGTCACATCGGTTA_JIA_Total_1,Naïve-like ILC,Naïve-like ILC,scgpt
CATATGGAGTATTGGA_JIA_CD7_4,CD56dim NK,CD56dim NK,scgpt
CATCGGGAGGCTACGA_JIA_Total_10,CD56bright NK,CD56bright NK,scgpt
CGAATGTTCCACGACG_JIA_CD7_2,CD56dim NK,CD56dim NK,scgpt
AACTCAGTCCAGAGGA_JIA_CD7_4,C1,C1,scgpt
ACATACGGTTCGTGAT_JIA_CD7_3,Cycling NK,Cycling NK,scgpt
GGCAATTCACAGAGGT_JIA_CD7_5,C2,C2,scgpt
CAGCGACCAAGGTTTC_JIA_CD7_4,C1,C2,scgpt
CATGCCTCAAGGTTTC_JIA_CD7_4,CD56dim NK,CD56dim NK,scgpt
CTGGTCTAGGGATACC_JIA_CD7_5,Cycling NK,ILC3,scgpt
ACAGCCGCAACGCACC_JIA_CD7_4,C2,C2,scgpt
TGACAACGTGACGGTA_JIA_CD7_4,Naïve-like ILC,Naïve-like ILC,scgpt
CTAACTTCAGATAATG_JIA_CD7_4,CD56bright NK,CD56bright NK,scgpt
AGAATAGGTGATGATA_JIA_CD7_5,CD56bright NK,CD56bright NK,scgpt
GTGAAGGGTGCATCTA_JIA_CD7_1,C2,C2,scgpt
ACGGAGACACCGGAAA_JIA_Total_20,C3,C3,scgpt
GTGGGTCAGAAGCCCA_JIA_CD7_4,Cycling NK,C3,scgpt
ACGAGGACAGGCGATA_JIA_CD7_1,C1,C3,scgpt
TGTATTCCAGCTGCTG_JIA_CD7_1,CD56bright NK,CD56bright NK,scgpt
AACACGTCACGAGGTA_JIA_Total_26,Cycling NK,Cycling NK,scgpt
GGACATTGTAGTGAAT_JIA_CD7_5,CD56bright NK,CD56bright NK,scgpt
CGGCTAGTCATAACCG_JIA_CD7_3,ILC2,ILC2,scgpt
CACACAAAGATCGGGT_JIA_CD7_5,C2,C2,scgpt
TGAAAGATCGTTGACA_JIA_CD7_4,C3,C3,scgpt
AACTCCCCATGCATGT_JIA_Total_19,CD56bright NK,C2,scgpt
GGCAATTAGCGAGAAA_JIA_CD7_5,CD56bright NK,CD56bright NK,scgpt
TTAACTCTCTTACCTA_JIA_CD7_1,Cycling NK,Cycling NK,scgpt
GTACGTAGTCCCTTGT_JIA_CD7_5,C2,C2,scgpt
ACGCACGTCCGCACTT_JIA_DC_1,CD56dim NK,CD56dim NK,scgpt
CGTGTCTTCCGAGCCA_JIA_CD7_2,ILC2,ILC2,scgpt
GGAATAAAGAAACGAG_JIA_Total_10,CD56dim NK,CD56dim NK,scgpt
CTCAGAAAGCGCCTCA_JIA_CD7_5,CD56bright NK,CD56bright NK,scgpt
TTCCCAGCATTCCTGC_JIA_CD7_5,C2,C2,scgpt
GTTCTCGCAAGCTGGA_JIA_CD7_5,C2,C2,scgpt
AGCTTGATCGGAATCT_JIA_CD7_5,CD56dim NK,CD56dim NK,scgpt
AAATGCCAGCTGTTCA_JIA_CD7_5,Naïve-like ILC,Naïve-like ILC,scgpt
CGAGAAGGTGTGACGA_JIA_CD7_3,C3,C2,scgpt
GTGCGGTGTCTCTCGT_JIA_CD7_5,CD56bright NK,C3,scgpt
GGTATTGAGTGTTAGA_JIA_CD7_4,C2,CD56bright NK,scgpt
GACTGCGCAGATCCAT_JIA_CD7_5,CD56dim NK,CD56dim NK,scgpt
TCTATTGTCAGCTGGC_JIA_CD7_4,CD56bright NK,CD56bright NK,scgpt
TGTATTCTCCTCATTA_JIA_Total_7,CD56dim NK,CD56dim NK,scgpt
TACAGTGTCTCTTATG_JIA_CD7_2,C1,CD56bright NK,scgpt
GTTTCTATCCGTTGTC_JIA_Total_1,CD56bright NK,CD56bright NK,scgpt
TGAAAGACAGGGTACA_JIA_CD7_3,Cycling NK,Cycling NK,scgpt
ATAGACCGTAGCCTCG_JIA_CD7_5,C1,CD56bright NK,scgpt
TGAGCCGTCGCAAACT_JIA_CD7_5,CD56bright NK,CD56bright NK,scgpt
CTCGTACAGATGCGAC_JIA_CD7_5,Cycling NK,Cycling NK,scgpt
TATCAGGAGACCTTTG_JIA_CD7_4,C1,C1,scgpt
GGCAATTTCATTGCGA_JIA_CD7_5,C2,C2,scgpt
CTCGTCATCCAGTAGT_JIA_CD7_2,C1,C3,scgpt
AGTAGTCCAGCCAGAA_JIA_CD7_2,CD56dim NK,CD56dim NK,scgpt
TCAGGTATCTCGATGA_JIA_CD7_3,C1,C1,scgpt
CGCTTCAAGCGAGAAA_JIA_CD7_4,CD56bright NK,CD56bright NK,scgpt
CGAGAAGTCGGCATCG_JIA_CD7_5,C2,C3,scgpt
GATCTAGGTTGGTGGA_JIA_CD7_4,CD56dim NK,CD56dim NK,scgpt
GGATTACAGCTGCCCA_JIA_CD7_4,C2,CD56dim NK,scgpt
CTGAAACAGAGCTGGT_JIA_CD7_1,C3,C3,scgpt
CATTATCTCCGCGCAA_JIA_CD7_5,C2,C2,scgpt
GGGACCTGTCAACTGT_JIA_CD7_5,ILC3,ILC3,scgpt
GTGCAGCCAGCTTTCC_JIA_CD45_2,Cycling NK,C3,scgpt
ACACCAAGTTGCGCAC_JIA_CD7_2,ILC2,ILC2,scgpt
CTACCCACACTAAGTC_JIA_Total_13,ILC2,ILC2,scgpt
TTGGAACAGGTGATTA_JIA_CD7_5,Cycling NK,Cycling NK,scgpt
AGCTTGACATGGTCAT_JIA_Total_23,ILC2,ILC2,scgpt
TACGGGCTCCTGCAGG_JIA_CD7_5,ILC3,ILC3,scgpt
CATCAAGTCCGCGGTA_JIA_Total_14,C2,C2,scgpt
GCATGCGGTAGCGTGA_JIA_CD7_5,C3,C3,scgpt
AGCAGCCTCAGCTTAG_JIA_CD7_1,C3,C2,scgpt
TTCTACATCCGCAGTG_JIA_Total_17,C2,CD56dim NK,scgpt
GCTCCTAAGAGGTTGC_JIA_CD7_3,C2,C2,scgpt
GATCAGTGTTACAGAA_JIA_Total_11,C1,C1,scgpt
TTTACTGAGCTACCTA_JIA_Total_19,CD56dim NK,CD56dim NK,scgpt
GATTCAGGTTAAAGTG_JIA_CD7_5,C1,C2,scgpt
CATCAAGCAAGCTGGA_JIA_CD7_4,CD56dim NK,CD56dim NK,scgpt
TGAGCATCATCTCCCA_JIA_Total_1,CD56bright NK,CD56bright NK,scgpt
AACGTTGGTCCTCTTG_JIA_CD7_2,CD56dim NK,CD56dim NK,scgpt
TCCCGATCACGCTTTC_JIA_CD7_4,C3,C3,scgpt
GACACGCAGGTCGGAT_JIA_Total_20,C2,C2,scgpt
TCACAAGAGTTATCGC_JIA_CD7_3,CD56dim NK,CD56dim NK,scgpt
ACTGCTCGTGTTCTTT_JIA_CD7_3,CD56dim NK,CD56dim NK,scgpt
GTTAAGCCAAGTTAAG_JIA_CD7_3,C3,C3,scgpt
GTGGGTCTCACTCCTG_JIA_CD7_4,C1,C1,scgpt
GGGCACTTCGTACCGG_JIA_CD7_5,C1,C1,scgpt
CGTCACTGTACTTCTT_JIA_CD7_2,ILC2,ILC2,scgpt
CGACCTTGTAGAAAGG_JIA_CD7_3,C1,C2,scgpt
TAGAGCTAGATCGGGT_JIA_CD7_4,Naïve-like ILC,Naïve-like ILC,scgpt
AAGTCTGGTTGTGGCC_JIA_CD7_1,CD56bright NK,CD56bright NK,scgpt
GCGAGAACACGGCTAC_JIA_CD7_5,Cycling NK,Cycling NK,scgpt
CATCCACTCGCGTTTC_JIA_Total_20,Cycling NK,C3,scgpt
TTGACTTTCTGGCGTG_JIA_CD7_4,C1,C1,scgpt
CATCGGGTCTGTCTCG_JIA_CD7_4,C3,C3,scgpt
ATGGGAGTCTTCTGGC_JIA_CD7_4,CD56dim NK,CD56dim NK,scgpt
CATCAGAAGGACTGGT_JIA_Total_7,CD56bright NK,CD56bright NK,scgpt
GGCTGGTCAACACGCC_JIA_CD7_5,CD56bright NK,CD56bright NK,scgpt
AACTCAGCACGAAACG_JIA_Total_13,ILC2,ILC2,scgpt
AATCCAGCAGGGAGAG_JIA_CD7_1,CD56dim NK,CD56dim NK,scgpt
CTAGAGTCAAGCGTAG_JIA_CD7_5,C1,C1,scgpt
AGCGTATCAAGTAGTA_JIA_CD7_2,CD56dim NK,CD56dim NK,scgpt
TCTCTAAAGTAGCGGT_JIA_Total_23,CD56bright NK,CD56bright NK,scgpt
CCGGGATCAGGCTGAA_JIA_CD7_4,ILC2,ILC2,scgpt
TTGGCAAGTAGGCTGA_JIA_CD7_1,C2,C2,scgpt
AGTCTTTGTCGAGTTT_JIA_CD7_5,C2,C2,scgpt
CTCACACTCTCCAGGG_JIA_CD7_3,C2,C2,scgpt
GAACGGATCATAGCAC_JIA_Total_13,CD56dim NK,CD56dim NK,scgpt
GTCGTAACACTGTTAG_JIA_CD7_4,C1,C1,scgpt
CTGATAGTCCACGAAT_JIA_CD7_4,C3,C3,scgpt
TAAACCGGTAGCGCTC_JIA_Total_25,CD56bright NK,CD56bright NK,scgpt
TGGCTGGGTGGACGAT_JIA_Total_20,C2,C2,scgpt
CCAGCGAGTAGAGGAA_JIA_CD7_5,C1,C2,scgpt
TGAGCATCATGCTAGT_JIA_CD7_4,C1,C2,scgpt
GAAGCAGCAGGGTATG_JIA_CD7_2,CD56dim NK,CD56dim NK,scgpt
TGAGGGATCTCGTATT_JIA_CD7_5,CD56bright NK,CD56bright NK,scgpt
GTAACTGCATCGGTTA_JIA_CD7_2,CD56dim NK,CD56dim NK,scgpt
GCATACAGTTATTCTC_JIA_Total_16,CD56bright NK,CD56bright NK,scgpt
GCAGGCTGTTGCATCA_JIA_CD45_1,C1,C1,scgpt
CATATGGCAGCTTAAC_JIA_CD7_4,C1,C1,scgpt
AGAGCGAAGATAGGAG_JIA_CD7_1,C2,C2,scgpt
AGCTCTCTCAGCACAT_JIA_CD7_5,ILC3,ILC3,scgpt
TGCTGCTCACGACTCG_JIA_Total_24,C2,C1,scgpt
GTCAAGTTCGCTTGTC_JIA_CD7_3,C2,Naïve-like ILC,scgpt
GGGACCTGTAACGTTC_JIA_CD7_5,Cycling NK,Cycling NK,scgpt
ATAACGCGTTGCGTTA_JIA_CD7_2,Cycling NK,Cycling NK,scgpt
TGCCAAAGTTGTTTGG_JIA_CD7_3,C2,C2,scgpt
CCACTACTCGCCAGCA_JIA_CD7_2,C1,CD56bright NK,scgpt
CTTAACTGTGATAAAC_JIA_CD7_3,C1,C1,scgpt
TTTACTGTCACCAGGC_JIA_CD7_1,CD56dim NK,CD56dim NK,scgpt
AGCCTAAAGCGCCTCA_JIA_CD7_4,CD56bright NK,CD56bright NK,scgpt
ACTGAGTTCATGTAGC_JIA_CD7_5,C2,C2,scgpt
GTCATTTCACGAAGCA_JIA_CD7_4,C2,C2,scgpt
CATGACAGTGACGCCT_JIA_CD7_3,ILC2,ILC2,scgpt
CAGAATCTCTTATCTG_JIA_CD7_1,C1,Cycling NK,scgpt
GGGAATGTCCAGAAGG_JIA_CD7_5,CD56bright NK,CD56bright NK,scgpt
GAACATCAGTTACGGG_JIA_CD7_4,C1,C1,scgpt
GCATGATGTAGAAAGG_JIA_CD7_4,Naïve-like ILC,Naïve-like ILC,scgpt
GTCATCCCATGAAGGC_JIA_CD45_1,CD56bright NK,C1,scgpt
TGGGCGTTCTAGCACA_JIA_CD7_4,C2,C2,scgpt
AGAGTGGCAGCAGTTT_JIA_CD7_4,C2,C2,scgpt
TTGGCAATCGCCTGAG_JIA_Total_2,Cycling NK,Cycling NK,scgpt
ACAGCTATCCTAAGTG_JIA_CD7_1,C3,C2,scgpt
TGACTAGGTCTTCGTC_JIA_CD7_2,CD56bright NK,CD56bright NK,scgpt
GGGTCTGCAGGTTTCA_JIA_CD7_5,C1,C1,scgpt
CGAACATGTGGAAAGA_JIA_Total_2,C2,C2,scgpt
TGAGGGAGTGTGGCTC_JIA_CD7_2,CD56bright NK,CD56bright NK,scgpt
GGGTCTGAGTACGTAA_JIA_CD7_2,CD56bright NK,CD56bright NK,scgpt
CGATCGGGTAGAAGGA_JIA_CD7_3,Cycling NK,Cycling NK,scgpt
GACCAATCACGAAATA_JIA_Total_20,C3,C3,scgpt
TATCAGGGTTATGTGC_JIA_CD7_5,C1,C1,scgpt
CCGGTAGTCTTGCATT_JIA_CD7_1,CD56dim NK,CD56dim NK,scgpt
GTCTTCGTCACCCGAG_JIA_CD7_4,C2,C2,scgpt
TACAGTGCACAGACAG_JIA_CD7_4,CD56bright NK,CD56bright NK,scgpt
TCTTTCCCACCTCGTT_JIA_CD7_4,C1,C1,scgpt
TGCTACCCAGACACTT_JIA_CD7_4,ILC2,ILC2,scgpt
CTGAAGTAGAGACTAT_JIA_Total_24,C1,C1,scgpt
ATTGGACCAAATTGCC_JIA_CD7_5,C2,C2,scgpt
ACCGTAAGTTTGACTG_JIA_CD7_3,C3,C3,scgpt
TACGGATTCTATCCCG_JIA_CD7_5,CD56dim NK,CD56dim NK,scgpt
GTTTCTAGTGTAAGTA_JIA_CD7_5,Cycling NK,Cycling NK,scgpt
ACTGATGAGGCAAAGA_JIA_CD7_5,CD56bright NK,CD56bright NK,scgpt
TGTATTCAGAGCAATT_JIA_CD7_4,C3,C3,scgpt
TGACTCCAGGTATTGA_JIA_DC_1,C3,C3,scgpt
ATGTGTGAGGCAGGTT_JIA_Total_25,CD56dim NK,CD56dim NK,scgpt
GTCATTTGTAGTACCT_JIA_CD7_5,C2,C2,scgpt
CGACTTCAGATCCCGC_JIA_CD7_5,C2,C2,scgpt
ATTTACCTCGGAGTAG_JIA_CD45_2,CD56bright NK,CD56bright NK,scgpt
ACGGCCAGTCGAGATG_JIA_CD7_2,CD56dim NK,CD56dim NK,scgpt
CAGCATAAGATGAGAG_JIA_CD7_3,C1,C1,scgpt
ATGCGATGTCTGCCAG_JIA_CD7_3,CD56dim NK,CD56dim NK,scgpt
AGTTGGTAGTAGGCCA_JIA_CD7_4,CD56dim NK,CD56dim NK,scgpt
CTACACCAGAAGGCCT_JIA_CD7_4,ILC3,ILC3,scgpt
CAAGGCCGTGGCTCCA_JIA_CD7_4,C1,CD56bright NK,scgpt
GAATAAGTCGCTAGCG_JIA_CD7_3,CD56bright NK,CD56bright NK,scgpt
GGTGAAGAGGAGTTTA_JIA_CD7_5,C2,C2,scgpt
CGCTTCATCTTAGCCC_JIA_CD7_1,C2,C2,scgpt
CTTAACTCACCTCGTT_JIA_CD7_3,C1,CD56bright NK,scgpt
CGTGTCTCAGCTGCTG_JIA_CD7_5,C2,C2,scgpt
GATCTAGCAAGACACG_JIA_CD7_3,Cycling NK,Cycling NK,scgpt
TTGACTTGTGTCTGAT_JIA_Total_17,Cycling NK,Cycling NK,scgpt
CAGAGAGGTTTCCACC_JIA_CD7_3,C3,C3,scgpt
CGTAGCGAGTACATGA_JIA_CD7_2,C1,C1,scgpt
TTGCCGTCAACACCTA_JIA_Total_25,CD56bright NK,CD56bright NK,scgpt
GCATGTAGTGACTACT_JIA_CD7_3,CD56dim NK,CD56bright NK,scgpt
ATCATCTGTGGCCCTA_JIA_Total_11,Naïve-like ILC,Naïve-like ILC,scgpt
CACATTTGTGCGCTTG_JIA_CD7_3,Cycling NK,CD56dim NK,scgpt
GTAGTCACATCGGGTC_JIA_CD7_1,C2,C2,scgpt
CAGAGAGGTCGCATAT_JIA_CD7_4,C2,CD56bright NK,scgpt
ATAAGAGTCTAACTGG_JIA_CD7_1,CD56dim NK,CD56dim NK,scgpt
ATTATCCTCAGTGTTG_JIA_CD7_4,C1,C1,scgpt
GAAGCAGTCGGTTCGG_JIA_Total_17,ILC3,Naïve-like ILC,scgpt
GCAAACTAGCAACGGT_JIA_CD7_1,Cycling NK,Cycling NK,scgpt
AGCGTCGCACTAGTAC_JIA_CD7_5,Cycling NK,Cycling NK,scgpt
TTCCCAGTCGGACAAG_JIA_Total_10,CD56dim NK,CD56dim NK,scgpt
GCGCCAATCCTCAATT_JIA_Total_1,Cycling NK,Cycling NK,scgpt
CACACTCTCGCATGGC_JIA_CD7_4,C2,C2,scgpt
GGCTCGAAGATCGATA_JIA_Total_20,C2,C2,scgpt
ATGGGAGAGATAGTCA_JIA_Total_19,CD56bright NK,CD56bright NK,scgpt
GGGAATGGTGTTTGTG_JIA_Total_19,CD56dim NK,CD56dim NK,scgpt
TTCCCAGAGACTCGGA_JIA_Total_10,CD56bright NK,CD56bright NK,scgpt
GCAGCCAGTTAGAACA_JIA_CD7_5,C2,C2,scgpt
AAGGAGCCACGGTTTA_JIA_CD7_2,CD56bright NK,CD56bright NK,scgpt
TTCTACATCAGCTCGG_JIA_CD7_5,CD56bright NK,CD56bright NK,scgpt
ATGAGGGTCATACGGT_JIA_CD7_1,CD56dim NK,CD56dim NK,scgpt
CATCGGGAGTACATGA_JIA_Total_1,CD56dim NK,CD56dim NK,scgpt
TAAGCCAGTATCGGTT_JIA_DC_2,Cycling NK,Cycling NK,scgpt
ACACCGGCATGGAATA_JIA_CD7_4,CD56bright NK,CD56bright NK,scgpt
GAATGAATCAGAGCTT_JIA_CD7_1,Cycling NK,C1,scgpt
GTCAAGTAGTCTCCTC_JIA_Total_5,ILC3,Naïve-like ILC,scgpt
TTCTCCTAGGAGCGTT_JIA_Total_19,CD56bright NK,CD56bright NK,scgpt
GTCTCGTGTCGTCTTC_JIA_CD7_3,C3,C3,scgpt
ATGTGTGGTGCTAGCC_JIA_Total_17,ILC3,ILC3,scgpt
GGTGGCTAGAGTCACG_JIA_CD45_1,ILC2,ILC2,scgpt
TTCTCAAGTCACTTCC_JIA_CD7_3,C2,C2,scgpt
CTTAGGAAGAGGGATA_JIA_CD7_3,Cycling NK,Cycling NK,scgpt
TTAACTCGTCTAGAGG_JIA_CD7_2,C1,C1,scgpt
AGTGAGGAGGTAAACT_JIA_Total_26,C1,CD56dim NK,scgpt
AGATCTGGTGCGAAAC_JIA_CD7_5,CD56dim NK,CD56dim NK,scgpt
CGAGCCAGTAGTACCT_JIA_CD7_3,C3,C2,scgpt
TTATGCTGTAAGTGGC_JIA_Total_1,Cycling NK,Cycling NK,scgpt
CCATGTCGTACGCTGC_JIA_CD7_2,Cycling NK,Cycling NK,scgpt
CTCGTACAGACAAGCC_JIA_CD7_1,C2,CD56dim NK,scgpt
TCTGAGAGTAAATGAC_JIA_CD7_2,ILC2,ILC2,scgpt
TTGCCGTGTTTGGCGC_JIA_CD7_5,CD56dim NK,CD56dim NK,scgpt
GACTAACCAAGCGCTC_JIA_Total_1,CD56bright NK,CD56bright NK,scgpt
GGGAGATTCTCGGACG_JIA_CD7_5,CD56dim NK,CD56dim NK,scgpt
CGGCTAGTCCAGTATG_JIA_CD7_2,ILC2,ILC2,scgpt
GGACGTCTCTAACTGG_JIA_Total_8,Cycling NK,C3,scgpt
GTGCATAGTACTTAGC_JIA_CD7_5,C2,C2,scgpt
TGCACCTGTATAGGTA_JIA_CD7_5,Cycling NK,Cycling NK,scgpt
GTCTCGTCACCTTGTC_JIA_Total_24,C1,Naïve-like ILC,scgpt
GAAGCAGGTGGGTATG_JIA_CD7_4,CD56bright NK,CD56bright NK,scgpt
CGAGAAGTCCAAAGTC_JIA_Total_20,C1,Naïve-like ILC,scgpt
ATGCGATGTGAGGGAG_JIA_CD7_3,C1,Naïve-like ILC,scgpt
CATGGCGCATGGGACA_JIA_CD7_5,CD56dim NK,CD56dim NK,scgpt
TTAATCCTCATTGCTT_JIA_DC_1,C1,C1,scgpt
CGACCTTCATGCCACG_JIA_Total_5,C3,CD56bright NK,scgpt
ATCACGAGTGAACCTT_JIA_CD7_2,C1,CD56bright NK,scgpt
TGACTAGCACAGATTC_JIA_CD7_5,Naïve-like ILC,Naïve-like ILC,scgpt
CGTTCTGCATTGCGGC_JIA_CD7_5,Cycling NK,Cycling NK,scgpt
TCGGGACAGTGTTGAA_JIA_Total_25,CD56dim NK,CD56dim NK,scgpt
GTGAAGGCAGTCAGAG_JIA_CD7_5,CD56dim NK,CD56dim NK,scgpt
AACTGGTAGACAGAGA_JIA_CD7_1,C2,C2,scgpt
TACGGATTCGTCACGG_JIA_CD7_4,C2,C2,scgpt
GGGAGATCATCCGCGA_JIA_Total_17,C1,C1,scgpt
GCGCAGTCAGTATGCT_JIA_CD7_1,Cycling NK,Cycling NK,scgpt
TATTACCGTACAGTGG_JIA_CD7_3,C2,Cycling NK,scgpt
TTCGAAGTCACGGTTA_JIA_Total_20,Cycling NK,Cycling NK,scgpt
AGTCACAGTCGACTTA_JIA_DC_3,C1,C1,scgpt
AAACGGGTCCCGACTT_JIA_CD7_5,CD56dim NK,CD56dim NK,scgpt
GTGCGGTCAATTCCTT_JIA_CD7_1,C1,C2,scgpt
TAGAGCTAGGTGATAT_JIA_CD7_3,C2,C2,scgpt
CTCGTACTCTATCCCG_JIA_Total_7,C1,CD56bright NK,scgpt
CTGTTTACAGACAGGT_JIA_Total_20,Cycling NK,Cycling NK,scgpt
GTGTGCGGTTGGGACA_JIA_CD7_1,Cycling NK,Cycling NK,scgpt
AGTCTTTCACCCTATC_JIA_CD7_1,CD56dim NK,CD56dim NK,scgpt
GTTCGGGAGACAGACC_JIA_CD7_5,Cycling NK,Cycling NK,scgpt
AGGCCACTCTTCGAGA_JIA_Total_13,CD56bright NK,CD56bright NK,scgpt
ATAAGAGGTACAGTGG_JIA_CD7_5,ILC2,ILC2,scgpt
CTCTGGTCACTTCGAA_JIA_CD7_5,Cycling NK,C2,scgpt
GATCGCGGTTCCACTC_JIA_Total_19,CD56bright NK,C2,scgpt
TCTTCGGCACTTCGAA_JIA_Total_25,CD56bright NK,C1,scgpt
TACTCGCCAGCTGGCT_JIA_CD7_5,C2,C2,scgpt
TGGCGCACACATGACT_JIA_CD7_1,C2,C2,scgpt
TGTTCCGCATGCGCAC_JIA_Total_19,ILC2,ILC2,scgpt
CTGATCCTCATACGGT_JIA_CD7_5,Cycling NK,C3,scgpt
GCAGCCAGTTGGTTTG_JIA_Total_1,CD56dim NK,CD56dim NK,scgpt
GAATGAAAGCTAGGCA_JIA_CD7_4,C1,Naïve-like ILC,scgpt
TCTTTCCGTGGGTATG_JIA_CD7_5,ILC2,Naïve-like ILC,scgpt
ACTGTCCAGACTGGGT_JIA_Total_26,C1,Naïve-like ILC,scgpt
AGCATACTCATTGCCC_JIA_CD7_5,CD56dim NK,CD56dim NK,scgpt
AAATGCCCAGGCAGTA_JIA_CD7_2,CD56bright NK,CD56bright NK,scgpt
TACACGATCCAATGGT_JIA_CD7_4,C2,C2,scgpt
AACTCAGGTTGACGTT_JIA_Total_24,C2,C2,scgpt
ACTGATGGTTCAGACT_JIA_CD7_5,Cycling NK,Cycling NK,scgpt
GATCGATAGACCTAGG_JIA_CD7_2,C1,CD56bright NK,scgpt
GTCTCGTGTTCCACTC_JIA_CD7_3,CD56dim NK,CD56dim NK,scgpt
CACCAGGTCCTCTAGC_JIA_CD7_3,C2,C1,scgpt
AGTCTTTTCTACCTGC_JIA_CD7_2,CD56dim NK,CD56dim NK,scgpt
AGCTTGACAATGGATA_JIA_CD7_2,C3,C3,scgpt
GGCTCGACACACATGT_JIA_CD7_5,C2,C2,scgpt
TCTCATAGTAACGTTC_JIA_CD7_5,Cycling NK,Cycling NK,scgpt
AAAGATGAGATACACA_JIA_CD7_4,Cycling NK,C2,scgpt
GACGTGCCATAGACTC_JIA_CD7_5,C2,C2,scgpt
GCTGCGATCTGGTGTA_JIA_CD7_1,CD56dim NK,CD56dim NK,scgpt
GGCGACTAGGACCACA_JIA_CD7_5,CD56dim NK,CD56dim NK,scgpt
TCACGAACACTAGTAC_JIA_CD7_5,CD56bright NK,CD56bright NK,scgpt
GTACTTTCATTTGCCC_JIA_CD7_2,CD56dim NK,CD56dim NK,scgpt
CTCTAATCAAACTGTC_JIA_CD7_1,Cycling NK,Cycling NK,scgpt
CGGAGTCTCCTGTACC_JIA_Total_10,CD56bright NK,CD56bright NK,scgpt
GACCTGGTCTTCGAGA_JIA_CD7_2,ILC2,ILC2,scgpt
CTCGAGGGTAAGTAGT_JIA_CD7_4,C2,C2,scgpt
TCGGTAACAGATCGGA_JIA_Total_2,C1,Naïve-like ILC,scgpt
AGGCCACAGAATAGGG_JIA_CD7_1,C2,C2,scgpt
AACCATGCACTTGGAT_JIA_CD7_2,C1,CD56bright NK,scgpt
AAGGCAGGTATCACCA_JIA_Total_25,CD56bright NK,C1,scgpt
CACAGTAAGTGAACGC_JIA_CD7_1,Cycling NK,Cycling NK,scgpt
CAGTCCTCATCACGTA_JIA_CD7_1,CD56dim NK,CD56dim NK,scgpt
CTTACCGAGCGCCTCA_JIA_CD7_1,Cycling NK,Cycling NK,scgpt
CGACTTCCAAGGCTCC_JIA_CD7_3,ILC2,ILC2,scgpt
GCATACAGTAAGGATT_JIA_CD7_4,C1,C2,scgpt
CACAAACCAATGGAGC_JIA_CD7_1,C2,C2,scgpt
AGTCTTTAGGCACATG_JIA_CD7_2,ILC2,ILC2,scgpt
GCTGCGACACGTCTCT_JIA_CD7_4,Naïve-like ILC,Naïve-like ILC,scgpt
TGTGTTTTCCTTAATC_JIA_Total_20,C1,C2,scgpt
TCATTTGAGAAGGGTA_JIA_CD7_5,CD56bright NK,CD56bright NK,scgpt
GCTCCTATCTGGCGAC_JIA_Total_10,Cycling NK,Cycling NK,scgpt
GCAGTTAAGACCTTTG_JIA_CD7_3,Cycling NK,Cycling NK,scgpt
CCTACACCAGACAAGC_JIA_CD7_5,C1,C2,scgpt
TCGAGGCAGCGCTCCA_JIA_CD7_5,C2,C2,scgpt
CACCAGGTCTTACCGC_JIA_CD7_4,Naïve-like ILC,Naïve-like ILC,scgpt
GATCAGTGTACTTAGC_JIA_CD7_3,CD56bright NK,CD56bright NK,scgpt
AAGGAGCCAACTGCGC_JIA_CD7_1,CD56dim NK,CD56dim NK,scgpt
GCGCCAAAGGCTAGCA_JIA_CD7_4,CD56dim NK,CD56dim NK,scgpt
TCAGCTCTCCACTGGG_JIA_CD7_4,C2,Naïve-like ILC,scgpt
GAATAAGAGCGATATA_JIA_CD7_2,Naïve-like ILC,C1,scgpt
GACTAACAGGTGACCA_JIA_CD7_5,C1,C2,scgpt
TCTTCGGCACAGGAGT_JIA_Total_13,Cycling NK,Cycling NK,scgpt
GATGCTACAGTGAGTG_JIA_CD7_5,Cycling NK,C2,scgpt
CTTTGCGGTTCAGGCC_JIA_CD7_2,C2,C2,scgpt
AACGTTGCAAGCCCAC_JIA_Total_17,Cycling NK,Cycling NK,scgpt
TGACAACCAGGTCCAC_JIA_Total_24,C3,C1,scgpt
CGTTAGACAAGGTTCT_JIA_CD7_2,CD56bright NK,CD56bright NK,scgpt
CATATGGGTACAGTTC_JIA_CD7_4,Cycling NK,Naïve-like ILC,scgpt
CGCTATCTCTTACCTA_JIA_CD7_5,CD56bright NK,CD56bright NK,scgpt
CCACTACGTACGCTGC_JIA_CD7_3,C2,C2,scgpt
GGATGTTGTTCCACAA_JIA_Total_19,CD56bright NK,CD56bright NK,scgpt
GCTGGGTCATTTCACT_JIA_CD7_4,C1,C1,scgpt
TCGGGACGTACCGCTG_JIA_CD7_3,CD56bright NK,CD56bright NK,scgpt
CAGCCGACATTCTTAC_JIA_CD7_3,C1,C1,scgpt
GACAGAGCATCAGTAC_JIA_Total_14,C1,C1,scgpt
TTCTACATCCTCCTAG_JIA_CD7_5,Cycling NK,Cycling NK,scgpt
CTCGGGATCGATAGAA_JIA_CD7_4,C2,C2,scgpt
GTACTCCGTTACGTCA_JIA_CD7_3,Cycling NK,Cycling NK,scgpt
TACTCGCAGGTGATTA_JIA_CD7_5,C3,C2,scgpt
TGAGCATTCAGAGCTT_JIA_CD7_2,C1,C3,scgpt
AGTTGGTTCATAACCG_JIA_CD7_5,Cycling NK,Cycling NK,scgpt
CATATGGTCTTGCCGT_JIA_CD7_4,C2,C2,scgpt
TACAGTGGTTGCGCAC_JIA_CD7_4,CD56bright NK,CD56bright NK,scgpt
AGCATACTCAGAAATG_JIA_Total_25,CD56dim NK,CD56dim NK,scgpt
GCGAGAAAGAATCTCC_JIA_Total_24,C2,C2,scgpt
TACCTTAGTCCTCTTG_JIA_CD7_1,C2,C2,scgpt
TAAGCGTCACAGACTT_JIA_CD7_1,C2,C2,scgpt
AGCGGTCAGGCAGTCA_JIA_CD7_2,CD56dim NK,CD56dim NK,scgpt
CTCAGAAAGATGGCGT_JIA_CD7_2,C1,CD56bright NK,scgpt
AAATGCCCAAGGCTCC_JIA_Total_1,CD56dim NK,CD56dim NK,scgpt
ACGATGTTCGCCCTTA_JIA_CD7_4,C2,C1,scgpt
CCATTCGTCGTATCAG_JIA_CD7_5,CD56bright NK,CD56bright NK,scgpt
AGGCCGTTCCTGCAGG_JIA_Total_19,CD56dim NK,CD56dim NK,scgpt
CGACCTTAGGGAAACA_JIA_CD7_5,Cycling NK,Cycling NK,scgpt
GTGCTTCTCCAATGGT_JIA_CD7_4,C2,Naïve-like ILC,scgpt
GTACTCCAGCCTATGT_JIA_CD7_1,Cycling NK,Cycling NK,scgpt
AAGGTTCCACAACGTT_JIA_Total_14,C3,C1,scgpt
CGTCTACGTTGCTCCT_JIA_CD7_1,C2,C2,scgpt
GGATTACGTGGAAAGA_JIA_CD7_2,CD56bright NK,CD56bright NK,scgpt
TAGTGGTGTCTACCTC_JIA_CD7_3,CD56bright NK,CD56bright NK,scgpt
GGCGTGTCATCAGTCA_JIA_CD7_4,Cycling NK,Cycling NK,scgpt
GGTATTGAGCCGATTT_JIA_CD7_4,C2,C3,scgpt
AAACCTGGTCACCCAG_JIA_Total_5,C1,CD56bright NK,scgpt
GATGCTAGTCAAACTC_JIA_CD7_4,C2,C2,scgpt
ACGGCCAAGGAACTGC_JIA_CD7_4,C1,C3,scgpt
CCACTACCAGACAAAT_JIA_CD7_5,CD56dim NK,CD56dim NK,scgpt
CCTTCGATCCAAATGC_JIA_CD7_1,C2,C2,scgpt
ACCCACTCAGCGTTCG_JIA_CD7_2,C1,C3,scgpt
CGTCTACAGTGTACGG_JIA_Total_26,ILC3,ILC3,scgpt
GAAGGGTGTCTTCATT_JIA_DC_1,C1,C1,scgpt
TAGCCGGTCATCTGCC_JIA_Total_20,C3,C3,scgpt
GACCAATAGTATCTCG_JIA_CD7_3,CD56bright NK,CD56bright NK,scgpt
GTTCATTAGCTCCTTC_JIA_CD7_4,CD56dim NK,CD56dim NK,scgpt
TAGCCGGCAGGGAGAG_JIA_CD7_3,C2,C2,scgpt
CACCACTCAGGGTACA_JIA_CD7_4,C1,C1,scgpt
GAATAAGTCCTCGCAT_JIA_CD7_5,CD56dim NK,CD56dim NK,scgpt
CTCATTATCGTCCAGG_JIA_CD7_5,C1,C2,scgpt
GGAGCAATCACTTACT_JIA_CD7_4,ILC2,ILC2,scgpt
AGGTCCGAGCCGCCTA_JIA_CD7_3,C2,C2,scgpt
ACAGCTATCATACGGT_JIA_CD7_5,C2,C2,scgpt
GATCGCGTCTTGTACT_JIA_CD7_5,Cycling NK,Naïve-like ILC,scgpt
GAACATCCAAGCGTAG_JIA_CD7_3,C1,C2,scgpt
GAACATCGTTAAGGGC_JIA_CD7_5,Cycling NK,C3,scgpt
CTTGGCTAGATGTAAC_JIA_Total_25,CD56bright NK,CD56bright NK,scgpt
CAGATCATCAGGTTCA_JIA_CD7_4,C2,C2,scgpt
CTCACACTCGGCGCAT_JIA_CD7_5,C1,C2,scgpt
CATCGGGAGATAGCAT_JIA_DC_3,Cycling NK,Cycling NK,scgpt
ACGCCAGCATGCTAGT_JIA_CD7_5,ILC3,ILC3,scgpt
CACCACTCACTATCTT_JIA_CD7_4,C2,C2,scgpt
GAAATGAAGTTGAAAC_JIA_DC_1,C2,C1,scgpt
CCTTTCTCATGCAACT_JIA_CD7_5,ILC3,ILC3,scgpt
GCATGCGGTATATGGA_JIA_CD7_1,CD56dim NK,CD56dim NK,scgpt
GGGACCTCATCAGTAC_JIA_CD7_4,CD56bright NK,CD56bright NK,scgpt
AATCCAGTCTCGAGTA_JIA_CD7_5,C2,C2,scgpt
AACTCCCCATACGCCG_JIA_CD7_3,ILC2,ILC2,scgpt
CCATCACGTACGTTCA_JIA_DC_1,C1,ILC3,scgpt
CCGTACTCACGAAGCA_JIA_CD7_5,C1,C2,scgpt
TGTGTTTGTTGGGACA_JIA_CD7_3,CD56bright NK,CD56bright NK,scgpt
CTCGAGGAGTGCGTGA_JIA_CD7_5,C2,C2,scgpt
ACGCAGCTCGAATGGG_JIA_Total_25,CD56dim NK,CD56dim NK,scgpt
CAACTAGCAACACCCG_JIA_CD7_2,CD56bright NK,CD56bright NK,scgpt
TCTTCGGGTCTCACCT_JIA_CD7_5,C2,C2,scgpt
AGAGCGAAGCTAGTTC_JIA_Total_25,CD56bright NK,C3,scgpt
GCTGCGAGTACTTCTT_JIA_CD7_4,C1,C1,scgpt
GAGGTGACACCAACCG_JIA_CD7_3,CD56dim NK,CD56dim NK,scgpt
ACATACGAGTGTTAGA_JIA_CD7_2,Cycling NK,CD56bright NK,scgpt
GTCGGGTGTAGAGCTG_JIA_CD7_2,C1,CD56bright NK,scgpt
GTATTCTAGCTAGTGG_JIA_CD7_1,CD56dim NK,CD56dim NK,scgpt
ATGCGATAGATCGGGT_JIA_CD7_3,C1,Naïve-like ILC,scgpt
TGAGCATAGGTCATCT_JIA_Total_26,ILC2,ILC2,scgpt
ACGGAGAAGAACAATC_JIA_Total_20,C2,C3,scgpt
CATGGCGAGTAAGTAC_JIA_CD7_5,Cycling NK,Cycling NK,scgpt
GTTCGGGGTAGGAGTC_JIA_CD7_3,C3,C2,scgpt
TCAACGATCGGAAATA_JIA_CD7_2,ILC2,ILC2,scgpt
ATCCACCTCCAGATCA_JIA_CD7_4,C3,C3,scgpt
TTAACTCCAATCCAAC_JIA_CD7_5,CD56dim NK,CD56dim NK,scgpt
ACACTGATCCTAGTGA_JIA_Total_23,CD56bright NK,CD56bright NK,scgpt
GAATAAGTCAACACAC_JIA_CD7_2,CD56dim NK,CD56dim NK,scgpt
GGAAAGCTCTTAGCCC_JIA_CD7_4,Cycling NK,Cycling NK,scgpt
TGTTCCGGTACAGTTC_JIA_CD7_2,CD56bright NK,CD56bright NK,scgpt
AGAATAGTCAGCACAT_JIA_CD7_5,CD56dim NK,CD56dim NK,scgpt
GGGCATCGTACATCCA_JIA_CD7_5,CD56dim NK,CD56dim NK,scgpt
GTACGTACACAGATTC_JIA_Total_14,C3,C3,scgpt
CGATTGAAGCACACAG_JIA_CD7_4,ILC2,ILC2,scgpt
GGGTCTGAGGCATTGG_JIA_CD7_5,Cycling NK,Cycling NK,scgpt
GGGCATCCAAGGACTG_JIA_CD7_4,CD56bright NK,CD56bright NK,scgpt
TTCCCAGAGCGGATCA_JIA_CD7_5,C1,C2,scgpt
GACTAACAGAAGCCCA_JIA_CD7_5,C2,C2,scgpt
TGACAACGTTATCGGT_JIA_CD7_2,CD56bright NK,CD56bright NK,scgpt
GTACGTATCATCATTC_JIA_Total_5,Cycling NK,Cycling NK,scgpt
AAGGTTCAGTGACATA_JIA_CD7_2,C3,C3,scgpt
GGGAGATGTGCTAGCC_JIA_CD7_4,CD56bright NK,CD56bright NK,scgpt
TTATGCTTCGTTGACA_JIA_CD7_5,C2,C2,scgpt
GTAGGCCGTCTCTTTA_JIA_CD7_5,CD56dim NK,CD56dim NK,scgpt
GTGCAGCAGCGGATCA_JIA_CD7_5,C2,Naïve-like ILC,scgpt
ATTCTACAGTAGCGGT_JIA_CD7_4,C3,C3,scgpt
TCACGAACACAACGTT_JIA_CD7_4,CD56dim NK,CD56dim NK,scgpt
AGCCTAATCAGCAACT_JIA_CD7_3,Cycling NK,Cycling NK,scgpt
CAGCTGGTCTGTCTAT_JIA_CD7_5,C3,C3,scgpt
CTTTGCGCACATGTGT_JIA_CD7_5,CD56bright NK,C3,scgpt
CTAGTGAGTAAGAGGA_JIA_CD7_5,CD56dim NK,CD56dim NK,scgpt
ACTGCTCCATTAGGCT_JIA_CD7_4,CD56dim NK,CD56dim NK,scgpt
TAAACCGTCTACTATC_JIA_CD7_5,CD56dim NK,CD56dim NK,scgpt
TTCGAAGAGAAACCTA_JIA_CD7_3,C2,C2,scgpt
TGGACGCGTTTCCACC_JIA_Total_16,CD56dim NK,CD56dim NK,scgpt
TTAGGCACACCTATCC_JIA_Total_20,C3,C3,scgpt
TTGGAACTCTTAGCCC_JIA_CD7_5,C2,C2,scgpt
CCAATCCCATCCGTGG_JIA_CD7_5,ILC3,ILC3,scgpt
GGCAATTGTACAGCAG_JIA_CD7_3,CD56dim NK,CD56dim NK,scgpt
TGCCCTAAGTCCAGGA_JIA_CD7_5,CD56dim NK,CD56dim NK,scgpt
TTCTCAATCCTTCAAT_JIA_CD7_4,Cycling NK,Cycling NK,scgpt
CTCATTACAATAGCAA_JIA_Total_24,C3,C3,scgpt
CACAGTAAGTTGAGTA_JIA_CD7_1,C2,C2,scgpt
CAGCAGCAGTGTGAAT_JIA_CD7_1,CD56dim NK,CD56dim NK,scgpt
CGATGGCCATCTCGCT_JIA_CD7_5,ILC2,ILC2,scgpt
TGGACGCCACATCCGG_JIA_CD7_3,CD56bright NK,CD56bright NK,scgpt
TTAGTTCTCCGCATAA_JIA_Total_5,CD56bright NK,CD56bright NK,scgpt
ACACCAACAAGCCTAT_JIA_CD7_3,C1,Naïve-like ILC,scgpt
CAAGGCCTCCAAACTG_JIA_CD7_3,C1,C1,scgpt
TGCTGCTCAGGACGTA_JIA_CD7_5,C1,Naïve-like ILC,scgpt
CAAGAAATCACCACCT_JIA_CD7_5,Cycling NK,Cycling NK,scgpt
CCGTACTTCGAATGGG_JIA_CD7_5,Cycling NK,Cycling NK,scgpt
TCGCGAGGTGCGGTAA_JIA_CD7_4,CD56bright NK,CD56bright NK,scgpt
TGTGGTACAAGCCCAC_JIA_Total_13,ILC2,ILC2,scgpt
GTTTCTACACCGGAAA_JIA_CD7_5,CD56bright NK,CD56bright NK,scgpt
CACAGTAGTACTTAGC_JIA_CD7_3,C2,C2,scgpt
AACTCCCTCTACTATC_JIA_Total_5,C1,CD56bright NK,scgpt
CTCGAGGAGACGCACA_JIA_Total_20,C2,C2,scgpt
AATCCAGTCTTGTATC_JIA_CD7_5,C3,C3,scgpt
CGCTTCATCATTGCCC_JIA_CD7_2,ILC2,ILC2,scgpt
CCTAAAGCAAATCCGT_JIA_CD7_5,Cycling NK,Cycling NK,scgpt
CAGCAGCCAAACTGCT_JIA_CD7_3,C2,C1,scgpt
TCACGAAGTAATTGGA_JIA_Total_24,C1,C2,scgpt
GTCAAGTTCGCCATAA_JIA_CD7_3,C1,C2,scgpt
CTCTAATGTAGCTCCG_JIA_Total_10,CD56dim NK,CD56dim NK,scgpt
TATGCCCAGCAGGTCA_JIA_CD7_5,C2,C2,scgpt
GCATGTACAGGATCGA_JIA_Total_24,C2,C2,scgpt
CATTATCTCCTCATTA_JIA_CD7_2,CD56bright NK,CD56bright NK,scgpt
GTCACGGCAAGTTCTG_JIA_CD7_3,Cycling NK,CD56dim NK,scgpt
GTGGGTCCATACCATG_JIA_CD7_2,ILC2,C1,scgpt
CTCGTCAGTGCAGACA_JIA_Total_10,CD56bright NK,CD56bright NK,scgpt
ACGCAGCTCTAACGGT_JIA_CD7_3,C1,C1,scgpt
CCACCTATCGCCAAAT_JIA_CD7_5,C1,Naïve-like ILC,scgpt
ACCCACTCATGGAATA_JIA_CD7_5,Cycling NK,Cycling NK,scgpt
CTAGCCTCAGGCAGTA_JIA_Total_13,CD56dim NK,CD56dim NK,scgpt
ACCTTTAAGCTACCGC_JIA_CD7_4,CD56dim NK,CD56dim NK,scgpt
CTAGAGTCACTATCTT_JIA_CD7_5,C3,C3,scgpt
GTAGTCAAGTGGACGT_JIA_CD7_1,Cycling NK,Cycling NK,scgpt
TCAGGTATCCGTCATC_JIA_Total_26,C2,CD56bright NK,scgpt
CGCGGTAAGAGTGAGA_JIA_CD7_5,CD56dim NK,CD56dim NK,scgpt
CAACTAGCAGTCCTTC_JIA_CD7_3,C1,C2,scgpt
CTACGTCTCCTGCCAT_JIA_Total_7,Naïve-like ILC,ILC2,scgpt
CCTAAAGTCGTACGGC_JIA_CD7_4,CD56dim NK,CD56dim NK,scgpt
CTCGAAATCCTGTACC_JIA_CD7_4,Cycling NK,Cycling NK,scgpt
TAGGCATTCTGGTATG_JIA_CD7_5,C3,C2,scgpt
CGTCTACCACGAAGCA_JIA_CD7_5,Cycling NK,Cycling NK,scgpt
AAAGTAGAGGTACTCT_JIA_CD7_4,C2,C3,scgpt
GGGATGAAGAGCTGGT_JIA_CD7_4,C1,Naïve-like ILC,scgpt
CGTTCTGAGTGAAGAG_JIA_CD7_3,C1,CD56bright NK,scgpt
CATTCTAAGACCATTC_JIA_DC_1,C1,C1,scgpt
TCGGTAAGTAGGCTGA_JIA_CD7_4,Naïve-like ILC,Naïve-like ILC,scgpt
CGGAGCTGTAAATACG_JIA_CD7_4,C2,C2,scgpt
TTGACTTCAATAGCAA_JIA_Total_19,CD56dim NK,CD56dim NK,scgpt
TGATTTCTCAGGCCCA_JIA_Total_14,C1,C2,scgpt
CGCGGTACATGGGAAC_JIA_CD7_1,C1,C1,scgpt
CAGATCACAAGAGGCT_JIA_Total_24,C2,C3,scgpt
ATTACTCAGTACATGA_JIA_CD7_2,Cycling NK,Cycling NK,scgpt
TTTGGTTAGCGATATA_JIA_Total_1,CD56dim NK,CD56dim NK,scgpt
GGCAATTGTAGCGCTC_JIA_CD7_4,C1,C1,scgpt
CTAACTTCATACTCTT_JIA_Total_2,C2,C2,scgpt
GATCGCGCAAGCCTAT_JIA_CD7_1,C1,C1,scgpt
TTATGCTAGTCCAGGA_JIA_Total_14,C1,CD56bright NK,scgpt
ACTTGTTTCCAATGGT_JIA_CD7_4,C1,C1,scgpt
AGCGTATCAGACGTAG_JIA_CD7_4,CD56dim NK,CD56dim NK,scgpt
CCTCAGTAGCACAGGT_JIA_Total_1,CD56bright NK,CD56bright NK,scgpt
GATGAGGGTTATGTCG_JIA_DC_1,C1,C1,scgpt
CCTACACTCTTGAGGT_JIA_CD7_2,ILC2,ILC2,scgpt
AGAATAGGTAATAGCA_JIA_Total_17,Cycling NK,Cycling NK,scgpt
GAACATCAGACCACGA_JIA_CD7_5,C2,C3,scgpt
ATGCGATTCGTTGACA_JIA_CD7_3,C2,C2,scgpt
AAGGCAGGTAGCGTGA_JIA_CD7_2,CD56bright NK,CD56bright NK,scgpt
CGCTGGAAGCGATTCT_JIA_CD7_5,Cycling NK,C3,scgpt
GATCGCGAGATATGGT_JIA_CD7_3,CD56bright NK,C2,scgpt
GTAGGCCTCTATCGCC_JIA_CD7_5,Naïve-like ILC,Naïve-like ILC,scgpt
GCGCCAATCGGCGCAT_JIA_Total_17,C3,CD56dim NK,scgpt
GTCTCGTTCGATAGAA_JIA_CD7_3,ILC3,ILC3,scgpt
GACGCGTAGTGAATTG_JIA_CD7_5,C2,C3,scgpt
TGAGCATCATTATCTC_JIA_CD7_4,Naïve-like ILC,C3,scgpt
CCGTTCATCTGCCCTA_JIA_CD7_1,C2,C2,scgpt
TGCTGCTCATGCCTTC_JIA_Total_20,CD56bright NK,CD56bright NK,scgpt
GTCGTAAGTGCCTGTG_JIA_CD7_4,CD56dim NK,CD56dim NK,scgpt
CCTACCATCCTGCTTG_JIA_Total_2,Cycling NK,Cycling NK,scgpt
ACTTTCAGTTTAAGCC_JIA_CD7_3,CD56dim NK,CD56dim NK,scgpt
TAGGCATAGGAGCGAG_JIA_CD7_4,C1,C2,scgpt
GGGTTGCCAGTTTACG_JIA_CD7_3,C3,C3,scgpt
AGATCTGTCTTGCATT_JIA_Total_25,CD56bright NK,CD56bright NK,scgpt
CCACCTATCACCTCGT_JIA_Total_24,C1,C1,scgpt
CCTTCGAAGTCTCAAC_JIA_Total_13,CD56bright NK,CD56bright NK,scgpt
TACACGAAGAAACGAG_JIA_CD7_3,C2,C2,scgpt
TGGACGCTCGCGCCAA_JIA_CD7_4,C2,C2,scgpt
CGAGCACTCATCTGCC_JIA_CD7_3,CD56bright NK,CD56bright NK,scgpt
CCGTGGAGTCAACATC_JIA_CD7_3,C1,C1,scgpt
CGGACGTTCTCAAACG_JIA_CD7_4,C2,C2,scgpt
CAGCTAAGTAGTACCT_JIA_CD7_3,C2,C2,scgpt
TTTGTCATCACTATTC_JIA_Total_24,C1,Naïve-like ILC,scgpt
CAAGAAATCAGATAAG_JIA_Total_25,Cycling NK,Cycling NK,scgpt
AGCGTATCAGGAATGC_JIA_CD7_2,CD56bright NK,CD56bright NK,scgpt
AAATGCCAGTACTTGC_JIA_CD7_5,CD56bright NK,CD56bright NK,scgpt
ACACCAATCAACACTG_JIA_CD7_5,CD56bright NK,CD56bright NK,scgpt
TGTTCCGAGGACGAAA_JIA_Total_1,CD56dim NK,CD56dim NK,scgpt
ATGGGAGGTTCGTCTC_JIA_CD7_3,C3,C3,scgpt
ACATGGTGTTCAGTAC_JIA_Total_24,C1,C1,scgpt
GAACCTAAGATGCGAC_JIA_CD7_5,ILC2,C3,scgpt
GGGAATGCAACAACCT_JIA_Total_2,Cycling NK,Cycling NK,scgpt
CCTTCGAAGCTAGTTC_JIA_CD7_5,CD56dim NK,CD56dim NK,scgpt
GAACACTTCAAGCCAT_JIA_DC_1,CD56bright NK,CD56bright NK,scgpt
TGGGAAGCAGCTATTG_JIA_CD7_3,CD56dim NK,CD56dim NK,scgpt
GGGCACTCACGGTGTC_JIA_CD7_5,Cycling NK,Cycling NK,scgpt
GGACATTAGACCTTTG_JIA_CD7_3,C1,C1,scgpt
CAGCGACCATATACGC_JIA_CD7_4,CD56dim NK,CD56dim NK,scgpt
CGATGTAGTATCTGCA_JIA_CD7_1,Cycling NK,Cycling NK,scgpt
TTAACTCCAACTGCTA_JIA_Total_20,C1,C1,scgpt
CTGATCCGTGACTCAT_JIA_CD7_1,Cycling NK,Cycling NK,scgpt
CTGATCCAGACACTAA_JIA_CD7_3,C1,C1,scgpt
TGGCGCATCCACGACG_JIA_CD7_5,C2,C2,scgpt
TACTCGCTCGTCCAGG_JIA_CD7_5,Cycling NK,Cycling NK,scgpt
CGCTGGATCCCATTTA_JIA_CD7_2,CD56bright NK,CD56bright NK,scgpt
TTCTCCTCATGACATC_JIA_CD7_3,C1,C1,scgpt
TTGCCGTTCTTACCGC_JIA_Total_1,CD56dim NK,CD56dim NK,scgpt
GAGCAGATCCATGAAC_JIA_CD7_5,C2,C2,scgpt
GATCGCGGTCGAATCT_JIA_CD7_4,C2,C2,scgpt
CACAAACAGATTACCC_JIA_CD7_4,CD56bright NK,CD56bright NK,scgpt
CAGTAACGTCCAGTGC_JIA_Total_25,CD56dim NK,CD56dim NK,scgpt
TGAGAGGGTGGCAAAC_JIA_Total_24,Naïve-like ILC,Naïve-like ILC,scgpt
CATATGGTCATGGTCA_JIA_Total_23,C1,C1,scgpt
TCATTACGTTTGGGCC_JIA_Total_17,C3,C3,scgpt
CGAGCCATCAATACCG_JIA_Total_17,C1,CD56bright NK,scgpt
CTCGAGGGTTGTTTGG_JIA_CD7_5,C1,CD56bright NK,scgpt
GTTCTCGCATTGTGCA_JIA_CD7_4,C3,C3,scgpt
GGACAGACAAGTCTGT_JIA_Total_14,C3,Cycling NK,scgpt
GGCTCGAAGGGAGTAA_JIA_CD7_5,Cycling NK,C1,scgpt
GTTCGGGCACGTTGGC_JIA_Total_19,ILC2,ILC2,scgpt
CGAATGTTCGCGATCG_JIA_CD7_5,C2,C2,scgpt
TTCAGGATCCGGCTTT_JIA_CD45_2,C2,C1,scgpt
AAGCATCCATGGCCAC_JIA_DC_1,Cycling NK,Cycling NK,scgpt
CGAGAAGGTGATGTGG_JIA_Total_1,CD56bright NK,CD56bright NK,scgpt
GCATGATGTAATCACC_JIA_CD7_1,C2,C2,scgpt
CACAAACAGCTAACTC_JIA_CD7_4,C2,C1,scgpt
GACAGAGTCACTGGGC_JIA_Total_8,C1,C1,scgpt
TCCCGATTCCCGGATG_JIA_Total_19,CD56dim NK,CD56dim NK,scgpt
GTCGTAACAGACAAGC_JIA_Total_19,CD56dim NK,CD56dim NK,scgpt
GATTCAGCATCACGTA_JIA_CD7_3,CD56dim NK,CD56dim NK,scgpt
TACACGACACCTGGTG_JIA_Total_26,C1,CD56bright NK,scgpt
TACTCATTCACTCCTG_JIA_CD7_3,Cycling NK,CD56dim NK,scgpt
TACGGTACAGCTGCTG_JIA_CD7_4,C3,C3,scgpt
TGTTCCGCAGTCGTGC_JIA_CD7_4,CD56bright NK,CD56bright NK,scgpt
AACTGGTCACATGGGA_JIA_CD7_5,C1,C1,scgpt
TCGCGTTCAGCCAGAA_JIA_CD7_4,C2,C3,scgpt
CTGAAACCACTGAAGG_JIA_CD7_1,C2,C2,scgpt
ACTGATGTCAATAAGG_JIA_Total_1,Cycling NK,Cycling NK,scgpt
CCTCTGAGTCCCTTGT_JIA_Total_17,C1,C1,scgpt
ACTGTCCAGAATGTTG_JIA_CD7_5,CD56bright NK,CD56bright NK,scgpt
CACATAGAGAAACGCC_JIA_CD7_5,CD56dim NK,CD56dim NK,scgpt
AGATCTGCATACGCTA_JIA_CD7_3,C3,C3,scgpt
GTCATTTAGGTGACCA_JIA_Total_26,Cycling NK,Cycling NK,scgpt
GATCGCGTCCGCTGTT_JIA_CD7_3,C1,C1,scgpt
CGGAGCTCATTGTGCA_JIA_CD7_4,C1,Naïve-like ILC,scgpt
CACCTTGAGTCAAGGC_JIA_CD7_4,C1,C1,scgpt
CTCGTCAAGACACGAC_JIA_CD7_5,Cycling NK,Cycling NK,scgpt
AACTGGTCATTGGTAC_JIA_CD7_4,C2,C2,scgpt
AGGTCATTCAGCACAT_JIA_CD7_4,C1,Naïve-like ILC,scgpt
ACGGGCTTCTGTCTCG_JIA_CD7_5,CD56bright NK,CD56bright NK,scgpt
CTCAGAAGTTCGCGAC_JIA_CD7_5,CD56bright NK,CD56bright NK,scgpt
GGATTACAGAAGGCCT_JIA_Total_17,CD56bright NK,CD56dim NK,scgpt
AACACGTTCTGGCGAC_JIA_CD7_3,CD56dim NK,CD56dim NK,scgpt
AAGGCAGCACGAAAGC_JIA_CD7_5,Cycling NK,C3,scgpt
AGACGTTTCAGCGATT_JIA_Total_10,CD56dim NK,CD56dim NK,scgpt
GGGTTGCCAATCACAC_JIA_CD7_5,Cycling NK,C2,scgpt
CGGGTCACAACACCTA_JIA_Total_23,CD56bright NK,CD56bright NK,scgpt
TGAGCCGAGACTCGGA_JIA_CD7_3,CD56dim NK,CD56dim NK,scgpt
ACGCCAGCAGCTGTAT_JIA_CD7_3,Naïve-like ILC,Naïve-like ILC,scgpt
CAGCTAAGTGCACGAA_JIA_CD7_5,C1,C1,scgpt
CTGGTCTCAATTCCTT_JIA_CD7_3,ILC2,C1,scgpt
GCAAACTAGAGCTGGT_JIA_CD7_2,CD56dim NK,CD56dim NK,scgpt
CTAACTTGTACTTGAC_JIA_Total_1,CD56dim NK,CD56dim NK,scgpt
TCATTTGAGTGCTGCC_JIA_Total_1,Cycling NK,Cycling NK,scgpt
AGAGCGAGTCCGACGT_JIA_CD7_3,C1,Naïve-like ILC,scgpt
AACCGCGCATAGACTC_JIA_Total_2,Naïve-like ILC,Naïve-like ILC,scgpt
GTACTTTGTAACGCGA_JIA_CD7_2,CD56bright NK,CD56bright NK,scgpt
GTCACAACACCCATTC_JIA_CD7_4,C2,C1,scgpt
CGTAGGCCATCCGCGA_JIA_CD7_3,C2,C2,scgpt
GGGATGACAACGATCT_JIA_Total_14,C1,C1,scgpt
CCACCTATCCAACCAA_JIA_Total_24,C2,C2,scgpt
ATTATCCAGTTTAGGA_JIA_CD7_2,CD56dim NK,CD56dim NK,scgpt
TTCGAAGTCAAACCGT_JIA_CD7_4,CD56bright NK,CD56bright NK,scgpt
TAAGCGTGTACTCTCC_JIA_CD7_5,CD56bright NK,CD56bright NK,scgpt
GGCGTGTGTGGTAACG_JIA_CD7_4,C1,C2,scgpt
GCTTCCAGTACTCGCG_JIA_CD7_3,C2,C2,scgpt
CATATGGTCTGAAAGA_JIA_CD7_5,CD56dim NK,CD56dim NK,scgpt
TGCGCAGAGTGGTAAT_JIA_CD7_4,C3,C3,scgpt
AAGACCTAGATCTGAA_JIA_CD7_5,C2,C3,scgpt
TGTTCCGAGGCGTACA_JIA_CD7_3,C1,Naïve-like ILC,scgpt
ATGTGTGTCTAACCGA_JIA_CD7_4,C1,C1,scgpt
CATGACAGTCAGAGGT_JIA_CD7_5,C2,C2,scgpt
GACGTTACAATGAATG_JIA_CD7_3,CD56dim NK,CD56dim NK,scgpt
CATCAGAAGTGGTAGC_JIA_CD7_1,Cycling NK,Cycling NK,scgpt
GATCAGTAGAGCAATT_JIA_CD7_5,CD56bright NK,CD56bright NK,scgpt
AGAATAGTCGCTAGCG_JIA_CD7_4,CD56bright NK,CD56bright NK,scgpt
CGAGAAGTCGAGCCCA_JIA_Total_23,ILC2,ILC2,scgpt
TCGCGTTTCATCGATG_JIA_CD7_4,CD56dim NK,CD56dim NK,scgpt
GCTGGGTCAATACGCT_JIA_Total_19,Cycling NK,ILC2,scgpt
GATCGTAAGGGATACC_JIA_CD7_5,Cycling NK,Cycling NK,scgpt
GCAATCAGTCTCAACA_JIA_CD7_5,C2,C3,scgpt
AAACGGGCATAAGACA_JIA_CD7_5,CD56dim NK,CD56dim NK,scgpt
TATGCCCCATTCTCAT_JIA_CD7_4,C2,C2,scgpt
GTCAAGTGTTCCATGA_JIA_CD7_3,CD56dim NK,CD56dim NK,scgpt
AGAGCGACAATAGAGT_JIA_CD7_3,Cycling NK,Cycling NK,scgpt
AGAGCGATCACCACCT_JIA_Total_20,ILC3,ILC3,scgpt
TACGGGCTCAAGGCTT_JIA_CD7_2,CD56bright NK,CD56bright NK,scgpt
TGGTTCCCAAATTGCC_JIA_Total_26,C1,CD56bright NK,scgpt
CAAGATCTCTGTTGAG_JIA_CD7_5,CD56bright NK,CD56bright NK,scgpt
GTATCTTCAAGCGTAG_JIA_CD7_3,CD56bright NK,CD56bright NK,scgpt
GAGTCCGTCACATAGC_JIA_Total_20,ILC3,ILC3,scgpt
TTGACTTGTTAGAACA_JIA_CD7_1,CD56dim NK,CD56dim NK,scgpt
CGTCTACAGAGTGACC_JIA_CD7_2,C1,CD56bright NK,scgpt
TTGAACGGTAGCTTGT_JIA_Total_26,Cycling NK,Cycling NK,scgpt
CGGACACGTTTCCACC_JIA_CD7_5,Cycling NK,CD56dim NK,scgpt
TGAGCATAGTACGCCC_JIA_Total_16,CD56dim NK,CD56dim NK,scgpt
CTCGTACTCGCAAGCC_JIA_CD7_3,C1,C1,scgpt
TACCTATTCTGAGGGA_JIA_CD7_1,CD56dim NK,CD56dim NK,scgpt
TAAGCGTGTTATGCGT_JIA_CD7_4,Naïve-like ILC,Naïve-like ILC,scgpt
TTAGGACTCAACACGT_JIA_CD7_5,Cycling NK,Cycling NK,scgpt
AAAGATGCACCAGGTC_JIA_CD7_5,C3,C3,scgpt
CTCGAGGTCTTTACAC_JIA_CD7_3,C1,Naïve-like ILC,scgpt
CACATTTGTAAAGTCA_JIA_CD7_3,C1,C2,scgpt
GGCCGATAGCATGGCA_JIA_CD7_1,C3,C3,scgpt
TAAGCGTCATTCTTAC_JIA_CD7_5,Naïve-like ILC,Naïve-like ILC,scgpt
GCAATCAAGCTAAGAT_JIA_CD7_1,CD56dim NK,CD56dim NK,scgpt
CGTCAGGGTATTAGCC_JIA_CD7_1,C2,C2,scgpt
CTCGGGAGTCACTGGC_JIA_CD7_1,CD56bright NK,CD56bright NK,scgpt
TTAGGACCATCAGTAC_JIA_CD7_5,C2,C2,scgpt
AGGTCATGTTTAGGAA_JIA_CD7_3,ILC2,ILC2,scgpt
GCACATAGTACTTCTT_JIA_CD7_1,C2,C2,scgpt
GCTCTGTGTCTAAACC_JIA_CD7_2,CD56bright NK,CD56bright NK,scgpt
TGTCCCAGTAGCGATG_JIA_Total_7,C1,CD56bright NK,scgpt
GATGCTACAGATGAGC_JIA_Total_24,C2,C2,scgpt
CTTCTCTTCTCACATT_JIA_Total_23,CD56bright NK,CD56bright NK,scgpt
TACAGTGCAATTGCTG_JIA_CD7_5,CD56dim NK,CD56dim NK,scgpt
TGGCTGGAGTGGGTTG_JIA_Total_17,Cycling NK,C3,scgpt
CGATGGCGTCACCCAG_JIA_CD7_4,C2,C2,scgpt
GTCAAGTCAGGATTGG_JIA_CD7_2,Cycling NK,Cycling NK,scgpt
CTTTGCGAGCTCCCAG_JIA_CD7_4,C2,C2,scgpt
CAGTCCTCATCGACGC_JIA_CD7_5,C2,C3,scgpt
CTCGAGGGTGAGGGAG_JIA_CD7_1,Cycling NK,Cycling NK,scgpt
ATCTGCCGTAATCGTC_JIA_CD7_4,C1,C1,scgpt
TGCCAAACAGATGGCA_JIA_CD7_5,C3,C3,scgpt
CCTAAAGGTCACCCAG_JIA_CD7_4,Cycling NK,Cycling NK,scgpt
GGCTCGATCGCCAGCA_JIA_Total_24,C1,CD56bright NK,scgpt
TTCGAAGGTCCTCTTG_JIA_CD7_2,CD56dim NK,CD56dim NK,scgpt
ACGATACGTCTAGGTT_JIA_CD7_3,Cycling NK,Cycling NK,scgpt
TCTTCGGGTCCGAATT_JIA_Total_19,CD56bright NK,CD56bright NK,scgpt
CGAACATGTCCTAGCG_JIA_Total_26,C2,Naïve-like ILC,scgpt
GAACGGAGTTCGCGAC_JIA_CD7_1,C2,C2,scgpt
TATCAGGGTGTCTTGA_JIA_DC_2,C1,C1,scgpt
TCACGAACAGGTGCCT_JIA_CD7_1,C2,C2,scgpt
CATCAGAAGTGTCTCA_JIA_CD7_4,C3,C3,scgpt
CGCTTCATCTCTTGAT_JIA_CD7_3,Cycling NK,Cycling NK,scgpt
CGTTCTGGTACAGACG_JIA_CD7_5,C2,C3,scgpt
TATCTCAGTGGTCCGT_JIA_Total_26,C1,CD56bright NK,scgpt
CGGAGTCAGTTTGCGT_JIA_CD7_2,C1,CD56bright NK,scgpt
ATTGGACTCGTCACGG_JIA_CD7_4,C1,C1,scgpt
CTGGTCTAGCTTATCG_JIA_CD7_5,ILC3,ILC3,scgpt
CTTCTCTTCATTTGGG_JIA_CD7_5,C3,C2,scgpt
TGGGAAGTCTTGCATT_JIA_CD7_2,ILC2,ILC2,scgpt
CACCTTGTCATGTCCC_JIA_CD7_1,Cycling NK,Cycling NK,scgpt
CATCAGATCTGGAGCC_JIA_CD7_4,C2,C2,scgpt
CGATGGCCAAGGACAC_JIA_Total_10,CD56dim NK,CD56dim NK,scgpt
CCTTACGCATGGTCTA_JIA_CD7_4,C1,C1,scgpt
GTGCTTCGTCGTTGTA_JIA_CD7_5,C2,C2,scgpt
GGCTCGATCCAGTATG_JIA_CD7_2,CD56dim NK,CD56dim NK,scgpt
AGTTGGTTCTTGCCGT_JIA_CD7_4,C3,C2,scgpt
TGCTGCTTCGCACTCT_JIA_CD7_4,C1,C1,scgpt
CGTGAGCTCTACCAGA_JIA_CD7_5,C2,C2,scgpt
TACTCATCAATCGAAA_JIA_Total_24,C2,C1,scgpt
GGCGACTGTGCTTCTC_JIA_CD7_4,Naïve-like ILC,Naïve-like ILC,scgpt
GCTCCTATCAGCTGGC_JIA_CD7_4,CD56dim NK,CD56dim NK,scgpt
GCCTCTAGTAAATGAC_JIA_CD7_3,C1,C1,scgpt
ACAGCCGGTTTCCACC_JIA_CD7_2,ILC2,ILC2,scgpt
CGGAGTCGTGGTGTAG_JIA_Total_19,CD56dim NK,CD56dim NK,scgpt
TTTATGCCATTCTCAT_JIA_CD7_4,Cycling NK,C2,scgpt
CGAGCACTCGGATGGA_JIA_CD7_5,C2,C2,scgpt
TACACGAAGGCGACAT_JIA_CD7_5,CD56dim NK,CD56dim NK,scgpt
ACAGCCGGTTAGGGTG_JIA_CD7_2,CD56dim NK,CD56dim NK,scgpt
ATGAGGGCACTACAGT_JIA_CD7_5,ILC3,ILC3,scgpt
CCCAATCGTGCCTGTG_JIA_Total_5,Naïve-like ILC,CD56bright NK,scgpt
CCGTACTGTATCAGTC_JIA_CD7_4,C2,C2,scgpt
CCTATTACACACTGCG_JIA_CD7_3,C1,C1,scgpt
CAGATCAGTATTCTCT_JIA_Total_26,C1,C1,scgpt
AGGTCATAGATGCGAC_JIA_CD7_4,C1,C1,scgpt
GTGCAGCCATTATCTC_JIA_CD7_5,C2,C1,scgpt
TCGCGAGCAGGCGATA_JIA_CD7_3,Cycling NK,C2,scgpt
CTTAGGAGTGTTGGGA_JIA_CD7_2,CD56bright NK,CD56bright NK,scgpt
CAAGTTGGTAAAGGAG_JIA_Total_20,C3,C3,scgpt
GCAGTTAAGGAGTTTA_JIA_CD7_4,Cycling NK,CD56dim NK,scgpt
TACTCATTCGTAGGAG_JIA_CD7_1,Cycling NK,Cycling NK,scgpt
ATAGACCCAAAGGTGC_JIA_CD7_3,ILC2,ILC2,scgpt
CCTCAGTTCTTGTACT_JIA_CD7_5,CD56dim NK,CD56dim NK,scgpt
ACAACCACAATATCCG_JIA_DC_1,C1,C1,scgpt
ATAGACCCACGACTCG_JIA_CD7_5,CD56bright NK,Naïve-like ILC,scgpt
CGAGCCACATTCCTGC_JIA_Total_25,CD56bright NK,CD56bright NK,scgpt
AAATGCCAGGTGCACA_JIA_Total_26,C1,C1,scgpt
CCTAGCTGTTGGACCC_JIA_CD7_3,CD56dim NK,CD56dim NK,scgpt
AGAGCTTTCAGCACAT_JIA_CD7_4,C1,Cycling NK,scgpt
CACACAAAGTGACTCT_JIA_CD7_5,C1,C1,scgpt
GATTCAGAGCGATCCC_JIA_CD7_5,ILC3,ILC3,scgpt
GCGCAGTCATCACGTA_JIA_CD7_5,CD56dim NK,CD56dim NK,scgpt
CCTTTCTCATGAAGTA_JIA_CD7_1,ILC2,ILC2,scgpt
CTGCCTACAGCTCGCA_JIA_CD7_3,CD56dim NK,CD56dim NK,scgpt
GTGTTAGCATCCGGGT_JIA_CD7_4,Naïve-like ILC,Naïve-like ILC,scgpt
AGGGTGATCGTCCAGG_JIA_CD7_4,C1,Naïve-like ILC,scgpt
CGTCCATCATTCCTCG_JIA_CD7_5,Cycling NK,C1,scgpt
GCAATCAGTCCGAGTC_JIA_Total_26,C1,CD56bright NK,scgpt
CGAACATTCAGCGATT_JIA_CD7_5,Cycling NK,Cycling NK,scgpt
CGATGTACACACCGAC_JIA_CD7_5,CD56bright NK,CD56bright NK,scgpt
GGCGACTCATTTCACT_JIA_CD7_4,C2,C2,scgpt
ATCATGGCATGTTGAC_JIA_CD7_5,Cycling NK,Cycling NK,scgpt
GTTTCTATCGAATGGG_JIA_Total_24,C3,C3,scgpt
CATTCGCAGCCCAATT_JIA_CD7_4,ILC2,ILC2,scgpt
CCGGGATGTTTGTGTG_JIA_CD7_5,C2,C2,scgpt
GTACGTATCACGCGGT_JIA_CD7_2,CD56dim NK,CD56dim NK,scgpt
ACTGCTCAGACAGACC_JIA_Total_24,C1,C1,scgpt
CGCTTCACACCACGTG_JIA_Total_24,C1,C1,scgpt
GTATTCTTCGTGGACC_JIA_CD7_3,C3,C3,scgpt
ATCTACTCAAGGCTCC_JIA_CD7_5,C2,C2,scgpt
CGTAGGCCATTGGGCC_JIA_CD7_2,CD56dim NK,CD56dim NK,scgpt
TTCGAAGGTAGCTTGT_JIA_CD7_5,Cycling NK,Cycling NK,scgpt
CGACCTTTCGGAGGTA_JIA_CD7_5,Naïve-like ILC,Naïve-like ILC,scgpt
TACGGGCCACGGTGTC_JIA_Total_20,C2,C2,scgpt
TACAGTGGTGGCTCCA_JIA_CD7_5,C3,C3,scgpt
GGGATGAAGGTGGGTT_JIA_CD7_2,Cycling NK,ILC3,scgpt
CCTACCAAGAGGGCTT_JIA_CD7_5,C2,C2,scgpt
GTGTTAGTCTTTACAC_JIA_CD7_2,Cycling NK,Cycling NK,scgpt
CATGCCTAGTGAAGAG_JIA_Total_14,C1,C1,scgpt
GCTCCTAAGTTGTCGT_JIA_CD7_3,C2,C2,scgpt
GGATTACGTTCAGGCC_JIA_CD7_3,ILC2,ILC2,scgpt
GATAGAAAGCTCACTA_JIA_DC_1,C1,C1,scgpt
CTCATTAGTTACGTCA_JIA_CD7_5,CD56bright NK,CD56bright NK,scgpt
GGGAATGCAAGTCTAC_JIA_CD7_3,C2,C2,scgpt
CAGTAACGTCGGATCC_JIA_CD7_5,Cycling NK,Cycling NK,scgpt
GTACGTAAGTAGATGT_JIA_Total_17,C1,C2,scgpt
CTCGGAGGTGGTGTAG_JIA_CD7_5,CD56bright NK,CD56bright NK,scgpt
TGTTCCGAGAGTACAT_JIA_CD7_4,C1,C1,scgpt
ATCGAGTTCAAAGACA_JIA_CD7_4,C1,Naïve-like ILC,scgpt
AAGGAGCCAGACGTAG_JIA_CD7_5,Cycling NK,C2,scgpt
TCGTAGAAGACCCACC_JIA_CD7_4,Cycling NK,CD56dim NK,scgpt
ATCATCTCAGGGCATA_JIA_CD7_1,C1,C1,scgpt
TGTTCCGTCTAACCGA_JIA_CD7_5,C2,C3,scgpt
TTGAACGCATTCGACA_JIA_CD7_1,Cycling NK,Cycling NK,scgpt
GACTAACGTCCAGTGC_JIA_Total_23,CD56bright NK,CD56bright NK,scgpt
CGCTGGAGTACTTAGC_JIA_Total_13,CD56bright NK,CD56bright NK,scgpt
TCAACGAAGTTGAGTA_JIA_CD7_3,CD56dim NK,CD56dim NK,scgpt
CGACCTTCACATGGGA_JIA_CD7_1,CD56bright NK,CD56bright NK,scgpt
TGACGGCAGCCGTCGT_JIA_CD7_5,Cycling NK,Cycling NK,scgpt
GTTAAGCAGTTCGCAT_JIA_CD7_2,CD56dim NK,CD56dim NK,scgpt
TGTGGTAAGCGAAGGG_JIA_Total_10,CD56bright NK,CD56bright NK,scgpt
TAGTTGGGTTCGCGAC_JIA_CD7_3,CD56dim NK,CD56dim NK,scgpt
GTCGGGTCAGATGGCA_JIA_CD7_4,CD56dim NK,CD56dim NK,scgpt
TACTCGCAGGTGCTTT_JIA_Total_17,C1,C1,scgpt
ACACCAAGTATAGTAG_JIA_CD7_4,Naïve-like ILC,ILC2,scgpt
TCAGCTCAGATAGCAT_JIA_CD7_4,C2,C2,scgpt
TTAGGCAAGTTGCAGG_JIA_CD7_2,CD56dim NK,CD56dim NK,scgpt
CAGTAACGTAGGGTAC_JIA_CD7_3,CD56dim NK,CD56dim NK,scgpt
AGAGCTTAGCTGAAAT_JIA_Total_4,CD56bright NK,CD56bright NK,scgpt
GAAGCAGAGCTGATAA_JIA_CD7_4,C1,C1,scgpt
CCCATACAGGCGCTCT_JIA_CD7_2,C1,CD56bright NK,scgpt
GACCAATTCGTCCAGG_JIA_Total_25,CD56bright NK,CD56bright NK,scgpt
GTGCGGTAGGTGCACA_JIA_Total_25,CD56bright NK,CD56bright NK,scgpt
TACGGGCAGCCAGTAG_JIA_CD7_4,Cycling NK,Cycling NK,scgpt
GAATAAGGTGCATCTA_JIA_Total_17,Cycling NK,C1,scgpt
AATCCAGCAAGTTCTG_JIA_Total_25,CD56dim NK,CD56dim NK,scgpt
ATAAGAGGTGCGAAAC_JIA_CD7_5,Cycling NK,Cycling NK,scgpt
GGCGACTAGCTCTCGG_JIA_CD7_5,C2,C2,scgpt
TACTCGCTCCATGAAC_JIA_CD7_5,CD56bright NK,C1,scgpt
CACACAACATTTGCTT_JIA_Total_23,Cycling NK,Cycling NK,scgpt
ACAGCCGCATGGTAGG_JIA_CD7_5,CD56bright NK,CD56bright NK,scgpt
CGGAGCTTCTAACGGT_JIA_CD7_4,C3,C3,scgpt
CGTTGGGAGAATGTGT_JIA_Total_20,C2,C3,scgpt
GAACCTACACGGACAA_JIA_CD7_3,C1,C1,scgpt
CGCGTTTGTCGTCTTC_JIA_CD7_5,CD56bright NK,CD56bright NK,scgpt
CAGATTGGTCACCGCA_JIA_DC_2,C1,C1,scgpt
GGGACCTAGTCACGCC_JIA_CD7_4,ILC3,ILC3,scgpt
CCACCTATCCATGAGT_JIA_CD7_5,C2,CD56bright NK,scgpt
TCTATTGGTAGAGGAA_JIA_CD7_2,CD56bright NK,CD56bright NK,scgpt
GTAACGTTCGCAGGCT_JIA_CD7_5,CD56dim NK,CD56dim NK,scgpt
ACACTGACACGTAAGG_JIA_CD7_2,CD56bright NK,CD56bright NK,scgpt
TAAGCGTAGCGATCCC_JIA_CD7_5,C2,CD56bright NK,scgpt
TCAGGATGTTGAACTC_JIA_CD7_4,C1,CD56bright NK,scgpt
CCTCAGTGTTAAGGGC_JIA_CD7_1,C3,C3,scgpt
CTTAACTTCGCTGATA_JIA_CD7_5,C2,C2,scgpt
AACTTTCGTGCGATAG_JIA_CD7_2,C1,CD56bright NK,scgpt
CACACTCAGGACACCA_JIA_CD7_5,Cycling NK,Cycling NK,scgpt
GGCCGATAGAGCTGCA_JIA_CD7_3,C1,CD56bright NK,scgpt
ACGCAGCAGGGCTCTC_JIA_Total_11,C1,C1,scgpt
GATCGTACACTATCTT_JIA_CD7_4,Cycling NK,Cycling NK,scgpt
GGTGAAGTCGGTGTCG_JIA_CD7_1,C2,C2,scgpt
GAGTTGTTCACGGGCT_JIA_DC_2,Cycling NK,C1,scgpt
TAAGAGAAGACAGAGA_JIA_Total_20,C1,Naïve-like ILC,scgpt
ACATGGTCACGAAATA_JIA_CD7_5,Naïve-like ILC,Naïve-like ILC,scgpt
GAGGTGAGTACTTAGC_JIA_CD7_1,C2,C2,scgpt
TCGCGTTAGGCCATAG_JIA_CD7_1,C3,C3,scgpt
TTTACTGTCTTACCGC_JIA_Total_14,C1,C1,scgpt
CATTCGCGTCCCTTGT_JIA_CD7_5,CD56dim NK,CD56dim NK,scgpt
GGACAAGAGGCTAGAC_JIA_CD7_4,CD56dim NK,CD56dim NK,scgpt
GATTCAGAGGCTCTTA_JIA_CD7_3,Cycling NK,Cycling NK,scgpt
TCGTACCAGACGCAAC_JIA_Total_26,Naïve-like ILC,Naïve-like ILC,scgpt
TGAGCCGTCCACTCCA_JIA_CD7_5,Cycling NK,Cycling NK,scgpt
CCTATTACACATTAGC_JIA_CD7_2,CD56dim NK,CD56dim NK,scgpt
CTGTCGTCACTAGGCC_JIA_CD45_1,ILC2,ILC2,scgpt
TTTATGCCATTACGAC_JIA_CD7_5,C2,C2,scgpt
ACTTGTTAGACACGAC_JIA_CD7_5,C1,C2,scgpt
CGGAGTCAGAAGCCCA_JIA_Total_17,C1,CD56bright NK,scgpt
CCTTACGGTAGGGTAC_JIA_CD7_4,C3,C3,scgpt
TCGACCTAGAAGTATC_JIA_DC_1,CD56bright NK,CD56bright NK,scgpt
CTCGGGATCAGCCTAA_JIA_CD7_5,Cycling NK,Cycling NK,scgpt
CTAAGACAGAGGGCTT_JIA_CD7_1,Cycling NK,Cycling NK,scgpt
TATGCCCCAGCGAACA_JIA_CD7_2,C2,CD56bright NK,scgpt
CCATGTCTCATTCACT_JIA_Total_7,Cycling NK,Cycling NK,scgpt
CCGTGGACAATCGAAA_JIA_CD7_5,Cycling NK,Cycling NK,scgpt
TTTATGCTCCTACAGA_JIA_CD7_4,CD56dim NK,CD56dim NK,scgpt
AGACGTTCACCCATGG_JIA_CD7_2,Cycling NK,Cycling NK,scgpt
CACACCTGTTGCGTTA_JIA_Total_11,C3,C3,scgpt
CACAGTATCTCCGGTT_JIA_CD7_1,C1,C3,scgpt
GTAACGTCACCTTGTC_JIA_Total_17,Cycling NK,Cycling NK,scgpt
GGCCGATTCATAGCAC_JIA_Total_20,C2,C2,scgpt
ACACCAATCTGCTGCT_JIA_CD7_2,CD56dim NK,CD56dim NK,scgpt
ATTACTCGTCTTGCGG_JIA_CD7_5,CD56dim NK,CD56dim NK,scgpt
CATCCACCAATAAGCA_JIA_CD7_4,C2,Cycling NK,scgpt
ACCTTTATCTCTTGAT_JIA_CD7_4,C3,C3,scgpt
ACGAGGATCCTTAATC_JIA_CD7_3,C1,C1,scgpt
AGGGTGATCGAATGGG_JIA_CD7_5,C3,C3,scgpt
AACTCAGCATGGGAAC_JIA_CD7_3,CD56dim NK,CD56dim NK,scgpt
TGACGGCCAGTATCTG_JIA_CD7_5,C1,C2,scgpt
AGTGAGGCACGAAATA_JIA_CD7_1,C2,C2,scgpt
CAGCAGCAGACTAGGC_JIA_Total_20,C2,C1,scgpt
CTCTACGTCGTTTGCC_JIA_CD7_1,C3,C3,scgpt
CGTGAGCGTGGTACAG_JIA_CD7_5,ILC3,ILC3,scgpt
TTCTTAGCACGTGAGA_JIA_CD7_5,ILC3,ILC3,scgpt
TTCCCAGGTCGGCTCA_JIA_Total_5,C1,C1,scgpt
GTACGTAAGAATGTTG_JIA_CD7_5,CD56dim NK,CD56dim NK,scgpt
CATATGGCAATTCCTT_JIA_CD7_3,Cycling NK,Cycling NK,scgpt
ATGTGTGAGTCGTTTG_JIA_CD7_3,C1,C1,scgpt
ATTGGTGGTCACACGC_JIA_Total_1,CD56dim NK,CD56dim NK,scgpt
CCATTCGAGTGTTAGA_JIA_CD7_4,CD56bright NK,CD56bright NK,scgpt
CTTAGGATCTGCGTAA_JIA_Total_19,CD56dim NK,CD56dim NK,scgpt
CCACCTATCGCCAAAT_JIA_CD7_2,C2,C2,scgpt
CGTCAGGGTACCTACA_JIA_CD7_3,C2,C2,scgpt
TCTCTAAAGCACAGGT_JIA_CD7_1,CD56dim NK,CD56dim NK,scgpt
GAGCAGATCACCATAG_JIA_Total_14,C2,C2,scgpt
CCCAGTTTCCTGTACC_JIA_CD7_3,C2,C1,scgpt
CCAATCCAGACTGGGT_JIA_CD7_2,ILC3,C3,scgpt
CGGAGCTGTATGGTTC_JIA_CD7_5,CD56dim NK,CD56dim NK,scgpt
TAGCCGGTCTGCGGCA_JIA_Total_25,CD56dim NK,CD56dim NK,scgpt
ATTTCTGAGACAGACC_JIA_Total_25,CD56bright NK,CD56bright NK,scgpt
AACCATGCAATGAAAC_JIA_Total_25,Cycling NK,Cycling NK,scgpt
GGGATGAGTTAAGACA_JIA_CD7_2,C1,CD56bright NK,scgpt
TGGACGCAGGGTTCCC_JIA_CD7_3,Cycling NK,Cycling NK,scgpt
CTGCTGTGTGTTCGAT_JIA_CD7_5,CD56bright NK,CD56bright NK,scgpt
TGGTTCCCAAACTGTC_JIA_CD7_4,CD56bright NK,CD56bright NK,scgpt
AAGACCTAGGCATTGG_JIA_Total_17,C1,C1,scgpt
CGTCCATTCAACACAC_JIA_CD7_4,CD56bright NK,CD56bright NK,scgpt
CCTATTAGTGTTAAGA_JIA_CD7_5,Cycling NK,Cycling NK,scgpt
AGAGTGGAGGAGTACC_JIA_CD7_4,Naïve-like ILC,Naïve-like ILC,scgpt
CATATGGTCCAAGCCG_JIA_Total_1,CD56dim NK,CD56dim NK,scgpt
CAGCTGGAGTGTTTGC_JIA_Total_24,C3,C3,scgpt
GAACATCGTGGAAAGA_JIA_CD7_5,C2,C2,scgpt
GCGACCAGTCTGATTG_JIA_CD7_1,Naïve-like ILC,Naïve-like ILC,scgpt
CCAATCCTCCAACCAA_JIA_Total_13,CD56bright NK,CD56bright NK,scgpt
TTAGGACAGATCACGG_JIA_CD7_5,CD56dim NK,CD56dim NK,scgpt
CACAGTACAGACGCCT_JIA_CD7_3,C2,C2,scgpt
CTTCTCTAGTGTCCCG_JIA_CD7_2,Cycling NK,Cycling NK,scgpt
CATCGGGTCTTGAGGT_JIA_Total_10,CD56dim NK,CD56dim NK,scgpt
TCGAGGCGTCGCTTTC_JIA_Total_1,CD56bright NK,Naïve-like ILC,scgpt
TGCTACCCAACAACCT_JIA_CD7_1,C2,C2,scgpt
TCGGGACAGTGACTCT_JIA_CD7_5,CD56dim NK,CD56dim NK,scgpt
GGGTCTGCATAAGACA_JIA_CD7_5,C3,C3,scgpt
AGAGCTTGTCATGCAT_JIA_CD7_5,C1,Naïve-like ILC,scgpt
TACGGATGTCGGCATC_JIA_CD7_5,CD56bright NK,CD56bright NK,scgpt
GATGCTATCCTTTACA_JIA_Total_25,Cycling NK,Cycling NK,scgpt
CTGCGGATCATGCAAC_JIA_Total_23,CD56bright NK,CD56bright NK,scgpt
AAATGCCGTCTAGCGC_JIA_CD7_2,CD56bright NK,CD56bright NK,scgpt
CGGAGCTAGCTAGTCT_JIA_CD7_3,C3,CD56bright NK,scgpt
GTAACGTGTCCTAGCG_JIA_Total_1,CD56bright NK,CD56bright NK,scgpt
GCTGGGTAGCGAAGGG_JIA_CD7_3,C1,CD56bright NK,scgpt
AAAGTAGGTTTGACTG_JIA_CD7_2,Cycling NK,Cycling NK,scgpt
GGAATAACAAGACGTG_JIA_Total_2,C3,C3,scgpt
ATCTACTCATCGTCGG_JIA_CD7_2,C1,C1,scgpt
GAAGGGTCAGAGGTAC_JIA_DC_1,C1,C1,scgpt
GGACATTAGGACAGCT_JIA_CD7_5,C1,C1,scgpt
CACACAACATTCGACA_JIA_CD7_5,CD56bright NK,CD56bright NK,scgpt
GATCGTAAGCCCAACC_JIA_CD7_2,CD56dim NK,CD56dim NK,scgpt
TGACTAGCAATCTACG_JIA_Total_17,C1,Naïve-like ILC,scgpt
AGTGGGAAGGCTCAGA_JIA_CD7_3,C2,C2,scgpt
ACCTTTAGTTAGGGTG_JIA_CD7_2,CD56dim NK,CD56dim NK,scgpt
CGGAGTCCACCAGTTA_JIA_CD7_3,C3,C3,scgpt
CTGAAACGTTCCTCCA_JIA_CD7_5,CD56bright NK,CD56bright NK,scgpt
GTACTCCAGTACGTTC_JIA_CD7_4,C3,C2,scgpt
CTCATTACAGCTGTTA_JIA_CD7_2,ILC2,ILC2,scgpt
TGAGGGAAGATGTAAC_JIA_CD7_4,ILC3,ILC3,scgpt
GTTCATTCATTATCTC_JIA_CD7_4,ILC2,ILC2,scgpt
AGAGCTTCATTAACCG_JIA_Total_23,CD56bright NK,CD56bright NK,scgpt
GATCGCGAGACCCACC_JIA_Total_1,CD56dim NK,CD56dim NK,scgpt
CGATGGCTCTGCCCTA_JIA_CD7_5,CD56bright NK,CD56bright NK,scgpt
GTGTGCGGTCACCTAA_JIA_Total_24,Naïve-like ILC,C1,scgpt
GCAGTTATCATGTCCC_JIA_CD7_5,CD56dim NK,CD56dim NK,scgpt
GAAGCAGAGTCCAGGA_JIA_Total_17,C3,C1,scgpt
CACACAACACTTGGAT_JIA_CD7_4,C2,C2,scgpt
TTAACTCCAACTTGAC_JIA_CD7_5,CD56bright NK,CD56bright NK,scgpt
GTACTCCTCCTTTACA_JIA_CD7_4,C1,C2,scgpt
CACCACTTCTCGTATT_JIA_Total_25,CD56dim NK,CD56dim NK,scgpt
CATCCACCAAGTACCT_JIA_CD7_2,ILC2,ILC2,scgpt
CTTAGGACAGGAACGT_JIA_Total_20,C2,C2,scgpt
TGAGGGACACAACTGT_JIA_CD7_1,C1,Naïve-like ILC,scgpt
TGAGCCGCATAAAGGT_JIA_CD7_3,Cycling NK,Cycling NK,scgpt
TTGTAGGTCTTATCTG_JIA_CD7_2,CD56bright NK,CD56bright NK,scgpt
ACGCCAGCAGATTGCT_JIA_CD7_4,Cycling NK,Cycling NK,scgpt
TACACGATCTTCGAGA_JIA_CD7_2,CD56dim NK,CD56dim NK,scgpt
TCATTTGGTGGTAACG_JIA_CD7_5,ILC3,ILC3,scgpt
TACTTGTCAAGACACG_JIA_CD7_5,Cycling NK,Cycling NK,scgpt
CGTAGGCGTTTCGCTC_JIA_CD7_3,CD56bright NK,CD56bright NK,scgpt
CTGAAACGTTGGACCC_JIA_CD7_3,CD56dim NK,CD56dim NK,scgpt
CCACTACGTTAAGACA_JIA_CD7_3,Cycling NK,Cycling NK,scgpt
TGCGCAGTCGGGAGTA_JIA_CD7_2,CD56bright NK,CD56bright NK,scgpt
GACGCGTGTGCAACGA_JIA_Total_4,Cycling NK,Cycling NK,scgpt
GCGCCAATCCAGAGGA_JIA_CD7_4,C1,Cycling NK,scgpt
TTGCGTCGTACAGTGG_JIA_CD7_1,ILC2,ILC2,scgpt
TAAGAGAGTACAAGTA_JIA_CD7_4,ILC2,Naïve-like ILC,scgpt
GTATTCTCAGTAAGCG_JIA_CD7_4,C2,CD56bright NK,scgpt
CTCTAATAGTGTCTCA_JIA_Total_10,CD56dim NK,CD56dim NK,scgpt
CACAGTATCGGAAATA_JIA_Total_26,Cycling NK,C1,scgpt
CTGATAGAGAATTGTG_JIA_CD7_3,CD56bright NK,C1,scgpt
TAAGAGAGTACACCGC_JIA_CD7_4,CD56dim NK,CD56dim NK,scgpt
CTGATAGGTTCGCGAC_JIA_Total_26,C1,C1,scgpt
ACACCCTGTGAGCGAT_JIA_Total_24,ILC2,ILC2,scgpt
AGAGCGAGTCGTGGCT_JIA_CD7_3,CD56dim NK,CD56dim NK,scgpt
ATCGAGTGTCGGCTCA_JIA_CD7_2,CD56bright NK,CD56bright NK,scgpt
CGGTTAATCGTTGACA_JIA_CD7_1,CD56dim NK,CD56dim NK,scgpt
GTAACTGTCAACACGT_JIA_Total_20,Cycling NK,ILC2,scgpt
GTACTCCAGGATATAC_JIA_CD7_5,ILC3,ILC3,scgpt
CCTACCATCGAATCCA_JIA_CD7_1,Cycling NK,Cycling NK,scgpt
AAGGTTCGTCTCGTTC_JIA_CD7_5,C2,C2,scgpt
GTCGTAATCTTGTTTG_JIA_CD7_5,Cycling NK,Cycling NK,scgpt
GCATGTAGTTCGGCAC_JIA_CD7_3,CD56dim NK,CD56dim NK,scgpt
TCAGCAACAAGGTGTG_JIA_CD7_4,C1,CD56bright NK,scgpt
CGCTTCAGTCCAGTAT_JIA_CD7_4,Naïve-like ILC,Naïve-like ILC,scgpt
GCACTCTAGATGCGAC_JIA_CD7_3,CD56bright NK,CD56bright NK,scgpt
TTTGGTTTCGAACGGA_JIA_CD7_4,C3,C3,scgpt
GAACGGAGTATAGTAG_JIA_CD7_1,CD56dim NK,CD56dim NK,scgpt
CAGAGAGTCCCTCAGT_JIA_CD7_4,C2,C2,scgpt
CGGCTAGCATGCTAGT_JIA_Total_4,Cycling NK,Cycling NK,scgpt
CACAAACGTCACACGC_JIA_CD7_5,Cycling NK,Cycling NK,scgpt
CACAGGCGTAGTGAAT_JIA_CD7_5,C3,C3,scgpt
GTTCATTCATGGTAGG_JIA_Total_4,CD56dim NK,CD56dim NK,scgpt
CGGTTAAGTGTGACGA_JIA_Total_23,CD56dim NK,CD56dim NK,scgpt
GTCGGGTTCATTGCGA_JIA_Total_1,CD56bright NK,CD56bright NK,scgpt
GCTGCTTGTGCACTTA_JIA_Total_17,C3,C3,scgpt
CTTAACTGTGAAAGAG_JIA_CD7_2,Cycling NK,Cycling NK,scgpt
AAAGTAGAGTGAACGC_JIA_CD7_1,CD56dim NK,CD56dim NK,scgpt
TTCTCAATCATGTAGC_JIA_CD7_1,C1,C1,scgpt
TAGACCATCACAATGC_JIA_Total_2,C2,C2,scgpt
GAAATGAGTCCAACTA_JIA_CD7_4,C1,Naïve-like ILC,scgpt
CTCGGGAAGTGTCTCA_JIA_CD7_5,Cycling NK,Cycling NK,scgpt
AGGGATGCAATCAGAA_JIA_CD7_3,ILC2,ILC2,scgpt
TACCTTAAGTGGTAAT_JIA_CD7_5,Naïve-like ILC,Naïve-like ILC,scgpt
GATTCAGTCACAGTAC_JIA_Total_24,Cycling NK,C1,scgpt
GTTACAGGTCGACTAT_JIA_CD7_2,C2,C3,scgpt
TCAGATGAGCTAGTGG_JIA_Total_17,Cycling NK,C3,scgpt
ATCCACCGTCTGATCA_JIA_Total_20,C2,C3,scgpt
ACCTTTAAGCTGCGAA_JIA_CD7_3,C1,CD56bright NK,scgpt
ATAACGCAGGTCGGAT_JIA_Total_24,Cycling NK,Cycling NK,scgpt
TGCCCATAGCGTGTCC_JIA_CD7_5,Naïve-like ILC,C3,scgpt
ATAGACCAGTACGTTC_JIA_CD7_4,Naïve-like ILC,Naïve-like ILC,scgpt
CAGATCACAGTCGTGC_JIA_CD7_4,CD56bright NK,CD56bright NK,scgpt
TTTCCTCGTACTTCTT_JIA_Total_20,Cycling NK,Cycling NK,scgpt
CAGCATAGTACCATCA_JIA_CD7_5,C2,Naïve-like ILC,scgpt
GGGATGACACATTAGC_JIA_Total_20,C2,C3,scgpt
ACCACAAGTATGCTAC_JIA_DC_1,Naïve-like ILC,Naïve-like ILC,scgpt
TTCATTGCACTGTTCC_JIA_CD45_2,Cycling NK,Cycling NK,scgpt
AGGGATGTCACGGTTA_JIA_Total_26,C1,CD56bright NK,scgpt
AGTAGTCTCCAAAGTC_JIA_Total_11,Cycling NK,Cycling NK,scgpt
AACGTTGCATAAGACA_JIA_CD7_4,C2,C2,scgpt
CTTTGCGTCACGGTTA_JIA_Total_5,C3,C1,scgpt
ACACCCTTCAAGGCTT_JIA_CD7_5,C2,C2,scgpt
CAGCTAATCGGCGGTT_JIA_Total_23,CD56bright NK,CD56bright NK,scgpt
GTAGGCCCATCACGAT_JIA_CD7_4,C2,Naïve-like ILC,scgpt
CATTATCGTCAGAGGT_JIA_Total_25,CD56bright NK,CD56bright NK,scgpt
CCTATTAGTGTGACCC_JIA_Total_19,CD56bright NK,CD56bright NK,scgpt
AACACGTTCGCTAGCG_JIA_CD7_5,Cycling NK,Naïve-like ILC,scgpt
TCTTTCCCAGCTTCGG_JIA_CD7_5,CD56bright NK,CD56bright NK,scgpt
TCAACGAGTTCGTGAT_JIA_CD7_5,Naïve-like ILC,Naïve-like ILC,scgpt
CATCGAACAGATCTGT_JIA_CD7_4,CD56dim NK,CD56dim NK,scgpt
AAGGAGCGTGCATCTA_JIA_CD7_1,CD56dim NK,CD56dim NK,scgpt
AGCATACGTCACTGGC_JIA_CD7_4,Cycling NK,Cycling NK,scgpt
CCACTACTCACCAGGC_JIA_CD7_2,CD56bright NK,CD56bright NK,scgpt
TCAGGTACAGTCGTGC_JIA_Total_1,CD56dim NK,CD56dim NK,scgpt
GGGCATCTCCGCAGTG_JIA_Total_17,C3,CD56bright NK,scgpt
GCACTCTTCTAACTTC_JIA_CD7_5,CD56dim NK,CD56dim NK,scgpt
CTTGGCTGTCCTAGCG_JIA_CD7_2,CD56dim NK,CD56dim NK,scgpt
AACCATGCAGCCTTTC_JIA_CD7_5,Cycling NK,Cycling NK,scgpt
CTAGTGAGTCTTCAAG_JIA_CD7_4,Cycling NK,C2,scgpt
CCACCTACACAAGCCC_JIA_CD7_5,C1,C2,scgpt
TGAGCCGCATGGTCTA_JIA_CD7_2,ILC2,ILC2,scgpt
TAGCCGGCACAGAGGT_JIA_Total_20,C3,C3,scgpt
CCGGTAGTCTCGAGTA_JIA_CD7_5,CD56dim NK,CD56dim NK,scgpt
AACACGTGTAAACGCG_JIA_CD7_5,C3,C2,scgpt
TTAACTCCACCGAAAG_JIA_CD7_4,Cycling NK,Cycling NK,scgpt
GGGCATCAGTATCTCG_JIA_CD7_1,CD56dim NK,CD56dim NK,scgpt
CCACTACAGCAGCGTA_JIA_CD7_5,Naïve-like ILC,Naïve-like ILC,scgpt
CTCAGAATCGGCATCG_JIA_CD7_4,ILC2,ILC2,scgpt
CTACCCAGTTGCCTCT_JIA_CD7_3,C2,C1,scgpt
AGCGGTCAGTGCGTGA_JIA_CD7_1,Cycling NK,Cycling NK,scgpt
CGGGTCACATCAGTAC_JIA_CD7_2,CD56bright NK,CD56bright NK,scgpt
GTCACGGAGCGATATA_JIA_CD7_5,CD56dim NK,CD56dim NK,scgpt
CTGAAGTCAACGATGG_JIA_CD7_5,C2,C2,scgpt
TCATTTGGTCTGCGGT_JIA_CD7_3,CD56bright NK,CD56bright NK,scgpt
CGATGGCCACAACGTT_JIA_CD7_5,C3,C3,scgpt
TTCTCCTGTAAGTTCC_JIA_CD7_5,CD56dim NK,CD56dim NK,scgpt
GTGAAGGCAATCTACG_JIA_CD7_5,C1,CD56bright NK,scgpt
AACACGTTCACGCATA_JIA_CD7_5,Naïve-like ILC,Naïve-like ILC,scgpt
GAACGGAGTGACGCCT_JIA_CD7_5,C2,C2,scgpt
AAGGCAGGTTGGGACA_JIA_CD7_5,Cycling NK,Cycling NK,scgpt
GATTCAGCACGAAGCA_JIA_Total_13,CD56bright NK,CD56bright NK,scgpt
TTTGCGCCAGCATGAG_JIA_Total_14,Cycling NK,Cycling NK,scgpt
CATCCACAGAATGTTG_JIA_CD7_4,C2,C2,scgpt
ATCTACTTCTTGGGTA_JIA_CD7_5,ILC2,ILC2,scgpt
TAGTGGTCAACCGCCA_JIA_Total_16,CD56dim NK,CD56dim NK,scgpt
GCGAGAAGTTGTCGCG_JIA_CD7_3,C3,C3,scgpt
CCTCTGAAGGAGTTGC_JIA_CD7_5,C2,C2,scgpt
ATTGGTGTCTGTGCAA_JIA_CD7_4,C3,C2,scgpt
TTGTAGGGTCCCTTGT_JIA_CD7_5,C1,Naïve-like ILC,scgpt
ACTGAGTTCTTGCAAG_JIA_CD7_2,ILC2,ILC2,scgpt
GATGCTATCTGTACGA_JIA_CD7_3,C2,C2,scgpt
TTCTTAGGTAGGACAC_JIA_CD7_4,ILC3,ILC3,scgpt
TGTATTCCAAATACAG_JIA_CD7_5,C2,C2,scgpt
GAACATCTCCTCAACC_JIA_CD7_4,C2,C3,scgpt
AACTTTCAGCGATAGC_JIA_CD7_2,CD56bright NK,CD56bright NK,scgpt
CTCTACGAGAGTTGGC_JIA_CD7_2,ILC2,ILC2,scgpt
ACCAGTAAGTCATGCT_JIA_CD7_2,ILC2,ILC2,scgpt
GCGCGATAGTTTCCTT_JIA_CD7_4,CD56dim NK,CD56dim NK,scgpt
CAGCATAAGAGGTACC_JIA_CD7_5,CD56dim NK,CD56dim NK,scgpt
ACCAGTATCAGGCCCA_JIA_CD7_4,CD56dim NK,CD56dim NK,scgpt
TCGCGAGGTACCGCTG_JIA_CD7_4,Naïve-like ILC,Naïve-like ILC,scgpt
CACACTCCAATCCGAT_JIA_CD7_2,CD56dim NK,CD56dim NK,scgpt
TACGGTATCCACGTTC_JIA_CD7_1,C3,C2,scgpt
GATTCAGTCTGCGTAA_JIA_CD7_2,CD56bright NK,C1,scgpt
CGGCTAGCACTAGTAC_JIA_Total_7,CD56bright NK,CD56bright NK,scgpt
CATTATCTCCATGAAC_JIA_CD7_4,C2,C2,scgpt
CGACTTCTCACATGCA_JIA_CD7_4,C1,C1,scgpt
TGACTAGCATGGATGG_JIA_Total_26,C1,C1,scgpt
TCGCGTTAGGCCATAG_JIA_CD7_4,ILC3,ILC3,scgpt
AAAGCAAAGTGTTGAA_JIA_CD7_5,CD56dim NK,CD56dim NK,scgpt
CTAGAGTCATTTGCCC_JIA_CD7_4,C3,C3,scgpt
CCTTACGGTGAGTATA_JIA_CD7_4,CD56bright NK,CD56bright NK,scgpt
GCACATACAGGAATGC_JIA_CD7_1,Cycling NK,Cycling NK,scgpt
TGTCCCACACAACGTT_JIA_Total_20,C2,C3,scgpt
CATGACAGTCCCGACA_JIA_CD7_1,Cycling NK,Cycling NK,scgpt
CATTATCGTGCTAGCC_JIA_CD7_3,C2,C1,scgpt
CCGGGATGTTACGTCA_JIA_Total_26,Naïve-like ILC,Naïve-like ILC,scgpt
CCTTTCTCATTCTCAT_JIA_CD7_4,C2,C2,scgpt
TCGATTTCAATGTCAC_JIA_DC_1,C1,C1,scgpt
AAAGCAACACGACGAA_JIA_CD7_4,C1,C2,scgpt
AGCGTCGGTCCTGCTT_JIA_CD7_1,Cycling NK,Cycling NK,scgpt
TTTCCTCAGGAGTAGA_JIA_CD7_5,Cycling NK,Cycling NK,scgpt
TGGTTCCGTCTGCGGT_JIA_CD7_3,C2,C2,scgpt
GCACTAAGTCCGTTTC_JIA_CD45_2,CD56dim NK,CD56dim NK,scgpt
CCGGGATCAAGCGAGT_JIA_CD7_4,C1,C1,scgpt
ACATACGCAATCGGTT_JIA_CD7_4,C3,C3,scgpt
GTATCTTAGTCAAGCG_JIA_Total_4,CD56dim NK,CD56dim NK,scgpt
ACTTACTGTCTAAACC_JIA_CD7_5,ILC3,ILC3,scgpt
CCTTACGGTGTGGTTT_JIA_CD7_4,C1,Naïve-like ILC,scgpt
ACTTTCATCTGGGCCA_JIA_CD7_5,Cycling NK,Cycling NK,scgpt
ACCTTTATCTACTTAC_JIA_CD7_2,CD56bright NK,CD56bright NK,scgpt
AACTTTCAGCTTATCG_JIA_CD7_1,CD56dim NK,CD56dim NK,scgpt
CTACGTCTCACAGTAC_JIA_CD7_1,CD56dim NK,CD56dim NK,scgpt
GGACAGAAGCGTGAAC_JIA_CD7_2,CD56bright NK,CD56bright NK,scgpt
GTACGTACAATCCGAT_JIA_CD7_3,CD56dim NK,CD56dim NK,scgpt
CTCGTACGTATAGTAG_JIA_CD7_5,Cycling NK,Cycling NK,scgpt
ACTGCTCGTTCAGACT_JIA_Total_25,CD56bright NK,CD56bright NK,scgpt
CGTTGGGTCAAGATCC_JIA_CD7_5,CD56bright NK,CD56bright NK,scgpt
CTCTAATGTAATCACC_JIA_Total_4,Cycling NK,Cycling NK,scgpt
CTAGTGAGTGCACCAC_JIA_CD7_2,C1,CD56dim NK,scgpt
GTATCTTGTAATCGTC_JIA_CD7_4,Naïve-like ILC,C2,scgpt
TCGGTAAGTCTAGTCA_JIA_CD7_2,C1,CD56bright NK,scgpt
ACGGCCAAGTAGTGCG_JIA_CD7_3,ILC2,ILC2,scgpt
CCTACACCAGGAATCG_JIA_CD7_3,CD56dim NK,CD56dim NK,scgpt
AGAATAGGTAAATGTG_JIA_Total_1,CD56dim NK,CD56dim NK,scgpt
ATCATCTTCTTGTCAT_JIA_CD7_5,C1,Naïve-like ILC,scgpt
GAGCTGCAGCCTCGTG_JIA_DC_1,C1,C1,scgpt
TTAGGACAGACAAAGG_JIA_Total_10,CD56dim NK,CD56dim NK,scgpt
AGTAGTCTCAGTACGT_JIA_CD7_1,C1,C2,scgpt
TGGCCAGAGCATGGCA_JIA_CD7_3,Cycling NK,Cycling NK,scgpt
CCTCTGAGTACCGCTG_JIA_Total_14,C1,C1,scgpt
CGTCACTGTAGCGTAG_JIA_CD7_5,C2,C2,scgpt
GGCTCGAGTCTAGCGC_JIA_CD7_5,C1,C2,scgpt
CACACTCTCTTGTTTG_JIA_Total_10,CD56bright NK,CD56bright NK,scgpt
CTACATTTCAGTACGT_JIA_Total_23,CD56bright NK,CD56bright NK,scgpt
CTTTGCGGTTTGACAC_JIA_CD7_4,CD56dim NK,CD56dim NK,scgpt
GGACAAGTCGAATCCA_JIA_CD7_5,Cycling NK,Cycling NK,scgpt
ACGCCAGGTTAGATGA_JIA_CD7_5,Cycling NK,C2,scgpt
GTTACAGAGAGCTGCA_JIA_CD7_2,CD56dim NK,CD56dim NK,scgpt
CACCTTGGTGCGCTTG_JIA_Total_17,Cycling NK,Cycling NK,scgpt
TTTACTGCACATTTCT_JIA_CD7_5,C2,C3,scgpt
CGGACGTGTACCGGCT_JIA_Total_10,CD56dim NK,CD56dim NK,scgpt
TAGTTGGAGCTAAGAT_JIA_CD7_5,Cycling NK,Cycling NK,scgpt
AATCGGTTCGAATGGG_JIA_CD7_5,Cycling NK,Naïve-like ILC,scgpt
ACCAGTATCACTCCTG_JIA_Total_24,C1,ILC2,scgpt
GCGCAACCATGCCTAA_JIA_CD7_5,Cycling NK,Cycling NK,scgpt
CTGGTCTTCTCTGAGA_JIA_CD7_3,Cycling NK,Cycling NK,scgpt
ATTCGTTCACTGTCCT_JIA_DC_1,C1,C1,scgpt
GCAGCCACACCTGGTG_JIA_CD7_5,Cycling NK,Cycling NK,scgpt
ACGCAGCAGTAAGTAC_JIA_CD7_5,Cycling NK,Cycling NK,scgpt
TACCTATGTTCACGGC_JIA_CD7_5,CD56dim NK,CD56dim NK,scgpt
GTGCTTCTCTAACTTC_JIA_CD7_4,C3,C2,scgpt
GCAGCCATCCGTACAA_JIA_CD7_4,CD56dim NK,CD56dim NK,scgpt
TTGAACGTCCCTCAGT_JIA_CD7_2,ILC2,ILC2,scgpt
GGACAAGTCTAACTCT_JIA_CD7_2,CD56dim NK,CD56dim NK,scgpt
GAACGGATCCCGACTT_JIA_CD7_1,C2,C2,scgpt
TGCGGGTGTACTTAGC_JIA_CD7_5,Cycling NK,Cycling NK,scgpt
CGACCTTAGACTTGAA_JIA_CD7_5,CD56bright NK,CD56bright NK,scgpt
TGGCGCAAGTGCAAGC_JIA_CD7_4,Cycling NK,Cycling NK,scgpt
GCATACAGTAGTGAAT_JIA_CD7_5,ILC3,ILC3,scgpt
ACCGTAATCTTACCTA_JIA_CD7_1,Cycling NK,Cycling NK,scgpt
TACAGTGAGAAGGACA_JIA_CD7_2,C1,CD56bright NK,scgpt
GTTCGGGCAGTGGGAT_JIA_CD7_4,Naïve-like ILC,Naïve-like ILC,scgpt
ACGGCCAGTCCATCCT_JIA_CD7_2,CD56bright NK,CD56bright NK,scgpt
CCCTCCTTCATGTCTT_JIA_CD7_5,C1,C2,scgpt
TGCGTGGAGTGGTAAT_JIA_CD7_2,ILC2,ILC2,scgpt
CGTAGGCCACATTAGC_JIA_Total_2,C1,C2,scgpt
AACACGTAGTGAACGC_JIA_CD7_3,Cycling NK,Cycling NK,scgpt
ATTCTACCAGTACACT_JIA_CD7_4,C2,C2,scgpt
AAAGCAAGTGGCTCCA_JIA_CD7_4,C1,C1,scgpt
CGGACTGGTCTCCCTA_JIA_CD7_4,C1,C2,scgpt
TTGAACGAGGGAAACA_JIA_Total_20,C1,C1,scgpt
ACACTGATCGGATGGA_JIA_CD7_5,C3,C2,scgpt
TCGGTAAGTCTTGATG_JIA_CD7_4,C1,C1,scgpt
GACGGCTCACCCATGG_JIA_CD7_1,C3,C3,scgpt
CAACCTCCAGCCAATT_JIA_Total_20,C1,ILC2,scgpt
TCATTACAGACTCGGA_JIA_CD7_4,C2,C2,scgpt
CTGCCTAGTTCCGGCA_JIA_CD7_4,C1,Naïve-like ILC,scgpt
ACGATGTGTCAAACTC_JIA_Total_5,C1,Naïve-like ILC,scgpt
CGTTAGACATCGGAAG_JIA_Total_19,CD56bright NK,CD56bright NK,scgpt
TCGTACCCACAGTCGC_JIA_CD7_4,Naïve-like ILC,Naïve-like ILC,scgpt
CAAGAAACACCCAGTG_JIA_CD7_4,C2,C2,scgpt
CTGCTGTCACCGCTAG_JIA_CD7_5,C2,C2,scgpt
AAAGATGTCTAGCACA_JIA_CD7_4,C1,C2,scgpt
GCATACACAGCTTAAC_JIA_CD7_5,C1,C2,scgpt
TTGGCAATCGTCTGAA_JIA_CD7_5,Naïve-like ILC,ILC2,scgpt
AAACGGGGTGCTAGCC_JIA_CD7_4,CD56dim NK,CD56dim NK,scgpt
TTTGCGCAGAGTCTGG_JIA_CD7_4,C2,C2,scgpt
TGGTTCCTCATGTGGT_JIA_CD7_5,C1,C1,scgpt
TGAAAGAAGCTAGCCC_JIA_CD7_5,C2,C2,scgpt
AAACGGGTCCGGCACA_JIA_CD7_4,C1,C1,scgpt
TCGCGAGTCGCATGGC_JIA_Total_23,Naïve-like ILC,Naïve-like ILC,scgpt
GGACATTGTCTAGCCG_JIA_CD7_4,C2,C2,scgpt
AGGCCGTAGTGAAGAG_JIA_CD7_1,C2,C2,scgpt
GGTGTCGTCTATGTGG_JIA_DC_1,C2,C1,scgpt
AACCGCGCAGTCACTA_JIA_Total_1,Cycling NK,CD56dim NK,scgpt
CTCGTACTCCAATGGT_JIA_Total_20,ILC3,ILC3,scgpt
ACTTACTCACGGTTTA_JIA_CD7_5,CD56dim NK,CD56dim NK,scgpt
AATGCCACATCCGTTC_JIA_DC_1,C1,CD56bright NK,scgpt
CGGAGTCGTACACCGC_JIA_CD7_5,CD56bright NK,CD56bright NK,scgpt
CGGACGTCAAAGGTGC_JIA_CD7_4,C2,C2,scgpt
GAGTCCGAGGAGTTGC_JIA_CD7_3,C2,C2,scgpt
TCATTACTCGAACTGT_JIA_CD7_5,C1,C3,scgpt
TCGAGGCAGGGTCTCC_JIA_CD7_5,Cycling NK,Cycling NK,scgpt
CATATGGAGCTTTGGT_JIA_CD7_4,C1,C2,scgpt
ACCGTAACAACACCTA_JIA_CD7_5,Cycling NK,Cycling NK,scgpt
TTAGTTCTCACATACG_JIA_CD7_4,ILC3,ILC3,scgpt
ACGGGCTTCCTACAGA_JIA_Total_1,CD56dim NK,CD56dim NK,scgpt
TGTCCCACAGCGATCC_JIA_CD7_4,C1,Naïve-like ILC,scgpt
CTGTTTAAGAGACGAA_JIA_Total_1,CD56bright NK,CD56bright NK,scgpt
ACATGGTTCAGATAAG_JIA_CD7_5,Cycling NK,Cycling NK,scgpt
CCTCTGAAGGTCGGAT_JIA_CD7_3,C3,C3,scgpt
GCACATACATCTATGG_JIA_Total_24,C3,C3,scgpt
CAGAATCCAAGAAGAG_JIA_Total_26,ILC3,Naïve-like ILC,scgpt
TGGACGCCATTGGCGC_JIA_CD7_4,CD56bright NK,CD56bright NK,scgpt
TCAGATGTCTGGCGTG_JIA_CD7_5,CD56bright NK,CD56bright NK,scgpt
TGACGGCAGACTAGAT_JIA_CD7_5,CD56dim NK,CD56dim NK,scgpt
GACTAACTCGCCAGCA_JIA_CD7_4,ILC2,ILC2,scgpt
AGCGGTCAGTGTTTGC_JIA_Total_1,Naïve-like ILC,Naïve-like ILC,scgpt
TGAGCCGAGGGCATGT_JIA_CD7_4,C2,C2,scgpt
CCATGTCCACAGGTTT_JIA_Total_19,CD56dim NK,CD56dim NK,scgpt
CTAGAGTTCTGGCGTG_JIA_CD7_5,CD56dim NK,CD56dim NK,scgpt
CATCCACTCGTCCAGG_JIA_CD7_1,CD56dim NK,CD56dim NK,scgpt
ACGAGCCTCATCATTC_JIA_CD7_4,C2,C2,scgpt
GGATTACTCACGCGGT_JIA_CD7_2,Cycling NK,Cycling NK,scgpt
AAGTCTGAGGAGTTTA_JIA_CD7_1,ILC2,C2,scgpt
CCACTACCATTTCACT_JIA_CD7_4,Cycling NK,Cycling NK,scgpt
GACCAATCATGCAATC_JIA_CD7_3,Naïve-like ILC,Naïve-like ILC,scgpt
CAACCAATCGAGTGGA_JIA_DC_1,ILC3,C1,scgpt
CAAGGCCGTAGAGTGC_JIA_CD7_5,CD56bright NK,CD56bright NK,scgpt
CCTTCGACAGCTGGCT_JIA_CD7_5,CD56bright NK,CD56bright NK,scgpt
ATTATCCCACTAAGTC_JIA_CD7_3,C2,C2,scgpt
GAGGTGACATTTCACT_JIA_CD7_2,ILC2,ILC2,scgpt
ACGGAGAGTTGATTCG_JIA_CD7_5,CD56dim NK,CD56dim NK,scgpt
ACTATCTTCAGAAATG_JIA_CD7_4,C2,C2,scgpt
CGTGTCTTCTGCGACG_JIA_CD7_5,ILC3,Naïve-like ILC,scgpt
CGGTTAATCCAGTAGT_JIA_Total_1,CD56dim NK,CD56dim NK,scgpt
CTGTGAAGTACGACTT_JIA_CD45_2,CD56dim NK,CD56dim NK,scgpt
TAGTGGTAGGGAACGG_JIA_CD7_3,Cycling NK,CD56dim NK,scgpt
GAACCTATCTCCAACC_JIA_CD7_5,C3,C3,scgpt
CGTCTACTCAGATAAG_JIA_CD7_5,ILC3,ILC3,scgpt
CAACCTCAGCAGACTG_JIA_Total_26,Cycling NK,CD56bright NK,scgpt
TGACAACAGAAACCGC_JIA_CD7_3,CD56dim NK,CD56dim NK,scgpt
TCGGGCACAAGCGATG_JIA_DC_1,C1,C1,scgpt
GCATACATCAGGTAAA_JIA_CD7_5,ILC3,ILC3,scgpt
CTGATCCTCGTCTGCT_JIA_CD7_5,CD56bright NK,CD56bright NK,scgpt
TGACTAGGTTGATTCG_JIA_CD7_5,CD56bright NK,CD56bright NK,scgpt
AGCTCCTGTGGTAACG_JIA_CD7_4,C2,C2,scgpt
TGAGCATGTTCGGCAC_JIA_CD7_5,C2,C2,scgpt
ACACCGGTCGACCAGC_JIA_CD7_4,C1,C1,scgpt
GTTAAGCAGATCCCGC_JIA_Total_25,CD56bright NK,CD56bright NK,scgpt
GCGACCACAGGGTTAG_JIA_CD7_5,C3,C3,scgpt
TAGGCATAGAGAGCTC_JIA_CD7_4,C1,C1,scgpt
CGTTGGGTCTCATTCA_JIA_Total_24,C1,C1,scgpt
TATCTCACATCTATGG_JIA_CD7_5,ILC3,ILC3,scgpt
ACATGGTAGCGCTCCA_JIA_CD7_3,CD56dim NK,CD56dim NK,scgpt
CGAACATGTGTGTGCC_JIA_CD7_5,C2,C2,scgpt
CGGAGCTGTGTTGAGG_JIA_CD7_2,C1,CD56bright NK,scgpt
GTTACAGTCGGCGCTA_JIA_Total_2,Cycling NK,Cycling NK,scgpt
TAGACCATCTGATACG_JIA_Total_10,CD56dim NK,CD56dim NK,scgpt
CTCTAATGTATAGGTA_JIA_CD7_4,CD56dim NK,CD56dim NK,scgpt
CGTAGCGGTGAAAGAG_JIA_Total_24,C1,C1,scgpt
GTTGTGAGTGGACTAG_JIA_CD45_1,CD56bright NK,CD56bright NK,scgpt
GGCAATTAGAGAACAG_JIA_CD7_4,C1,C2,scgpt
ACTGCTCAGCGAGAAA_JIA_CD7_5,C1,C1,scgpt
AGTCTTTCATATGGTC_JIA_CD7_5,C2,CD56bright NK,scgpt
CGATCGGCACCTCGGA_JIA_CD7_4,C1,C2,scgpt
GGCTCGACAAGGCTCC_JIA_CD7_2,C1,CD56bright NK,scgpt
TGAGGGAAGAGCTATA_JIA_CD7_1,C2,C2,scgpt
GGGTCTGGTATAGTAG_JIA_Total_24,C1,C1,scgpt
ACGAGCCTCACCTTAT_JIA_CD7_5,Cycling NK,Cycling NK,scgpt
CTACGTCCAGGAATCG_JIA_CD7_2,CD56bright NK,CD56bright NK,scgpt
TCAGATGGTGTGGTTT_JIA_Total_2,Cycling NK,Cycling NK,scgpt
GCGGGTTGTTTGTTGG_JIA_CD7_5,C2,C2,scgpt
CGCTGGAGTCCGAGTC_JIA_CD7_5,C2,C2,scgpt
GTCGGGTTCTGTTGAG_JIA_CD7_5,CD56dim NK,CD56dim NK,scgpt
CGATGCGGTGACTAAA_JIA_DC_1,C1,C1,scgpt
TCATTTGCATCTACGA_JIA_CD7_2,C1,CD56bright NK,scgpt
ACTTACTCATGGTCTA_JIA_CD7_4,CD56bright NK,CD56bright NK,scgpt
CACATTTTCTGAGTGT_JIA_CD7_5,C3,C3,scgpt
GCTGGGTAGATCGGGT_JIA_CD7_1,C2,C2,scgpt
GACCAATAGCTTCGCG_JIA_CD7_1,Cycling NK,Cycling NK,scgpt
AGGTCCGAGGGTATCG_JIA_CD7_5,C3,C3,scgpt
GGGTTGCGTGGTGTAG_JIA_CD7_4,CD56bright NK,CD56bright NK,scgpt
CTGATCCCACTTACGA_JIA_Total_4,CD56dim NK,CD56dim NK,scgpt
GGCCGATGTAAATACG_JIA_CD7_5,C1,C2,scgpt
CGATCGGTCACTTACT_JIA_CD7_2,CD56dim NK,CD56dim NK,scgpt
CATATTCCATGGATGG_JIA_CD7_4,C2,C2,scgpt
ACTGATGAGAGACGAA_JIA_Total_25,CD56bright NK,CD56bright NK,scgpt
AGGGATGTCACATAGC_JIA_CD7_5,C2,C2,scgpt
AAATGCCGTTACGTCA_JIA_CD7_4,C2,Naïve-like ILC,scgpt
ACGCAGCGTCATACTG_JIA_Total_25,CD56dim NK,CD56dim NK,scgpt
GCGGGTTCAGTATAAG_JIA_CD7_1,Cycling NK,Cycling NK,scgpt
ACGCCGAAGACGCACA_JIA_CD7_1,C3,C3,scgpt
CTCGGGAGTAAAGTCA_JIA_CD7_3,Cycling NK,Cycling NK,scgpt
TAGACCACATTACCTT_JIA_CD7_1,C2,C3,scgpt
GACGGCTGTTGGTAAA_JIA_CD7_4,C1,C2,scgpt
GACTACAGTTTAAGCC_JIA_CD7_2,CD56dim NK,CD56dim NK,scgpt
CTAATGGAGCTCCTCT_JIA_CD7_1,CD56dim NK,CD56dim NK,scgpt
GGCCGATCAATCAGAA_JIA_CD7_2,CD56dim NK,CD56dim NK,scgpt
AGAGCGAGTTAAAGAC_JIA_CD7_3,CD56dim NK,CD56dim NK,scgpt
CACCACTCATTGCGGC_JIA_CD7_2,ILC2,ILC2,scgpt
TGAAAGATCCCTGACT_JIA_CD7_1,C2,C2,scgpt
CCGTACTCAACACCCG_JIA_CD7_3,Cycling NK,Cycling NK,scgpt
TGCGTGGCAATGACCT_JIA_CD7_5,CD56dim NK,CD56dim NK,scgpt
GCATGATGTAGGCATG_JIA_CD7_3,C2,C1,scgpt
GAGCAGAAGAGCTTCT_JIA_Total_5,C2,C2,scgpt
CAACCTCAGGGTATCG_JIA_CD7_5,C3,C3,scgpt
CTAACTTCAAGGACAC_JIA_Total_20,C3,C3,scgpt
TTCGAAGGTATCGCAT_JIA_CD7_5,C3,Cycling NK,scgpt
TCGGTAAAGCTCTCGG_JIA_CD7_4,C2,C2,scgpt
GCTGCGATCCACGCAG_JIA_CD7_1,C2,C2,scgpt
CTCATTACACAGACTT_JIA_CD7_3,Cycling NK,C1,scgpt
ACCGTAAAGGGCACTA_JIA_Total_17,C1,C1,scgpt
CATATTCTCTGCGTAA_JIA_CD7_3,CD56dim NK,CD56dim NK,scgpt
GGATTACAGGAATGGA_JIA_CD7_5,CD56bright NK,CD56bright NK,scgpt
CACCACTGTTCCTCCA_JIA_CD7_4,C1,Naïve-like ILC,scgpt
TCGAGGCAGGGAGTAA_JIA_CD7_4,C3,C3,scgpt
TTATGCTCAAGCTGTT_JIA_CD7_4,ILC2,ILC2,scgpt
CTAAGACGTCAATGTC_JIA_CD7_4,C1,C2,scgpt
CATATTCGTACAGACG_JIA_CD7_5,CD56dim NK,CD56dim NK,scgpt
TAAACCGAGTCCGGTC_JIA_CD7_4,C2,C2,scgpt
CTGAAACTCCAAGCCG_JIA_Total_4,CD56bright NK,CD56bright NK,scgpt
TAAGAGATCTGCTGCT_JIA_CD7_4,Cycling NK,Cycling NK,scgpt
CAGCATACAGGGTATG_JIA_CD7_4,CD56bright NK,CD56bright NK,scgpt
GATGAAACAGCATACT_JIA_Total_26,Cycling NK,Cycling NK,scgpt
ACGTCAAAGGCTCTTA_JIA_Total_13,Cycling NK,Cycling NK,scgpt
AGCGGTCCAGACGCTC_JIA_CD7_4,C1,C1,scgpt
GTACTTTTCCAGTATG_JIA_CD7_5,Cycling NK,C3,scgpt
TTGAACGAGGAATCGC_JIA_CD7_2,C1,CD56bright NK,scgpt
CTGCTGTGTAGCGCTC_JIA_CD7_5,CD56dim NK,CD56dim NK,scgpt
GATGAGGGTATAGTAG_JIA_CD7_2,C1,CD56bright NK,scgpt
CTAAGACTCGCTAGCG_JIA_CD7_3,CD56dim NK,CD56dim NK,scgpt
TACTTACGTTGTCGCG_JIA_CD7_4,Naïve-like ILC,C1,scgpt
AACCATGTCCAGAGGA_JIA_CD7_5,Cycling NK,Cycling NK,scgpt
CCATGTCAGGCCCGTT_JIA_CD7_1,C3,C3,scgpt
CGACTTCAGTGAACGC_JIA_Total_1,CD56dim NK,CD56dim NK,scgpt
TGATTTCTCGAATGGG_JIA_CD7_5,CD56dim NK,CD56dim NK,scgpt
CTACGTCAGCGTTGCC_JIA_Total_23,CD56dim NK,CD56dim NK,scgpt
GCATGCGCAAACGTGG_JIA_CD7_5,CD56dim NK,CD56dim NK,scgpt
AGGTCCGCATAGAAAC_JIA_Total_2,C1,C1,scgpt
GCAATCACACGGTTTA_JIA_CD7_2,ILC2,ILC2,scgpt
TCCCGATGTCGAGTTT_JIA_CD7_4,Cycling NK,C1,scgpt
GTCCTCATCGCGCCAA_JIA_Total_8,ILC2,ILC2,scgpt
CTCCGATAGGCGTTGA_JIA_CD45_2,Cycling NK,Cycling NK,scgpt
TAGTGGTGTGACCAAG_JIA_CD7_4,C1,Naïve-like ILC,scgpt
TGTGTTTGTCTCGTTC_JIA_Total_24,C3,C3,scgpt
ACCTTTACAGGCGATA_JIA_CD7_5,C2,CD56bright NK,scgpt
GCGACCACAAACGTGG_JIA_CD7_2,CD56dim NK,CD56dim NK,scgpt
TGGGCGTTCTTTACAC_JIA_CD7_5,C1,C1,scgpt
TCTTCGGCATCACGAT_JIA_CD7_5,C1,Naïve-like ILC,scgpt
GCTGCGAGTCCGTCAG_JIA_CD7_2,CD56dim NK,CD56dim NK,scgpt
AAACCTGTCGAATCCA_JIA_CD7_3,Cycling NK,CD56dim NK,scgpt
GCAGCCATCCAGGGCT_JIA_CD7_4,Cycling NK,Cycling NK,scgpt
TGAGCCGAGAAGGTTT_JIA_CD7_5,Cycling NK,Cycling NK,scgpt
CAAGATCAGAGGTTGC_JIA_CD7_3,Cycling NK,Cycling NK,scgpt
TGCGGGTAGTACGTTC_JIA_Total_2,Cycling NK,Cycling NK,scgpt
ACATACGCATTCCTCG_JIA_CD7_5,Cycling NK,C1,scgpt
GGTGCGTTCTTTAGGG_JIA_CD7_1,CD56dim NK,CD56dim NK,scgpt
GCGACCAGTGCACGAA_JIA_CD7_2,ILC2,ILC2,scgpt
CCTTTCTCACGCTTTC_JIA_CD7_5,Cycling NK,Cycling NK,scgpt
CAGCAGCCATGGGACA_JIA_CD7_3,Cycling NK,Cycling NK,scgpt
CATCGAAGTAGCTAAA_JIA_CD7_5,Cycling NK,Cycling NK,scgpt
CTGATCCAGAGCTATA_JIA_CD7_4,C2,C2,scgpt
CAAGGCCCATTGGGCC_JIA_CD7_5,C3,C3,scgpt
TGGGAAGTCACAATGC_JIA_CD7_5,C1,CD56bright NK,scgpt
ACTTACTGTACTCAAC_JIA_Total_25,Cycling NK,Cycling NK,scgpt
AAACGGGGTTTGACTG_JIA_CD7_4,C2,C3,scgpt
GTCAAGTGTGTTGGGA_JIA_Total_17,Cycling NK,Cycling NK,scgpt
GTGCGGTAGGCTAGCA_JIA_CD7_3,C1,C1,scgpt
CCCAGTTTCTAACGGT_JIA_CD7_3,ILC2,ILC2,scgpt
GAACATCTCGCCTGAG_JIA_CD7_1,CD56dim NK,CD56dim NK,scgpt
TCTGTCGTCTTACTGT_JIA_DC_3,Cycling NK,C1,scgpt
CATCCACAGGCTCAGA_JIA_CD7_3,CD56dim NK,CD56dim NK,scgpt
ACATGGTAGTGCTGCC_JIA_CD7_4,CD56dim NK,CD56dim NK,scgpt
TCAGCAACATATGGTC_JIA_CD7_4,C2,C2,scgpt
CACAGTACAGGACCCT_JIA_CD7_3,CD56dim NK,CD56dim NK,scgpt
AGTTGGTAGTGGACGT_JIA_Total_1,CD56bright NK,CD56bright NK,scgpt
CGCGTTTAGCTAAACA_JIA_Total_26,ILC3,ILC3,scgpt
ACACTGACATGCCACG_JIA_Total_17,Cycling NK,Cycling NK,scgpt
TCAGGTACATGCAACT_JIA_Total_10,CD56bright NK,CD56bright NK,scgpt
ACGCCAGGTACTCAAC_JIA_CD7_4,C3,C3,scgpt
TTTACTGGTGAGGCTA_JIA_Total_24,C2,ILC2,scgpt
ACTGCTCCAGCGATCC_JIA_CD7_5,C2,C2,scgpt
GAATAAGGTCTAAAGA_JIA_CD7_2,CD56dim NK,CD56dim NK,scgpt
CAGCTGGAGAAGGTTT_JIA_CD7_5,Cycling NK,C2,scgpt
CTAACTTTCGTCGTTC_JIA_CD7_2,Naïve-like ILC,ILC3,scgpt
CCATGTCTCTCGGACG_JIA_CD7_4,CD56dim NK,CD56dim NK,scgpt
CTGCGGATCGGTGTCG_JIA_Total_10,CD56dim NK,CD56dim NK,scgpt
ACGGGCTGTGTTTGGT_JIA_CD7_3,CD56dim NK,CD56dim NK,scgpt
CCATGTCAGTGTGAAT_JIA_CD7_4,CD56bright NK,CD56bright NK,scgpt
CAGCTGGAGGCTAGAC_JIA_CD7_4,C1,Naïve-like ILC,scgpt
CTACCCACACAGGAGT_JIA_CD7_3,C1,C1,scgpt
CGTTGGGTCCAAGTAC_JIA_CD7_5,C2,C2,scgpt
GTCCTCAGTCATGCCG_JIA_CD7_3,Cycling NK,Cycling NK,scgpt
CCTAACCAGTCACTCA_JIA_DC_3,Cycling NK,Cycling NK,scgpt
TTATGCTCAGCGATCC_JIA_CD7_5,CD56dim NK,CD56dim NK,scgpt
CTACCCATCTCAACTT_JIA_CD7_4,CD56bright NK,CD56bright NK,scgpt
ACTGTCCGTTCTGGTA_JIA_CD7_3,Cycling NK,Cycling NK,scgpt
CATATGGGTTGATTGC_JIA_CD7_5,C1,Naïve-like ILC,scgpt
GGCTGGTCACCAGCAC_JIA_Total_16,CD56dim NK,CD56dim NK,scgpt
ATTATCCAGACGCAAC_JIA_CD7_2,CD56dim NK,CD56bright NK,scgpt
CTGTTTAAGCTACCGC_JIA_Total_13,Cycling NK,Cycling NK,scgpt
GGATGTTGTTCACGGC_JIA_CD7_3,C3,C3,scgpt
GCTTCCAAGTGGTCCC_JIA_Total_1,CD56bright NK,CD56bright NK,scgpt
GCATGTATCGGAATCT_JIA_Total_2,C1,Naïve-like ILC,scgpt
ATCCGAAGTTGTGGCC_JIA_Total_13,CD56bright NK,CD56bright NK,scgpt
ACGATACGTACAGTTC_JIA_CD7_5,Cycling NK,Cycling NK,scgpt
CGTAGCGTCTGTCAAG_JIA_Total_25,CD56dim NK,CD56dim NK,scgpt
GGGAGATCACCACCAG_JIA_CD7_1,C3,C3,scgpt
CCTCTGAGTTGAGGTG_JIA_CD7_5,CD56bright NK,CD56bright NK,scgpt
ATCCGAAAGATCTGCT_JIA_CD7_5,C2,C2,scgpt
GCTCCTATCAACACCA_JIA_Total_20,C1,C1,scgpt
GAATAAGAGTGGCACA_JIA_CD7_2,CD56dim NK,CD56dim NK,scgpt
ATTGTTCAGAGGTTAT_JIA_CD45_1,C3,C3,scgpt
CGTTGGGTCTCCAACC_JIA_CD7_3,CD56dim NK,CD56dim NK,scgpt
CGCTTCAGTATAGGTA_JIA_CD7_2,CD56bright NK,CD56bright NK,scgpt
AAACGGGGTAGAGTGC_JIA_CD7_5,C2,C2,scgpt
GGACAGACACAGACAG_JIA_CD7_5,C1,C2,scgpt
TATCAGGAGTTTAGGA_JIA_CD7_2,ILC2,ILC2,scgpt
CGTCCATTCATCTGCC_JIA_CD7_5,Cycling NK,Cycling NK,scgpt
ATGTGTGAGCCATCGC_JIA_CD7_5,CD56bright NK,CD56bright NK,scgpt
AGCTTGAGTCCGAATT_JIA_CD7_3,C2,C2,scgpt
TTGCCGTAGTATGACA_JIA_CD7_3,ILC2,ILC2,scgpt
CTGCGGAGTCTAGCCG_JIA_CD7_4,C1,C1,scgpt
CGAACATCAGCCTTGG_JIA_CD7_5,Cycling NK,Cycling NK,scgpt
ACATCAGAGCTGTCTA_JIA_CD7_5,Cycling NK,Cycling NK,scgpt
TTCGGTCGTTTGGCGC_JIA_CD7_3,C1,C1,scgpt
CGAGAAGTCTCTTGAT_JIA_CD7_2,ILC2,ILC2,scgpt
CCAGCGATCTGAGGGA_JIA_CD7_4,C2,C2,scgpt
GCACATATCTGACCTC_JIA_CD7_2,CD56dim NK,CD56dim NK,scgpt
AGTGTCAAGCCAGTAG_JIA_Total_23,ILC2,ILC2,scgpt
CCGGGATGTCTCTCGT_JIA_CD7_1,Cycling NK,Cycling NK,scgpt
AGAGCAGAGAGAGTTT_JIA_DC_3,C1,C1,scgpt
CGAATGTTCTGTCCGT_JIA_Total_25,CD56bright NK,CD56bright NK,scgpt
GGACATTGTGCAGACA_JIA_CD7_5,Cycling NK,Cycling NK,scgpt
CACATAGGTATAGGGC_JIA_CD7_4,C1,C1,scgpt
AGCGGTCTCCTAGAAC_JIA_CD7_5,CD56dim NK,CD56dim NK,scgpt
AGCGTATAGCGATATA_JIA_CD7_2,Cycling NK,Cycling NK,scgpt
CCATGTCTCATAAAGG_JIA_CD7_2,ILC2,ILC2,scgpt
CTACCCATCCAGGGCT_JIA_CD7_5,C2,C1,scgpt
CGGACTGTCTGGGCCA_JIA_CD7_2,ILC2,ILC2,scgpt
GGACAAGAGTCTTGCA_JIA_CD7_4,C2,Naïve-like ILC,scgpt
CACAGGCAGGCGACAT_JIA_CD7_1,Cycling NK,Cycling NK,scgpt
GATCAGTAGAGTACCG_JIA_Total_19,CD56dim NK,CD56dim NK,scgpt
GTAACGTCAAGGACAC_JIA_CD7_5,C2,C2,scgpt
GCTCTGTCAAGTCATC_JIA_CD7_5,Cycling NK,C3,scgpt
GCTCTGTAGTGAATTG_JIA_CD7_5,C2,C2,scgpt
TAGGCATTCCGCATAA_JIA_CD7_4,Cycling NK,Cycling NK,scgpt
CGACTTCGTAGAGGAA_JIA_Total_19,CD56bright NK,C1,scgpt
CGGAGTCGTCATCCCT_JIA_Total_23,CD56bright NK,CD56bright NK,scgpt
CCACGGAAGTGTCCAT_JIA_CD7_1,CD56dim NK,CD56dim NK,scgpt
GAAGCAGCACGAGAGT_JIA_CD7_1,C2,C2,scgpt
TCATATCAGGGCCAAT_JIA_CD45_2,C2,ILC2,scgpt
TTGTAGGTCGTAGGAG_JIA_CD7_4,C3,C3,scgpt
CTCTACGTCGGCTACG_JIA_CD7_5,Cycling NK,Cycling NK,scgpt
TGCGCAGTCCAGAAGG_JIA_CD7_4,C1,C1,scgpt
GACCTGGTCCAAGCCG_JIA_Total_17,C2,C2,scgpt
CCTTACGTCCAAACAC_JIA_CD7_4,C1,C2,scgpt
TGACTTTGTCTACCTC_JIA_CD7_2,ILC2,ILC2,scgpt
CGGAGTCGTAGGAGTC_JIA_Total_4,C1,CD56bright NK,scgpt
CGTTGGGCAGGTGGAT_JIA_Total_19,CD56bright NK,CD56bright NK,scgpt
CACACTCAGTGATCGG_JIA_Total_17,C1,Naïve-like ILC,scgpt
ACGAGCCCATAACCTG_JIA_CD7_5,C2,C2,scgpt
TCGCGTTCAGCCACCA_JIA_CD7_2,C2,C1,scgpt
AACTCTTGTGAAATCA_JIA_Total_26,C1,CD56bright NK,scgpt
CTCCTAGAGAGCTATA_JIA_CD7_5,Cycling NK,Cycling NK,scgpt
AATCCAGAGCAATCTC_JIA_CD7_5,Cycling NK,Cycling NK,scgpt
TTTCCTCGTACAGACG_JIA_CD7_5,CD56bright NK,CD56bright NK,scgpt
CTGATAGAGGCACATG_JIA_CD7_1,Naïve-like ILC,C1,scgpt
GCTCTGTTCTCAACTT_JIA_Total_17,C3,C1,scgpt
ACTATCTGTCACTTCC_JIA_CD7_5,ILC3,ILC3,scgpt
TCGTACCGTCTGATTG_JIA_CD7_4,C1,CD56dim NK,scgpt
TTGGCAAGTTAGTGGG_JIA_Total_17,Cycling NK,Cycling NK,scgpt
CAGCGTGCAAGCCTGC_JIA_DC_2,Cycling NK,Cycling NK,scgpt
CGGACGTTCACCACCT_JIA_CD7_4,CD56dim NK,CD56dim NK,scgpt
GCGACCACATCGATGT_JIA_CD7_3,Cycling NK,C1,scgpt
TAGACCACACTGAAGG_JIA_Total_16,CD56dim NK,CD56dim NK,scgpt
CGGAGCTGTGCGATAG_JIA_CD7_5,CD56bright NK,CD56bright NK,scgpt
CTGCGGAAGTGAAGTT_JIA_CD7_4,C1,C1,scgpt
TATCTCAGTGCTCTTC_JIA_CD7_5,ILC3,ILC3,scgpt
ATCGAGTTCTTGTATC_JIA_Total_25,CD56dim NK,CD56dim NK,scgpt
TCTTTCCAGCTAGTCT_JIA_CD7_4,C2,C2,scgpt
TCGCGAGAGGCTACGA_JIA_CD7_1,C2,C1,scgpt
GCAGTTAAGTGCTGCC_JIA_CD7_1,Naïve-like ILC,Naïve-like ILC,scgpt
GGAACTTGTGATAAAC_JIA_CD7_5,Cycling NK,Cycling NK,scgpt
CTGAAACCAGACAAGC_JIA_CD7_5,C2,C1,scgpt
TTAGGACTCCACTGGG_JIA_CD7_3,C2,C2,scgpt
TTTACTGTCTCGAGTA_JIA_CD7_5,C2,CD56bright NK,scgpt
CAACCAAAGCCAGTAG_JIA_Total_16,CD56bright NK,CD56bright NK,scgpt
TGCACCTAGTAAGTAC_JIA_CD7_2,CD56bright NK,CD56bright NK,scgpt
TCTTCGGAGATCTGCT_JIA_CD7_2,C2,C3,scgpt
AGCAGCCCACGACTCG_JIA_Total_13,CD56bright NK,CD56bright NK,scgpt
GGAATAAGTAAATGTG_JIA_CD7_4,C2,C2,scgpt
AAGACCTCAGGACCCT_JIA_Total_1,CD56bright NK,CD56bright NK,scgpt
TGTTCTATCATTGGTG_JIA_DC_1,C1,C1,scgpt
AACACGTCACGCATCG_JIA_Total_1,ILC3,ILC3,scgpt
ACTGCTCGTGATGCCC_JIA_Total_4,CD56dim NK,CD56dim NK,scgpt
CGTCACTGTGGCGAAT_JIA_CD7_4,C2,C2,scgpt
CATGCCTCAGTCAGAG_JIA_CD7_4,CD56bright NK,CD56bright NK,scgpt
GCGCGATCATGCCTAA_JIA_CD7_3,C1,Naïve-like ILC,scgpt
GAGTCCGGTCGTGGCT_JIA_CD7_2,ILC2,ILC2,scgpt
GGGCACTAGCTCCCAG_JIA_CD7_3,ILC2,C1,scgpt
GTACGTAAGAGTACCG_JIA_CD7_4,Cycling NK,Cycling NK,scgpt
ACATACGAGGATGTAT_JIA_Total_20,C2,C2,scgpt
TCTGAGAAGACACTAA_JIA_CD7_4,Cycling NK,C1,scgpt
CTTAGGAGTCCGTTAA_JIA_Total_19,CD56bright NK,CD56bright NK,scgpt
CGCTATCCACCCATGG_JIA_CD7_5,C1,C2,scgpt
CTAAGACAGGACAGAA_JIA_CD7_3,C2,C2,scgpt
CGTTAGAAGGTGACCA_JIA_Total_20,C3,C3,scgpt
ACACCGGTCCTTTACA_JIA_CD7_5,CD56dim NK,CD56dim NK,scgpt
AGTGGGAGTTTGGCGC_JIA_CD7_3,C2,C2,scgpt
CATTCGCCACGCTTTC_JIA_Total_1,CD56dim NK,CD56dim NK,scgpt
AATCGGTGTAGTACCT_JIA_CD7_5,Cycling NK,Cycling NK,scgpt
GGACAAGGTAAACGCG_JIA_Total_14,C1,CD56bright NK,scgpt
TGGGAAGGTTCGGGCT_JIA_Total_24,C1,C3,scgpt
CCGGTGAGTATCGAGG_JIA_DC_3,C1,C1,scgpt
CGTCTACCACGTAAGG_JIA_Total_14,C1,C2,scgpt
CTCGTCATCTTGGGTA_JIA_CD7_2,ILC2,ILC2,scgpt
TCTCATACACAACGCC_JIA_CD7_4,C1,C1,scgpt
AATCCAGGTACTTGAC_JIA_Total_1,CD56bright NK,CD56bright NK,scgpt
CGTCTACTCAGGTTCA_JIA_CD7_4,C1,C1,scgpt
AGCAGCCCAGGTCCAC_JIA_Total_20,C2,C2,scgpt
GTCGTAAAGTGTACTC_JIA_CD7_5,CD56dim NK,CD56dim NK,scgpt
CGGTTAAGTTCACGGC_JIA_CD7_5,C1,C1,scgpt
TACTTGTTCGAACGGA_JIA_CD7_5,CD56dim NK,CD56dim NK,scgpt
CTAATGGTCCAGTATG_JIA_CD7_3,Cycling NK,Cycling NK,scgpt
GGCAATTGTACTCGCG_JIA_CD7_5,Cycling NK,Cycling NK,scgpt
GAACGGAGTCTAGTCA_JIA_Total_25,CD56bright NK,CD56bright NK,scgpt
CTCGAAAAGGCTCAGA_JIA_CD7_4,C1,C1,scgpt
CATGACAGTCTTCAAG_JIA_Total_5,C1,C1,scgpt
GTTCATTTCATTCACT_JIA_Total_20,ILC3,ILC3,scgpt
GCTGCGAAGCCCAACC_JIA_CD7_5,C2,C2,scgpt
GGATGTTTCATGGTCA_JIA_CD7_2,C1,CD56bright NK,scgpt
GATCTAGTCTACTTAC_JIA_CD7_4,C1,CD56bright NK,scgpt
AACGTTGAGTGCCATT_JIA_Total_19,CD56bright NK,CD56bright NK,scgpt
CAAGTTGGTAGCTTGT_JIA_CD7_4,Naïve-like ILC,Naïve-like ILC,scgpt
GGGAATGGTCCAACTA_JIA_CD7_5,C1,C1,scgpt
AGATCTGCACGAAATA_JIA_Total_1,CD56bright NK,CD56bright NK,scgpt
GTCCTCAAGTCGATAA_JIA_CD7_3,Naïve-like ILC,Naïve-like ILC,scgpt
AAGGAGCCAGCTGTAT_JIA_CD7_3,Cycling NK,Cycling NK,scgpt
GTAGTCAGTCTAAAGA_JIA_CD7_5,Cycling NK,CD56dim NK,scgpt
CTTACCGTCCATGAGT_JIA_CD7_2,C1,CD56bright NK,scgpt
TCGCGTTTCCGGGTGT_JIA_CD7_2,C1,CD56bright NK,scgpt
ACTGCTCCATATGCTG_JIA_CD7_3,ILC2,ILC2,scgpt
AATCCAGCACCAGCAC_JIA_Total_23,ILC2,ILC2,scgpt
TCTTTCCGTTGCGCAC_JIA_CD7_3,Cycling NK,Cycling NK,scgpt
TATTACCGTTCCATGA_JIA_CD7_5,C2,C2,scgpt
GGATGTTAGGGTATCG_JIA_CD7_4,C2,C1,scgpt
TCAGTTTCAATTAGGA_JIA_DC_1,C1,C1,scgpt
TCAGGTAAGTGGGATC_JIA_CD7_4,C2,C2,scgpt
GTGCTTCAGAGTCTGG_JIA_Total_19,CD56dim NK,CD56dim NK,scgpt
CTCCTAGCAATCGGTT_JIA_CD7_3,C1,Naïve-like ILC,scgpt
ATTTCTGGTAGCAAAT_JIA_CD7_4,C1,C1,scgpt
GGGCATCTCGGGAGTA_JIA_CD7_1,C2,C2,scgpt
GAGAGGTAGTTGGGAC_JIA_DC_1,C1,C1,scgpt
ACTGATGAGGACAGAA_JIA_Total_24,Cycling NK,Cycling NK,scgpt
CTCGTCATCACAGTAC_JIA_CD7_4,C2,C2,scgpt
ACACCAAGTAGGGTAC_JIA_CD7_4,C1,CD56dim NK,scgpt
GCAAACTCAAGTAATG_JIA_CD7_3,C1,C1,scgpt
ATGGGAGCAACTGCTA_JIA_CD7_3,C2,C2,scgpt
CGAGCCACAATGGTCT_JIA_CD7_4,Naïve-like ILC,Naïve-like ILC,scgpt
AGAGCTTGTAAGGATT_JIA_CD7_5,Cycling NK,Cycling NK,scgpt
ACAGCTAAGCCAGTTT_JIA_CD7_2,C3,C3,scgpt
ACTTTCATCTGATTCT_JIA_CD7_3,CD56bright NK,C1,scgpt
CACCACTAGCCTTGAT_JIA_Total_10,CD56bright NK,CD56bright NK,scgpt
CGTTAGATCTCTAAGG_JIA_CD7_5,Naïve-like ILC,ILC3,scgpt
AACTCTTTCTTTACAC_JIA_CD7_5,C2,C2,scgpt
CGGCTAGAGACTCGGA_JIA_CD7_3,C2,C2,scgpt
CGGACACCACTCGACG_JIA_CD7_5,Naïve-like ILC,Naïve-like ILC,scgpt
GCTGGGTGTCGACTAT_JIA_CD7_1,Cycling NK,Cycling NK,scgpt
GTGCTTCTCACGCGGT_JIA_CD7_5,C3,C3,scgpt
GGGACCTTCATGCATG_JIA_CD7_5,CD56dim NK,CD56dim NK,scgpt
TCTCTAACAAAGTCAA_JIA_CD7_1,Cycling NK,Cycling NK,scgpt
CAGATCATCCCTGACT_JIA_CD7_1,Cycling NK,Cycling NK,scgpt
CACTCCACAGACAAAT_JIA_CD7_2,C1,C1,scgpt
ACCGTAATCTTAGAGC_JIA_CD7_5,CD56bright NK,CD56bright NK,scgpt
GGGAGATGTTAAAGAC_JIA_CD7_3,ILC3,ILC3,scgpt
ATTATCCGTACATCCA_JIA_Total_5,Cycling NK,Cycling NK,scgpt
GTATTCTGTGTCGCTG_JIA_CD7_5,C3,C3,scgpt
ACTGATGCAGGCTCAC_JIA_CD7_1,Cycling NK,C3,scgpt
TGCGTGGGTAAGTGTA_JIA_CD7_4,C1,C1,scgpt
GGACATTCAACCGCCA_JIA_CD7_2,Cycling NK,Cycling NK,scgpt
CACAGGCTCCGCATAA_JIA_CD7_4,C2,C2,scgpt
AGGTCCGAGCTCCTCT_JIA_CD7_5,CD56bright NK,CD56bright NK,scgpt
CTCTGGTCATAAGACA_JIA_Total_17,Cycling NK,Cycling NK,scgpt
CGGAGCTTCTGCTGTC_JIA_CD7_4,Naïve-like ILC,Naïve-like ILC,scgpt
CGAACATCATAGACTC_JIA_Total_26,C1,CD56bright NK,scgpt
CACATAGTCCTGCCAT_JIA_Total_25,CD56bright NK,CD56bright NK,scgpt
CCTAGCTCAGCTGTGC_JIA_CD7_4,C3,C3,scgpt
GGGACCTAGCGTAATA_JIA_Total_23,CD56bright NK,C1,scgpt
CGTTAGAGTTTGTTGG_JIA_CD7_5,CD56dim NK,CD56dim NK,scgpt
CCGTGGATCCCATTTA_JIA_CD7_3,CD56dim NK,CD56dim NK,scgpt
GACGGCTCAAGCGTAG_JIA_CD7_1,Cycling NK,Cycling NK,scgpt
CATCAAGCAAGTACCT_JIA_CD7_1,C2,C2,scgpt
CTGAAGTGTCGACTGC_JIA_CD7_4,C1,Naïve-like ILC,scgpt
ACTGAGTCACCGAAAG_JIA_CD7_5,ILC3,ILC3,scgpt
AAGCGTTAGGCCACTC_JIA_CD45_2,C1,C1,scgpt
AGCTTGATCTTAGAGC_JIA_CD7_2,Cycling NK,Cycling NK,scgpt
TACGGTAAGCAGCCTC_JIA_CD7_5,ILC2,ILC2,scgpt
GGCGTGTCATTAGGCT_JIA_CD7_3,Cycling NK,Cycling NK,scgpt
GCACATATCTCAAGTG_JIA_Total_19,CD56dim NK,CD56dim NK,scgpt
GCTCTGTGTTATTCTC_JIA_CD7_4,CD56bright NK,CD56bright NK,scgpt
GGGTATTTCGCCTTTG_JIA_DC_1,CD56bright NK,C1,scgpt
CATGCCTTCTCTGTCG_JIA_CD7_4,CD56bright NK,C2,scgpt
ATCTGCCCAATCAGAA_JIA_Total_26,C1,CD56bright NK,scgpt
CCACTACTCGCACTCT_JIA_CD7_5,C2,CD56bright NK,scgpt
CTGATCCCACCTGGTG_JIA_CD7_5,C1,C1,scgpt
CATTCGCTCCAAACTG_JIA_CD7_4,C1,C2,scgpt
GACTGCGCACATGGGA_JIA_Total_20,C3,C3,scgpt
CTGGTCTCACAGATTC_JIA_Total_20,C1,Naïve-like ILC,scgpt
GTGAAGGCAAACTGTC_JIA_Total_10,CD56bright NK,CD56bright NK,scgpt
AATCGGTAGAGTGAGA_JIA_Total_2,Cycling NK,Cycling NK,scgpt
ATGAGGGGTATGAATG_JIA_Total_26,ILC3,ILC3,scgpt
TGACGGCTCCTCAACC_JIA_Total_11,C1,Naïve-like ILC,scgpt
TGGTTAGGTATCACCA_JIA_CD7_5,C2,C2,scgpt
TGGGAAGTCGACCAGC_JIA_CD7_1,C2,C2,scgpt
GTGCATATCCTTGCCA_JIA_Total_24,C2,C1,scgpt
ATCATCTCACCGAAAG_JIA_CD7_3,CD56dim NK,CD56dim NK,scgpt
TGACTTTTCAACACGT_JIA_CD7_5,Cycling NK,C2,scgpt
AACTTTCGTAGAGCTG_JIA_Total_13,CD56bright NK,CD56bright NK,scgpt
GTACAACTCTCTGCTG_JIA_DC_2,C1,C1,scgpt
GCTTCCACACACGCTG_JIA_CD7_4,CD56bright NK,CD56bright NK,scgpt
GTTACAGTCGCGATCG_JIA_CD7_4,Cycling NK,C2,scgpt
TTCGGTCCACACATGT_JIA_CD7_4,C1,C1,scgpt
GTGTGCGAGGGTGTTG_JIA_Total_19,CD56dim NK,CD56dim NK,scgpt
GACGTTACACACCGAC_JIA_CD7_1,Cycling NK,Cycling NK,scgpt
CAGCTGGGTTGGACCC_JIA_Total_2,Cycling NK,Cycling NK,scgpt
TACACGAGTCTGGTCG_JIA_CD7_4,CD56dim NK,CD56dim NK,scgpt
CTGATAGTCTCTTATG_JIA_CD7_5,C2,C2,scgpt
GGGAATGTCTCGTTTA_JIA_CD7_5,C2,C2,scgpt
TAGTTGGGTACAGTGG_JIA_CD7_2,CD56bright NK,CD56bright NK,scgpt
TTGGCAAGTAAACCTC_JIA_CD7_3,CD56dim NK,CD56dim NK,scgpt
ATTACTCGTCATCCCT_JIA_CD7_5,CD56dim NK,CD56dim NK,scgpt
TGGCGCAGTTATGCGT_JIA_CD7_5,Cycling NK,Cycling NK,scgpt
CTTAACTTCCCAAGAT_JIA_CD7_2,Cycling NK,Cycling NK,scgpt
TACTCGCGTTCGCGAC_JIA_CD7_4,Naïve-like ILC,Naïve-like ILC,scgpt
TCTGGAACATACAGCT_JIA_Total_25,CD56bright NK,CD56bright NK,scgpt
GTGTGCGTCAAGATCC_JIA_CD7_5,CD56dim NK,CD56dim NK,scgpt
GGCCGATGTGCTGTAT_JIA_CD7_5,CD56dim NK,CD56dim NK,scgpt
TGAGGGAGTCCGAATT_JIA_CD7_4,C1,C2,scgpt
CCTACCAAGTGCCATT_JIA_Total_20,C1,C1,scgpt
ATTGGTGCAAGCCGCT_JIA_CD7_2,Cycling NK,CD56dim NK,scgpt
CTTTGCGCACCAGTTA_JIA_Total_1,CD56dim NK,CD56dim NK,scgpt
CAGCCGATCAGAGGTG_JIA_CD7_5,C1,CD56bright NK,scgpt
GGGTTGCTCAGGTTCA_JIA_CD7_1,Cycling NK,Cycling NK,scgpt
CGTAGCGCAGACGCCT_JIA_CD7_4,C2,C1,scgpt
CAGCAGCGTAATCGTC_JIA_CD7_1,ILC2,ILC3,scgpt
GGAATAATCAGTTCGA_JIA_CD7_1,Cycling NK,Cycling NK,scgpt
AAGGCAGCAAAGCAAT_JIA_CD7_2,ILC3,ILC3,scgpt
GGCAATTGTGGTAACG_JIA_Total_25,CD56bright NK,CD56bright NK,scgpt
CCATTCGAGACTAAGT_JIA_Total_2,C1,C1,scgpt
CAAGAAAGTAAAGTCA_JIA_CD7_2,Naïve-like ILC,ILC2,scgpt
GCGCGATCATGGTCAT_JIA_CD7_1,Cycling NK,C2,scgpt
GACGTTACACCTCGGA_JIA_Total_19,CD56bright NK,CD56bright NK,scgpt
GGATTACAGACGCAAC_JIA_CD7_4,CD56bright NK,CD56bright NK,scgpt
GACGGCTCACTTAAGC_JIA_CD7_5,Cycling NK,Cycling NK,scgpt
GTGCAGCCACAGAGGT_JIA_CD7_3,CD56dim NK,CD56dim NK,scgpt
TCAGCTCCACGAGAGT_JIA_Total_10,CD56dim NK,CD56dim NK,scgpt
ATTGGACTCGCGTTTC_JIA_CD7_4,C2,C2,scgpt
ACACCAATCCAGTATG_JIA_CD7_4,C2,C2,scgpt
CTGTTTAAGGACAGCT_JIA_CD7_1,Cycling NK,C2,scgpt
CATCAAGGTAGAGGAA_JIA_CD7_2,ILC2,ILC2,scgpt
CTTTGCGCAGCCTTTC_JIA_CD7_5,C2,C3,scgpt
TCGCGAGTCCTTTACA_JIA_CD7_2,C1,CD56bright NK,scgpt
CAGGTGCAGACTTTCG_JIA_Total_20,C3,C3,scgpt
GGGCACTGTAAGAGAG_JIA_CD7_5,C2,C2,scgpt
ATCTGCCGTTGTCGCG_JIA_Total_24,C2,C1,scgpt
CGGACACCAGTTAACC_JIA_Total_20,C2,C3,scgpt
TAGACCAAGTTGAGTA_JIA_CD7_2,CD56bright NK,CD56bright NK,scgpt
GTATTCTAGAAGCCCA_JIA_CD7_4,CD56dim NK,CD56dim NK,scgpt
CCCTCCTGTTAAAGTG_JIA_CD7_2,Cycling NK,Cycling NK,scgpt
TTCGAAGCAGCTCGAC_JIA_CD7_1,C3,C3,scgpt
TCGGTAAAGTACGCGA_JIA_CD7_5,Cycling NK,Cycling NK,scgpt
AGTCTTTTCATGGTCA_JIA_CD7_1,Cycling NK,C2,scgpt
TGGCTGGGTACCTACA_JIA_Total_7,CD56dim NK,CD56dim NK,scgpt
CGTCACTTCAATCACG_JIA_CD7_3,CD56dim NK,CD56dim NK,scgpt
GTCTCGTGTGGAAAGA_JIA_CD7_4,Cycling NK,C3,scgpt
GCTGCTTTCATCACCC_JIA_CD7_4,C1,C2,scgpt
AAGGTTCAGGTGTTAA_JIA_Total_20,ILC3,ILC3,scgpt
ACTTGTTGTATCAGTC_JIA_CD7_5,Cycling NK,Cycling NK,scgpt
GCACATATCCTAGAGT_JIA_DC_1,C1,C1,scgpt
ACGGCCACACAGCGTC_JIA_CD7_3,CD56dim NK,CD56dim NK,scgpt
CACACAATCGACGGAA_JIA_Total_1,ILC2,ILC2,scgpt
AGGTCATGTGCGATAG_JIA_CD7_4,C2,C2,scgpt
GGAGCAACATGGTTGT_JIA_Total_4,Cycling NK,CD56dim NK,scgpt
CTCGGAGCAGCGTCCA_JIA_CD7_4,C2,C2,scgpt
CTCGAAAGTGTGCGTC_JIA_CD7_4,C2,C3,scgpt
CCTTACGCAGAGCCAA_JIA_Total_13,ILC2,ILC2,scgpt
GAGCAGAAGAGGGCTT_JIA_Total_26,Cycling NK,Cycling NK,scgpt
CGGAGTCAGCGTTGCC_JIA_Total_19,CD56dim NK,CD56dim NK,scgpt
GGCTGGTCAGGGAGAG_JIA_CD7_4,C1,C2,scgpt
GTTCATTCACAGATTC_JIA_Total_25,CD56bright NK,CD56bright NK,scgpt
CACCAGGGTATCACCA_JIA_Total_20,C3,C3,scgpt
AGTAGTCTCAGTTGAC_JIA_Total_1,CD56dim NK,CD56dim NK,scgpt
CTAACCCGTTGTTGCA_JIA_DC_1,Naïve-like ILC,ILC3,scgpt
GCACATAAGTGTACCT_JIA_Total_1,CD56dim NK,CD56dim NK,scgpt
ATCGAGTCACCGTTGG_JIA_CD7_2,CD56bright NK,CD56bright NK,scgpt
ATGTGTGCAACACGCC_JIA_CD7_3,CD56bright NK,CD56bright NK,scgpt
ATGCGATCAGCTCGAC_JIA_CD7_3,Cycling NK,Cycling NK,scgpt
GCGCAGTTCCGAAGAG_JIA_CD7_1,ILC2,ILC2,scgpt
ATAGGCTCACTGTGAT_JIA_DC_2,C1,C1,scgpt
CTTACCGCATCACAAC_JIA_CD7_3,CD56dim NK,CD56dim NK,scgpt
CGGAGTCCAGCCTTTC_JIA_CD7_2,C3,C1,scgpt
TGAGGGACACTTGGAT_JIA_Total_5,C2,C2,scgpt
ACGGCCAAGCGTAGTG_JIA_CD7_3,C2,C2,scgpt
AGCGTATAGAATAGGG_JIA_CD7_5,C2,C2,scgpt
CGTAGGCTCTGACCTC_JIA_Total_24,C1,C1,scgpt
ATCATGGAGGTAAACT_JIA_Total_19,CD56dim NK,CD56dim NK,scgpt
TATCTCAAGAGCCCAA_JIA_CD7_4,CD56dim NK,CD56dim NK,scgpt
CGTCAGGTCGCTGATA_JIA_CD7_3,CD56dim NK,CD56dim NK,scgpt
GTGTTAGCACACCGAC_JIA_CD7_5,C2,C2,scgpt
TGCGTGGAGCGTCTAT_JIA_CD7_5,CD56dim NK,CD56dim NK,scgpt
GGACAAGCAGGTGCCT_JIA_CD7_5,CD56dim NK,CD56dim NK,scgpt
TGTATTCGTCGTGGCT_JIA_CD7_3,C2,C2,scgpt
AGTCTTTGTAGAGTGC_JIA_CD7_3,Cycling NK,Cycling NK,scgpt
ATAACGCCAGATCTGT_JIA_CD7_4,Naïve-like ILC,ILC2,scgpt
TGCGTGGCATGCCTAA_JIA_CD7_5,C2,C2,scgpt
CAAGGCCAGAGGTACC_JIA_CD7_3,C1,CD56bright NK,scgpt
TGGCTGGCATCTCCCA_JIA_Total_1,CD56dim NK,CD56dim NK,scgpt
AACTGGTCAGGGCATA_JIA_Total_1,Cycling NK,Cycling NK,scgpt
TGACAACAGACAGGCT_JIA_CD7_1,C2,Naïve-like ILC,scgpt
TGAGAGGGTACTCAAC_JIA_CD7_5,C2,C2,scgpt
CCCAGTTCATTACCTT_JIA_Total_1,CD56dim NK,CD56dim NK,scgpt
GTCAAGTCAGTGACAG_JIA_CD7_3,C1,C2,scgpt
AGCAGCCTCATTGCCC_JIA_CD7_4,C2,C2,scgpt
CGTGTCTTCTGCCCTA_JIA_Total_10,CD56dim NK,CD56dim NK,scgpt
GTATCTTAGACAGACC_JIA_CD7_3,CD56dim NK,CD56dim NK,scgpt
CATGACATCTTATCTG_JIA_Total_1,CD56bright NK,CD56bright NK,scgpt
CCCAGTTAGGTGTTAA_JIA_CD7_4,C1,Naïve-like ILC,scgpt
TCATTTGGTTCGCTAA_JIA_CD7_3,C2,C3,scgpt
CTCGGAGTCCATGAAC_JIA_CD7_5,C2,C1,scgpt
AGATCGTTCTGCCCTA_JIA_DC_1,Cycling NK,Cycling NK,scgpt
CCTAAGATCGTACACA_JIA_DC_1,C1,CD56bright NK,scgpt
TGGTTCCCAAACCCAT_JIA_CD7_4,C1,C1,scgpt
CAGTAACCAAAGAATC_JIA_CD7_3,Cycling NK,Cycling NK,scgpt
TCACAAGTCCGCGCAA_JIA_CD7_3,CD56bright NK,C1,scgpt
TAAACCGTCGCTGATA_JIA_CD7_5,C2,C2,scgpt
GGTATTGGTCGTGGCT_JIA_Total_16,CD56dim NK,CD56dim NK,scgpt
GCATGTACACATAACC_JIA_Total_1,CD56dim NK,CD56dim NK,scgpt
CTGAAACCACATGGGA_JIA_CD7_4,C1,Naïve-like ILC,scgpt
GCAAACTGTTAAGAAC_JIA_Total_25,CD56dim NK,CD56dim NK,scgpt
CACCAGGAGAAACGAG_JIA_Total_4,CD56dim NK,CD56dim NK,scgpt
GACGTTACACAGGTTT_JIA_CD7_5,CD56dim NK,CD56dim NK,scgpt
CTGCCTAAGCGATTCT_JIA_Total_14,C1,C1,scgpt
CTCGGAGGTTTGGCGC_JIA_Total_14,Cycling NK,Cycling NK,scgpt
TGCCAAATCCCAACGG_JIA_CD7_5,Cycling NK,Cycling NK,scgpt
AACTCAGCAAGGTTCT_JIA_CD7_2,ILC2,ILC2,scgpt
AGTTGGTAGGAGTTTA_JIA_CD7_2,CD56bright NK,CD56bright NK,scgpt
TCGAGGCTCTGCGACG_JIA_CD7_2,ILC2,ILC2,scgpt
TGAGCCGAGGCCCTTG_JIA_CD7_5,Cycling NK,Cycling NK,scgpt
ACTATCTTCTTACCTA_JIA_CD7_4,C1,C1,scgpt
ATAGACCTCTGCAGTA_JIA_CD7_4,C2,C2,scgpt
GCATGTAGTTGATTGC_JIA_Total_26,C1,C1,scgpt
GCGCAGTAGTCCATAC_JIA_CD7_4,C1,C1,scgpt
GTAACGTCACAAGCCC_JIA_CD7_5,Cycling NK,Cycling NK,scgpt
TGCCAAACACACATGT_JIA_CD7_4,Cycling NK,Cycling NK,scgpt
CACACCTGTCAGCTAT_JIA_Total_14,C1,C1,scgpt
GTGAAGGGTAAGTGGC_JIA_CD7_1,C2,C2,scgpt
GTAACGTCATGCCTTC_JIA_CD7_4,CD56dim NK,CD56dim NK,scgpt
TCTCTAACAACACCTA_JIA_Total_2,C1,C1,scgpt
CCTTCGAGTGTGACCC_JIA_CD7_5,C1,C3,scgpt
GCGACCAAGCGTTTAC_JIA_CD7_2,CD56bright NK,CD56bright NK,scgpt
CAGAATCGTGCCTGGT_JIA_CD7_3,Cycling NK,C3,scgpt
CCTTCGACATGCCTTC_JIA_Total_4,Cycling NK,Cycling NK,scgpt
CTGAAACAGCTACCGC_JIA_CD7_2,ILC2,ILC2,scgpt
GGGATGACATAGGATA_JIA_Total_20,C1,CD56bright NK,scgpt
TGCGTGGTCATATCGG_JIA_CD7_4,C3,C3,scgpt
AGCAGCCTCTAACTTC_JIA_CD7_5,CD56bright NK,CD56bright NK,scgpt
TTGGAACTCCAAATGC_JIA_CD7_4,C2,C2,scgpt
GGACGTCGTCTTCGTC_JIA_CD7_3,CD56dim NK,CD56dim NK,scgpt
GCGACCACACGAAGCA_JIA_Total_4,CD56bright NK,CD56bright NK,scgpt
TTGAACGGTACAGTGG_JIA_Total_2,C2,C2,scgpt
AGAGCTTTCGCTAGCG_JIA_CD7_4,CD56dim NK,CD56dim NK,scgpt
GGAATAATCTCGGACG_JIA_CD7_2,Naïve-like ILC,ILC3,scgpt
GGCAATTTCATCACCC_JIA_CD7_3,Cycling NK,Cycling NK,scgpt
TTTCCTCCATCGATTG_JIA_Total_26,C1,CD56bright NK,scgpt
AGCCTAAAGAACAACT_JIA_CD7_5,C1,Naïve-like ILC,scgpt
GTCTTCGTCCTGCCAT_JIA_Total_1,CD56dim NK,CD56dim NK,scgpt
CGTCCATAGCCACTAT_JIA_CD7_5,Cycling NK,C2,scgpt
CACAGTAAGCCAGGAT_JIA_CD7_5,C2,C2,scgpt
GACGTGCAGACATAAC_JIA_CD7_1,CD56dim NK,CD56dim NK,scgpt
GGAGCAATCCACGTGG_JIA_CD7_2,CD56dim NK,CD56dim NK,scgpt
AGAGTGGCAGTGGAGT_JIA_CD7_4,C1,C1,scgpt
CTCGGGAGTGTGGTTT_JIA_CD7_4,C1,C2,scgpt
CAGCCAGTCAAAGGAT_JIA_DC_1,C1,C1,scgpt
ACGTCAAAGTGGAGAA_JIA_Total_20,Cycling NK,ILC2,scgpt
ATAGACCGTCTCGTTC_JIA_CD7_5,C2,C2,scgpt
CTCAGAATCGAGAGCA_JIA_CD7_2,Cycling NK,Cycling NK,scgpt
TGGCCAGGTGATGATA_JIA_Total_17,Cycling NK,Cycling NK,scgpt
TACTTGTCACGCTTTC_JIA_CD7_4,C2,CD56bright NK,scgpt
ATTGGTGAGTGGTCCC_JIA_CD7_3,Cycling NK,Cycling NK,scgpt
TCACGAAAGTAGGTGC_JIA_CD7_4,C3,C1,scgpt
CTCGTACCACGAAACG_JIA_CD7_5,C2,C2,scgpt
AACTGGTGTACATCCA_JIA_CD7_1,C1,C2,scgpt
CAGAGAGTCATTGCGA_JIA_CD7_2,CD56dim NK,CD56dim NK,scgpt
AACCGCGCACAAGACG_JIA_Total_10,CD56dim NK,CD56dim NK,scgpt
TGATTTCCATTGCGGC_JIA_Total_25,ILC2,ILC2,scgpt
CAGTCCTTCAGAGCTT_JIA_CD7_4,CD56dim NK,CD56dim NK,scgpt
TTTGCGCAGTCCCACG_JIA_CD7_4,Cycling NK,Cycling NK,scgpt
ATAAGAGTCTTAACCT_JIA_CD7_1,Cycling NK,Cycling NK,scgpt
TCTCATAAGTATCGAA_JIA_CD7_5,C1,C1,scgpt
TGTGGTAGTTCCAACA_JIA_CD7_4,C3,C3,scgpt
ATCTGCCCACCAACCG_JIA_CD7_5,CD56bright NK,CD56bright NK,scgpt
CAAGTTGCAGCTCGCA_JIA_CD7_5,CD56dim NK,CD56dim NK,scgpt
CGATCGGAGTCAAGGC_JIA_CD7_4,C2,C2,scgpt
AGGTCATAGAGCCCAA_JIA_CD7_1,C3,C3,scgpt
GTTCATTAGAGTCTGG_JIA_Total_14,C2,ILC2,scgpt
TGCGTGGGTGAGTGAC_JIA_CD7_5,C3,C3,scgpt
AACTCTTGTGACAAAT_JIA_CD7_2,CD56dim NK,CD56dim NK,scgpt
CCGTGGAGTAAATGAC_JIA_CD7_5,CD56dim NK,CD56dim NK,scgpt
TAAGAGAGTTACTGAC_JIA_CD7_4,C3,C3,scgpt
CCACCTAAGACGACGT_JIA_CD7_2,Naïve-like ILC,CD56bright NK,scgpt
GTGGGTCAGATGGCGT_JIA_CD7_2,CD56bright NK,CD56bright NK,scgpt
AGGTCCGGTCTCTCGT_JIA_CD7_5,C2,C2,scgpt
CTAACTTTCATACGGT_JIA_CD7_4,CD56bright NK,CD56bright NK,scgpt
TTCTTAGGTGTAACGG_JIA_CD7_5,CD56bright NK,CD56bright NK,scgpt
CCAATCCTCAACCATG_JIA_Total_1,CD56dim NK,CD56dim NK,scgpt
CTTAGGATCAAACCAC_JIA_Total_20,C2,CD56bright NK,scgpt
GTCACGGTCGGAATCT_JIA_CD7_3,C2,C2,scgpt
GCCAGGTTCTCCAATT_JIA_DC_1,C2,C1,scgpt
CACACCTCATTACCTT_JIA_Total_1,CD56bright NK,CD56bright NK,scgpt
GACGGCTAGAAGCCCA_JIA_CD7_3,CD56bright NK,CD56bright NK,scgpt
TAAGTGCGTTCAGGCC_JIA_CD7_5,C1,C1,scgpt
GGCAATTCACGGCGTT_JIA_Total_2,C1,Naïve-like ILC,scgpt
TACCTTAAGATACACA_JIA_CD7_2,C2,CD56bright NK,scgpt
ACATACGCAAAGCGGT_JIA_CD7_5,C2,Naïve-like ILC,scgpt
CCTTACGCAGGGCATA_JIA_CD7_5,Cycling NK,Cycling NK,scgpt
AAACGGGTCTTAACCT_JIA_CD7_5,Cycling NK,C2,scgpt
CAGCATATCCGTTGTC_JIA_CD7_4,Naïve-like ILC,C3,scgpt
CCGGGATTCGCCTGTT_JIA_CD7_5,Cycling NK,Cycling NK,scgpt
CGTTCTGAGAAGGGTA_JIA_Total_17,Cycling NK,Cycling NK,scgpt
CTACCCACAGCTGTGC_JIA_Total_19,CD56dim NK,CD56dim NK,scgpt
AGCATACCAACACCCG_JIA_CD7_5,C1,CD56bright NK,scgpt
GAATAAGAGTTAAGTG_JIA_CD7_4,Cycling NK,Cycling NK,scgpt
GATCTAGGTAGTACCT_JIA_CD7_5,Cycling NK,Cycling NK,scgpt
ACGAGCCCAGCCTTGG_JIA_CD7_2,ILC3,ILC3,scgpt
CGTAGCGGTCACCCAG_JIA_CD7_1,C2,C2,scgpt
GCCAAATTCAGTTTGG_JIA_Total_1,Cycling NK,Cycling NK,scgpt
AAGCCGCTCTCTTGAT_JIA_CD7_1,ILC3,Naïve-like ILC,scgpt
TGACGGCGTAATCGTC_JIA_CD7_2,CD56bright NK,CD56bright NK,scgpt
ACTGATGGTACATGTC_JIA_CD7_5,CD56bright NK,CD56bright NK,scgpt
CTTCTCTCACACTGCG_JIA_CD7_4,Naïve-like ILC,Naïve-like ILC,scgpt
GAGTCCGGTCGGGTCT_JIA_CD7_5,CD56bright NK,CD56bright NK,scgpt
CTCTAATAGCTAGCCC_JIA_CD7_5,C1,C1,scgpt
GATGAAACACGAAGCA_JIA_CD7_3,CD56dim NK,CD56dim NK,scgpt
GCTGCGAGTTGCGCAC_JIA_CD7_4,C2,C2,scgpt
GGTCACGGTGTTAGCT_JIA_DC_1,CD56bright NK,CD56bright NK,scgpt
TGCCCATGTCGAAAGC_JIA_CD7_2,ILC2,ILC2,scgpt
GCTCCTACAGGATTGG_JIA_CD7_5,C2,C2,scgpt
