cell_id,true_label,pred_label,model
TTGGAACAGATGTGGC_JIA_CD7_5,NK,NK,uce_l3_logreg_probe
GTCCTCACAGCGTCCA_JIA_CD7_3,NK,NK,uce_l3_logreg_probe
TTGCCGTTCATGTAGC_JIA_Total_17,NK,ILC,uce_l3_logreg_probe
TGAGCATGTACCTACA_JIA_CD7_2,NK,NK,uce_l3_logreg_probe
GGATGTTGTAAATGTG_JIA_CD7_5,NK,NK,uce_l3_logreg_probe
CAACCTCGTTGAACTC_JIA_CD7_2,NK,NK,uce_l3_logreg_probe
AAGTCTGGTTCTGAAC_JIA_CD7_5,ILC,ILC,uce_l3_logreg_probe
ATCTACTTCGCTGATA_JIA_Total_20,NK,NK,uce_l3_logreg_probe
AGCAGCCAGCGCTCCA_JIA_CD7_2,NK,NK,uce_l3_logreg_probe
GTATCTTTCTCGGACG_JIA_CD7_1,NK,NK,uce_l3_logreg_probe
TTTGTCAGTCGGCATC_JIA_CD7_5,NK,NK,uce_l3_logreg_probe
TGTGTTTTCGCTGATA_JIA_Total_25,NK,NK,uce_l3_logreg_probe
CGTCCATCAATCTACG_JIA_CD7_5,NK,NK,uce_l3_logreg_probe
CAGTAACCACGAAACG_JIA_CD7_3,NK,NK,uce_l3_logreg_probe
AGGGATGAGGACAGAA_JIA_CD7_3,NK,NK,uce_l3_logreg_probe
AGCTTGATCAGTACGT_JIA_CD7_1,NK,NK,uce_l3_logreg_probe
GACTAACCACTACAGT_JIA_CD7_5,NK,NK,uce_l3_logreg_probe
TACTCATTCGTACGGC_JIA_CD7_3,NK,NK,uce_l3_logreg_probe
TCATGTTAGTCACTAC_JIA_DC_1,NK,NK,uce_l3_logreg_probe
AGGGTGACAGTCACTA_JIA_CD7_5,NK,NK,uce_l3_logreg_probe
CATCGAACACTCTGTC_JIA_CD7_4,NK,NK,uce_l3_logreg_probe
TACAGTGCAAACTGCT_JIA_Total_2,NK,NK,uce_l3_logreg_probe
GTTCTCGCACCTCGGA_JIA_CD7_5,NK,NK,uce_l3_logreg_probe
CTACCCATCTGCAAGT_JIA_CD7_5,NK,NK,uce_l3_logreg_probe
CGTGTAAGTAAGTTCC_JIA_CD7_3,ILC,ILC,uce_l3_logreg_probe
TGCCAAATCACCGTAA_JIA_Total_17,NK,NK,uce_l3_logreg_probe
TGCGCAGTCGGTGTCG_JIA_CD7_4,NK,NK,uce_l3_logreg_probe
GGCTCGAAGAGGTTAT_JIA_CD7_2,NK,NK,uce_l3_logreg_probe
ACGGAGACACGGCTAC_JIA_CD7_2,NK,NK,uce_l3_logreg_probe
CGGCTAGAGGTAGCTG_JIA_CD7_5,NK,NK,uce_l3_logreg_probe
ACAGCTAGTCTTGCGG_JIA_CD7_5,ILC,ILC,uce_l3_logreg_probe
CTGCGAGTCCTCACTG_JIA_DC_2,NK,NK,uce_l3_logreg_probe
AGGGATGAGCGATCCC_JIA_CD7_1,NK,NK,uce_l3_logreg_probe
CCTTCGAGTTATCCGA_JIA_CD7_3,NK,NK,uce_l3_logreg_probe
GTTACAGAGGGTCTCC_JIA_CD7_5,NK,NK,uce_l3_logreg_probe
ATAACGCGTACGCACC_JIA_CD7_5,NK,NK,uce_l3_logreg_probe
TTCTCAATCTCTGCTG_JIA_Total_19,NK,NK,uce_l3_logreg_probe
CTGGTCTGTCGCGTGT_JIA_CD7_5,ILC,ILC,uce_l3_logreg_probe
GCTGCGATCACAGTAC_JIA_Total_20,NK,NK,uce_l3_logreg_probe
TCTATTGTCACAACGT_JIA_CD7_4,NK,NK,uce_l3_logreg_probe
GAGCAGATCACGGTTA_JIA_Total_1,NK,NK,uce_l3_logreg_probe
TCTGGAATCCGTAGTA_JIA_CD7_2,ILC,ILC,uce_l3_logreg_probe
GGAGCAAAGGGTGTTG_JIA_CD7_5,NK,NK,uce_l3_logreg_probe
TGATTTCAGTGACATA_JIA_CD7_1,NK,NK,uce_l3_logreg_probe
CTAATGGCAATAGCAA_JIA_CD7_3,NK,NK,uce_l3_logreg_probe
TCAACGATCCCATTTA_JIA_CD7_2,NK,NK,uce_l3_logreg_probe
TCTGGAACACAGACAG_JIA_CD7_5,NK,NK,uce_l3_logreg_probe
AGCGGTCCAATGGTCT_JIA_Total_7,NK,NK,uce_l3_logreg_probe
ACATTTCCACAGCATT_JIA_DC_1,NK,NK,uce_l3_logreg_probe
CGGAGTCTCTCGCATC_JIA_CD7_2,NK,NK,uce_l3_logreg_probe
ACGGGCTTCAGTTGAC_JIA_Total_1,NK,NK,uce_l3_logreg_probe
CGCTATCCATAACCTG_JIA_CD7_3,NK,NK,uce_l3_logreg_probe
GCAGCCAGTCCGAACC_JIA_CD7_4,NK,NK,uce_l3_logreg_probe
GAGTCCGAGCGCTCCA_JIA_CD7_5,NK,NK,uce_l3_logreg_probe
CGAGCCAAGTGGTCCC_JIA_CD7_2,NK,NK,uce_l3_logreg_probe
CGCGTTTTCGTCTGCT_JIA_CD7_5,NK,NK,uce_l3_logreg_probe
CGCTTCATCTCATTCA_JIA_CD7_4,NK,NK,uce_l3_logreg_probe
AGGGATGGTCCAAGTT_JIA_Total_7,NK,NK,uce_l3_logreg_probe
GGTGAAGGTTATCACG_JIA_Total_5,NK,NK,uce_l3_logreg_probe
GAACGGAAGGTAGCTG_JIA_CD7_1,NK,NK,uce_l3_logreg_probe
ACATCAGAGCGATGAC_JIA_CD7_1,NK,NK,uce_l3_logreg_probe
CTCTACGCAAGGACTG_JIA_CD7_3,ILC,ILC,uce_l3_logreg_probe
CAAGTTGAGCACGCCT_JIA_CD7_3,NK,NK,uce_l3_logreg_probe
CCACTACTCAGAAATG_JIA_CD7_4,NK,NK,uce_l3_logreg_probe
AGGCCACTCTACGAGT_JIA_Total_1,NK,NK,uce_l3_logreg_probe
CGTAGGCGTTTGGCGC_JIA_Total_13,NK,NK,uce_l3_logreg_probe
TCAGCAAAGCGTAATA_JIA_CD7_4,NK,NK,uce_l3_logreg_probe
AACTTTCAGCCACCTG_JIA_Total_17,NK,NK,uce_l3_logreg_probe
CTCTGGTTCATACGGT_JIA_CD7_5,ILC,ILC,uce_l3_logreg_probe
CATGACAAGACAAGCC_JIA_CD7_5,NK,NK,uce_l3_logreg_probe
GTAACGTAGCGATGAC_JIA_CD7_4,NK,NK,uce_l3_logreg_probe
CCGGGTAAGTTCGCAT_JIA_DC_1,NK,NK,uce_l3_logreg_probe
GTTCTCGGTCTAGTGT_JIA_CD7_5,NK,NK,uce_l3_logreg_probe
CCTTTCTCAAATCCGT_JIA_CD7_4,NK,NK,uce_l3_logreg_probe
GAGCAGAGTTCAGTAC_JIA_CD7_5,NK,NK,uce_l3_logreg_probe
CTACGTCCAATCTGCA_JIA_Total_24,NK,NK,uce_l3_logreg_probe
CGAATGTCAAGCGTAG_JIA_Total_10,NK,NK,uce_l3_logreg_probe
ATTCTACGTTGGGACA_JIA_CD7_5,NK,NK,uce_l3_logreg_probe
TCTCACGGTCCGGTCA_JIA_DC_3,NK,NK,uce_l3_logreg_probe
CGGACGTTCTCTAAGG_JIA_Total_17,NK,NK,uce_l3_logreg_probe
CGAACATGTGTGTGCC_JIA_CD7_4,NK,NK,uce_l3_logreg_probe
TTTGTCAGTCCAGTGC_JIA_Total_16,NK,NK,uce_l3_logreg_probe
CGGAGTCTCGGTCCGA_JIA_CD7_1,NK,NK,uce_l3_logreg_probe
GGACATTAGATCGATA_JIA_CD7_2,NK,NK,uce_l3_logreg_probe
AGGAGGTTCCCTTCCC_JIA_CD45_2,NK,NK,uce_l3_logreg_probe
CCACCTACAGATCCAT_JIA_CD7_4,NK,NK,uce_l3_logreg_probe
GCTGCAGGTTTGCATG_JIA_CD7_2,NK,NK,uce_l3_logreg_probe
GACTAACCATTTGCCC_JIA_CD7_3,NK,NK,uce_l3_logreg_probe
TGCCCATTCACCATAG_JIA_CD7_3,NK,NK,uce_l3_logreg_probe
CGGGTCATCAGCATGT_JIA_CD7_5,NK,NK,uce_l3_logreg_probe
CTACCCAGTCCAGTTA_JIA_Total_25,NK,NK,uce_l3_logreg_probe
CACCAGGGTCTCCCTA_JIA_Total_1,NK,NK,uce_l3_logreg_probe
GACAGAGCACAAGACG_JIA_CD7_3,NK,NK,uce_l3_logreg_probe
ATTCTACTCACCATAG_JIA_Total_14,NK,NK,uce_l3_logreg_probe
ACAGCTAGTGATAAAC_JIA_CD7_3,NK,NK,uce_l3_logreg_probe
AGGTCATGTTACCAGT_JIA_CD7_5,NK,NK,uce_l3_logreg_probe
CTGATAGAGCAACGGT_JIA_Total_2,NK,NK,uce_l3_logreg_probe
CTTGGCTGTGGTCCGT_JIA_Total_1,NK,NK,uce_l3_logreg_probe
AAGTCGTGTGCTGATT_JIA_DC_1,NK,NK,uce_l3_logreg_probe
CATATTCAGTTAGCGG_JIA_CD7_5,NK,NK,uce_l3_logreg_probe
TTCTCCTCATCACGTA_JIA_Total_26,ILC,ILC,uce_l3_logreg_probe
GTTTCTAGTAGCGTAG_JIA_CD7_5,NK,NK,uce_l3_logreg_probe
GGCGACTTCCTTTCTC_JIA_Total_20,NK,NK,uce_l3_logreg_probe
CCGTGGACATGTAAGA_JIA_CD7_5,NK,NK,uce_l3_logreg_probe
CTACATTTCACCACCT_JIA_CD7_5,ILC,ILC,uce_l3_logreg_probe
TGCGTGGGTAAGGGAA_JIA_CD7_5,NK,NK,uce_l3_logreg_probe
GTGAAGGCATAGTAAG_JIA_CD7_2,NK,NK,uce_l3_logreg_probe
TGGACGCAGTTTAGGA_JIA_CD7_4,NK,NK,uce_l3_logreg_probe
CATTATCGTGTAACGG_JIA_CD7_5,NK,NK,uce_l3_logreg_probe
GACCCTTGTGCGCTCA_JIA_DC_1,NK,NK,uce_l3_logreg_probe
AGGGTGAGTCTAGAGG_JIA_Total_20,NK,NK,uce_l3_logreg_probe
AAGGCAGCAAGAGGCT_JIA_CD7_5,NK,NK,uce_l3_logreg_probe
TACTCGCCATACAGCT_JIA_CD7_5,NK,NK,uce_l3_logreg_probe
CGAGCCAAGAATTGTG_JIA_CD7_2,NK,NK,uce_l3_logreg_probe
CTCGGAGTCCGCATCT_JIA_CD7_2,NK,NK,uce_l3_logreg_probe
GGACGTCCACATTTCT_JIA_Total_1,NK,NK,uce_l3_logreg_probe
CCGGGATGTACCGGCT_JIA_CD7_3,NK,NK,uce_l3_logreg_probe
GACGGCTAGAGCTGCA_JIA_CD7_2,NK,NK,uce_l3_logreg_probe
AACTCAGTCCACGTGG_JIA_CD7_4,NK,NK,uce_l3_logreg_probe
TAAGAGAAGCTAGCCC_JIA_Total_1,NK,NK,uce_l3_logreg_probe
CCTATTATCAGAGCTT_JIA_CD7_4,NK,NK,uce_l3_logreg_probe
CATTCGCCACTAAGTC_JIA_CD7_2,NK,NK,uce_l3_logreg_probe
TACCTTATCGCTGATA_JIA_CD7_1,NK,NK,uce_l3_logreg_probe
TAGAGCTGTAAGAGAG_JIA_CD7_4,NK,NK,uce_l3_logreg_probe
GCTGCTTGTTTCCACC_JIA_CD7_1,NK,NK,uce_l3_logreg_probe
AAAGCAACAATAACGA_JIA_CD7_2,NK,NK,uce_l3_logreg_probe
AAGCCGCCACAAGTAA_JIA_CD7_5,NK,NK,uce_l3_logreg_probe
GATGAGGAGACCTAGG_JIA_CD7_5,NK,NK,uce_l3_logreg_probe
TCGGTAATCTAGCACA_JIA_Total_24,NK,NK,uce_l3_logreg_probe
TGCTACCAGCGTCTAT_JIA_CD7_5,NK,NK,uce_l3_logreg_probe
ACTGTCCTCATCGATG_JIA_Total_20,NK,NK,uce_l3_logreg_probe
GCATGTAGTTGCCTCT_JIA_CD7_5,ILC,ILC,uce_l3_logreg_probe
GTGTTAGCAGTGGAGT_JIA_Total_5,NK,NK,uce_l3_logreg_probe
AGCATACTCATATCGG_JIA_CD7_4,ILC,ILC,uce_l3_logreg_probe
CATGACATCAATACCG_JIA_CD7_4,NK,NK,uce_l3_logreg_probe
TGCGTGGGTCTAGCCG_JIA_CD7_1,NK,NK,uce_l3_logreg_probe
GTGGTTAGTATCGCTA_JIA_DC_3,NK,NK,uce_l3_logreg_probe
ATTATCCTCAACGGGA_JIA_CD7_3,NK,NK,uce_l3_logreg_probe
CAAGATCCAGGAACGT_JIA_CD7_5,NK,NK,uce_l3_logreg_probe
AGCTCTCCAGTATAAG_JIA_Total_2,NK,NK,uce_l3_logreg_probe
CGGACACCATTTCACT_JIA_CD7_1,NK,NK,uce_l3_logreg_probe
CAAGGCCCACTCGACG_JIA_CD7_2,NK,NK,uce_l3_logreg_probe
TACGGATTCCGTCAAA_JIA_CD7_5,NK,NK,uce_l3_logreg_probe
CGTTGGGAGGAGTAGA_JIA_CD7_4,NK,NK,uce_l3_logreg_probe
GGAAAGCAGGCCGAAT_JIA_Total_1,NK,NK,uce_l3_logreg_probe
TCTTCGGTCCCATTTA_JIA_CD7_5,NK,NK,uce_l3_logreg_probe
GGCGTGTGTATAGGTA_JIA_Total_20,NK,NK,uce_l3_logreg_probe
GGTGTTACAGACAAGC_JIA_CD7_4,NK,NK,uce_l3_logreg_probe
GTTTCTACATGACATC_JIA_CD7_3,ILC,ILC,uce_l3_logreg_probe
GCAGCCAGTCCGTCAG_JIA_CD7_2,NK,NK,uce_l3_logreg_probe
ACAGCTATCATGCAAC_JIA_CD7_5,NK,NK,uce_l3_logreg_probe
GTCCTCACACATCCGG_JIA_CD7_3,NK,NK,uce_l3_logreg_probe
TATTACCCATGTCGAT_JIA_CD7_2,NK,NK,uce_l3_logreg_probe
AAGACAAGTGAATGTA_JIA_DC_2,NK,NK,uce_l3_logreg_probe
TTACCGCAGCTTCTAG_JIA_CD45_1,ILC,ILC,uce_l3_logreg_probe
CGCGTTTGTCTAGAGG_JIA_CD7_1,NK,NK,uce_l3_logreg_probe
CAGCCGAAGAGGTTAT_JIA_CD7_5,NK,NK,uce_l3_logreg_probe
ACGCCGAAGCTCAACT_JIA_CD7_4,NK,NK,uce_l3_logreg_probe
CTACGTCAGGGCTTCC_JIA_CD7_4,NK,NK,uce_l3_logreg_probe
CACCTTGAGCCCAACC_JIA_Total_1,NK,NK,uce_l3_logreg_probe
GTGCGGTGTATAGGTA_JIA_CD7_5,ILC,ILC,uce_l3_logreg_probe
CATGCCTGTAGCGTAG_JIA_CD7_5,NK,NK,uce_l3_logreg_probe
ACTATCTGTTAAGTAG_JIA_Total_17,ILC,ILC,uce_l3_logreg_probe
GAAGCAGTCACCTTAT_JIA_CD7_4,ILC,ILC,uce_l3_logreg_probe
ACGAGGAGTTTGCATG_JIA_Total_17,NK,NK,uce_l3_logreg_probe
AATCCAGCATCTCCCA_JIA_CD7_3,NK,NK,uce_l3_logreg_probe
TAGTGGTGTGTGGCTC_JIA_Total_19,NK,NK,uce_l3_logreg_probe
TCACGAAGTCCGTGAC_JIA_CD7_1,NK,NK,uce_l3_logreg_probe
TCGTAGATCGTGGTCG_JIA_CD7_4,NK,NK,uce_l3_logreg_probe
AGGGTGATCAAGGCTT_JIA_Total_23,ILC,ILC,uce_l3_logreg_probe
ATCATGGAGCCACCTG_JIA_CD7_4,NK,NK,uce_l3_logreg_probe
GAGCCTGTCAGGAAAT_JIA_DC_2,NK,ILC,uce_l3_logreg_probe
CTCGTACGTAAGTAGT_JIA_CD7_5,NK,NK,uce_l3_logreg_probe
TTGACTTTCATTTGGG_JIA_Total_24,NK,NK,uce_l3_logreg_probe
AGGGAGTCAACACCTA_JIA_CD7_5,NK,NK,uce_l3_logreg_probe
GACGTGCGTCTGGAGA_JIA_CD7_1,NK,NK,uce_l3_logreg_probe
CTGTTTAGTGGCGAAT_JIA_Total_23,NK,NK,uce_l3_logreg_probe
TGACTTTAGAGACGAA_JIA_CD7_5,NK,NK,uce_l3_logreg_probe
CATGGCGCAGCCTTGG_JIA_Total_23,NK,NK,uce_l3_logreg_probe
GGAATAAGTCACACGC_JIA_CD7_3,NK,NK,uce_l3_logreg_probe
GACTACAAGATCGATA_JIA_CD7_3,NK,NK,uce_l3_logreg_probe
GAACATCCACTGCCAG_JIA_Total_20,NK,NK,uce_l3_logreg_probe
GGTGAAGGTCTACCTC_JIA_Total_26,NK,NK,uce_l3_logreg_probe
TGAGCATTCAAGATCC_JIA_Total_10,NK,NK,uce_l3_logreg_probe
ACCAGTAAGAGCTATA_JIA_Total_14,NK,NK,uce_l3_logreg_probe
GGGCATCAGAGACTTA_JIA_Total_24,NK,NK,uce_l3_logreg_probe
ACCAGTAAGTGGGCTA_JIA_CD7_4,NK,NK,uce_l3_logreg_probe
AGATTGCTCAGTTAGC_JIA_CD7_5,NK,NK,uce_l3_logreg_probe
TATCAGGAGCTGAAAT_JIA_Total_10,NK,NK,uce_l3_logreg_probe
AAAGTAGTCCAGGGCT_JIA_CD7_3,NK,NK,uce_l3_logreg_probe
ACTGCTCAGTGCTGCC_JIA_CD7_2,NK,NK,uce_l3_logreg_probe
ATGGGAGCAGACAAGC_JIA_CD7_5,NK,NK,uce_l3_logreg_probe
CGGCTAGTCACCAGGC_JIA_Total_14,NK,NK,uce_l3_logreg_probe
CCTCAGTAGTCAAGGC_JIA_CD7_4,NK,NK,uce_l3_logreg_probe
GAACGGACAGGTCTCG_JIA_CD7_3,NK,NK,uce_l3_logreg_probe
GCACTCTCAGTGACAG_JIA_CD7_4,NK,NK,uce_l3_logreg_probe
ACTGATGCAAGTAGTA_JIA_CD7_5,NK,NK,uce_l3_logreg_probe
CTGCTGTAGACAGACC_JIA_CD7_1,NK,NK,uce_l3_logreg_probe
GTGTTAGCAGGAACGT_JIA_CD7_5,NK,NK,uce_l3_logreg_probe
GCTGCTTGTTGATTGC_JIA_Total_17,ILC,ILC,uce_l3_logreg_probe
CTGTGCTGTTAAGTAG_JIA_CD7_5,NK,NK,uce_l3_logreg_probe
CCACCTAAGGGTGTGT_JIA_CD7_5,NK,NK,uce_l3_logreg_probe
AGAGCGAAGGGTCGAT_JIA_CD7_4,NK,NK,uce_l3_logreg_probe
GACGTGCAGTGCCAGA_JIA_CD7_4,NK,NK,uce_l3_logreg_probe
CTCGGGAAGGGTATCG_JIA_CD7_5,NK,NK,uce_l3_logreg_probe
TTAGTTCGTAGGGTAC_JIA_CD7_5,NK,NK,uce_l3_logreg_probe
AGAGCTTTCATCGCTC_JIA_CD7_3,NK,NK,uce_l3_logreg_probe
TCGGGACAGGGAACGG_JIA_CD7_2,NK,NK,uce_l3_logreg_probe
CATTATCTCACCGGGT_JIA_CD7_5,NK,NK,uce_l3_logreg_probe
CTGCCTACATTCCTGC_JIA_CD7_5,NK,NK,uce_l3_logreg_probe
CAGCATAGTCATGCCG_JIA_CD7_3,NK,NK,uce_l3_logreg_probe
TAAGAGAGTCCAGTGC_JIA_Total_25,NK,NK,uce_l3_logreg_probe
TCAATCTCACATGACT_JIA_CD7_3,NK,NK,uce_l3_logreg_probe
CCTAGCTTCTGCCAGG_JIA_CD7_2,NK,NK,uce_l3_logreg_probe
ACATACGGTAACGTTC_JIA_CD7_4,NK,NK,uce_l3_logreg_probe
GCAAACTTCGCCAGCA_JIA_CD7_4,NK,NK,uce_l3_logreg_probe
CTCTGGTAGGGTTTCT_JIA_CD7_4,NK,NK,uce_l3_logreg_probe
GCTCCTAAGACAAAGG_JIA_CD7_1,NK,NK,uce_l3_logreg_probe
ATTTCTGGTTGCGCAC_JIA_Total_26,NK,NK,uce_l3_logreg_probe
CACAGGCGTGCTAGCC_JIA_CD7_5,NK,NK,uce_l3_logreg_probe
CGGACTGCAGTCACTA_JIA_CD7_4,NK,NK,uce_l3_logreg_probe
ATCTACTAGTCCATAC_JIA_CD7_4,NK,ILC,uce_l3_logreg_probe
ATAGACCGTCTCCCTA_JIA_CD7_2,NK,NK,uce_l3_logreg_probe
GCTTGAAGTCCAGTGC_JIA_CD7_5,NK,NK,uce_l3_logreg_probe
TTAGGACAGGGTCGAT_JIA_CD7_4,NK,NK,uce_l3_logreg_probe
TGGCTGGTCATTGCGA_JIA_CD7_3,NK,ILC,uce_l3_logreg_probe
CGCCAAGCAGCCAATT_JIA_Total_25,NK,NK,uce_l3_logreg_probe
GGGCATCGTTTGGGCC_JIA_CD7_3,NK,NK,uce_l3_logreg_probe
CCGGTAGCAAGCGAGT_JIA_CD7_3,NK,NK,uce_l3_logreg_probe
CATGGCGGTTCGGGCT_JIA_Total_1,NK,NK,uce_l3_logreg_probe
GACGGCTTCCTCAACC_JIA_CD7_3,NK,NK,uce_l3_logreg_probe
TGGTTAGGTCGGATCC_JIA_CD7_3,ILC,ILC,uce_l3_logreg_probe
ATCTACTCACCCATTC_JIA_CD7_3,ILC,ILC,uce_l3_logreg_probe
CCACTACCAACTGCGC_JIA_Total_7,NK,NK,uce_l3_logreg_probe
TGTGTTTAGGCATTGG_JIA_Total_17,NK,NK,uce_l3_logreg_probe
CGGGTCATCCTCAATT_JIA_Total_1,NK,NK,uce_l3_logreg_probe
CATCCACAGCTAACAA_JIA_Total_23,NK,NK,uce_l3_logreg_probe
ACTGATGTCCAAACAC_JIA_Total_10,NK,NK,uce_l3_logreg_probe
AGAATAGAGTAATCCC_JIA_Total_25,NK,NK,uce_l3_logreg_probe
TGACTAGAGAAACGCC_JIA_Total_4,NK,NK,uce_l3_logreg_probe
CATGGCGTCGGCTTGG_JIA_Total_24,NK,NK,uce_l3_logreg_probe
ATCTGCCCACTTCGAA_JIA_CD7_5,NK,NK,uce_l3_logreg_probe
GACGTGCTCTTCATGT_JIA_CD7_2,NK,NK,uce_l3_logreg_probe
AGTGGGACACCCTATC_JIA_Total_17,NK,NK,uce_l3_logreg_probe
GATCGATTCTTGTACT_JIA_CD7_3,NK,NK,uce_l3_logreg_probe
GCATGATGTGCATCTA_JIA_CD7_5,NK,NK,uce_l3_logreg_probe
AACTGGTCAGGGTATG_JIA_CD7_4,NK,NK,uce_l3_logreg_probe
CCACGGAGTACGCACC_JIA_CD7_5,NK,NK,uce_l3_logreg_probe
TTTGTCATCATTGCGA_JIA_CD7_5,NK,NK,uce_l3_logreg_probe
ACGAGGACAGCTTCGG_JIA_CD7_2,ILC,ILC,uce_l3_logreg_probe
CATCGGGAGCTCCTTC_JIA_Total_17,NK,NK,uce_l3_logreg_probe
TTGACTTAGCCATCGC_JIA_CD7_5,NK,NK,uce_l3_logreg_probe
CAGCCGACAAGGTGTG_JIA_CD7_5,NK,NK,uce_l3_logreg_probe
TCACGAAGTTGTGGAG_JIA_CD7_5,ILC,ILC,uce_l3_logreg_probe
ACTATCTTCACGAAGG_JIA_CD7_5,NK,NK,uce_l3_logreg_probe
GGCTCGAAGGAGTTTA_JIA_CD7_1,NK,NK,uce_l3_logreg_probe
GGACAGAAGCTCCCAG_JIA_Total_24,ILC,ILC,uce_l3_logreg_probe
TTGAACGGTGGTCCGT_JIA_CD7_1,NK,NK,uce_l3_logreg_probe
CGTGTCTTCCTGTACC_JIA_CD7_5,ILC,ILC,uce_l3_logreg_probe
TTCTACATCAACGGCC_JIA_CD7_5,NK,NK,uce_l3_logreg_probe
GTAGGCCCAGACACTT_JIA_CD7_4,NK,NK,uce_l3_logreg_probe
TTTGCGCAGGATCGCA_JIA_CD7_5,ILC,ILC,uce_l3_logreg_probe
GGACATTTCGGCGGTT_JIA_Total_1,NK,NK,uce_l3_logreg_probe
AACACGTCAGTGGGAT_JIA_Total_20,NK,NK,uce_l3_logreg_probe
CACACAAGTTCATGGT_JIA_CD7_5,NK,NK,uce_l3_logreg_probe
CGCCAAGAGCAGGTCA_JIA_Total_16,NK,NK,uce_l3_logreg_probe
TGCACCTAGGAGTCTG_JIA_Total_1,NK,NK,uce_l3_logreg_probe
GTACTTTTCAGCTCGG_JIA_Total_5,NK,NK,uce_l3_logreg_probe
CTGCCTAAGAAACCAT_JIA_Total_1,NK,NK,uce_l3_logreg_probe
ATGGGAGAGCTCCTCT_JIA_CD7_4,NK,NK,uce_l3_logreg_probe
TACAGTGGTTATCACG_JIA_Total_20,NK,NK,uce_l3_logreg_probe
TACGGATCATACTACG_JIA_CD7_5,NK,NK,uce_l3_logreg_probe
CTAGTGACATGTAGTC_JIA_CD7_5,NK,NK,uce_l3_logreg_probe
CTAGTGATCCGTACAA_JIA_CD7_2,NK,NK,uce_l3_logreg_probe
TGACAACGTTATTCTC_JIA_CD7_5,NK,NK,uce_l3_logreg_probe
AACTTTCAGTTCGATC_JIA_CD7_5,NK,NK,uce_l3_logreg_probe
CTGTGCTCAATGACCT_JIA_Total_13,NK,NK,uce_l3_logreg_probe
GTACGTATCTTAGCCC_JIA_CD7_5,NK,NK,uce_l3_logreg_probe
GATCAGTTCCCAAGAT_JIA_CD7_1,ILC,ILC,uce_l3_logreg_probe
TACGGTAAGGGAAACA_JIA_CD7_1,NK,NK,uce_l3_logreg_probe
GCATGCGGTCTCTTTA_JIA_CD7_4,NK,NK,uce_l3_logreg_probe
TTGACTTGTCCGAGTC_JIA_CD7_4,NK,NK,uce_l3_logreg_probe
TTAGTTCCACACTGCG_JIA_CD7_5,NK,NK,uce_l3_logreg_probe
GCGAGAAAGTACCGGA_JIA_CD7_1,NK,NK,uce_l3_logreg_probe
AGCTTGATCCGCATAA_JIA_Total_10,NK,ILC,uce_l3_logreg_probe
AACTTTCAGCGTTTAC_JIA_Total_19,NK,NK,uce_l3_logreg_probe
ATGCCTCCATACCGTA_JIA_DC_1,NK,NK,uce_l3_logreg_probe
TTTCCTCTCCGAATGT_JIA_CD7_4,NK,NK,uce_l3_logreg_probe
AAGGTTCCAAGCGCTC_JIA_CD7_3,NK,NK,uce_l3_logreg_probe
AGGGTGACAGCCTATA_JIA_CD7_4,NK,NK,uce_l3_logreg_probe
ATGCGATTCAGGCCCA_JIA_CD7_4,NK,NK,uce_l3_logreg_probe
CATGGCGCAGTACACT_JIA_Total_1,NK,NK,uce_l3_logreg_probe
TGAAAGATCTAACTGG_JIA_Total_25,NK,NK,uce_l3_logreg_probe
TTAACTCCAATTCCTT_JIA_Total_2,NK,NK,uce_l3_logreg_probe
AACGTTGGTTCGGCAC_JIA_CD7_3,NK,NK,uce_l3_logreg_probe
TTCTCCTTCAACACTG_JIA_Total_4,NK,NK,uce_l3_logreg_probe
ACGAGGATCACCGTAA_JIA_CD7_4,NK,NK,uce_l3_logreg_probe
GTGCTTCAGATCTGAA_JIA_CD7_2,ILC,ILC,uce_l3_logreg_probe
AACTCAGTCTTACCTA_JIA_CD7_2,NK,NK,uce_l3_logreg_probe
ATGAGGGCACACGCTG_JIA_CD7_2,NK,NK,uce_l3_logreg_probe
GATCGATCAAACTGCT_JIA_CD7_1,NK,NK,uce_l3_logreg_probe
TTCTAGTAGGCAGGGA_JIA_DC_1,NK,NK,uce_l3_logreg_probe
CCATGTCGTAGCGATG_JIA_CD7_5,NK,NK,uce_l3_logreg_probe
AGTTGGTGTTGGAGGT_JIA_CD7_4,NK,NK,uce_l3_logreg_probe
GGACATTCACAAGACG_JIA_CD7_3,NK,NK,uce_l3_logreg_probe
TGCCAAAAGGGCACTA_JIA_CD7_5,NK,NK,uce_l3_logreg_probe
TGCCCTAAGATTACCC_JIA_CD7_4,NK,NK,uce_l3_logreg_probe
TGTATTCGTCTAAACC_JIA_Total_11,NK,NK,uce_l3_logreg_probe
AGCGTCGCATCACGTA_JIA_CD7_3,ILC,ILC,uce_l3_logreg_probe
CATATGGTCGGGAGTA_JIA_CD7_4,ILC,ILC,uce_l3_logreg_probe
ATAGACCCACGCGAAA_JIA_CD7_4,NK,NK,uce_l3_logreg_probe
GCATCTCAGCCTCAGC_JIA_DC_1,NK,NK,uce_l3_logreg_probe
TCACGAATCGAGCCCA_JIA_CD7_4,NK,NK,uce_l3_logreg_probe
CGATTGATCGCAAGCC_JIA_CD7_4,NK,NK,uce_l3_logreg_probe
CAGCAGCGTAGGCTGA_JIA_CD7_4,NK,NK,uce_l3_logreg_probe
CTAATGGAGGCATTGG_JIA_CD7_5,NK,NK,uce_l3_logreg_probe
ATAGACCTCTGTCAAG_JIA_CD7_2,NK,NK,uce_l3_logreg_probe
ATCATCTGTTGATTCG_JIA_CD7_4,NK,NK,uce_l3_logreg_probe
GAGTCCGTCATCACCC_JIA_CD7_5,ILC,ILC,uce_l3_logreg_probe
CTGTTTACACACGCTG_JIA_CD7_5,NK,NK,uce_l3_logreg_probe
CGGTTAACATGCTAGT_JIA_CD7_5,NK,NK,uce_l3_logreg_probe
ATGAGGGGTAAACCTC_JIA_CD7_5,NK,NK,uce_l3_logreg_probe
CATCGAATCCATGAAC_JIA_CD7_5,NK,NK,uce_l3_logreg_probe
GCAGCCACATGCCACG_JIA_Total_13,NK,NK,uce_l3_logreg_probe
AAGGTTCGTGCAACTT_JIA_CD7_5,NK,NK,uce_l3_logreg_probe
CTACGTCTCCGCTGTT_JIA_CD7_5,NK,NK,uce_l3_logreg_probe
ACATCAGTCGCGTTTC_JIA_CD7_5,NK,NK,uce_l3_logreg_probe
TGGGAAGGTCCGTTAA_JIA_CD7_1,NK,NK,uce_l3_logreg_probe
TACCTATTCGACGGAA_JIA_Total_1,NK,NK,uce_l3_logreg_probe
GCACTCTCACGAGGTA_JIA_CD7_4,NK,NK,uce_l3_logreg_probe
TAGTGGTGTTGGTAAA_JIA_Total_24,NK,NK,uce_l3_logreg_probe
GGGACCTTCTTACCGC_JIA_CD7_3,NK,NK,uce_l3_logreg_probe
GGGACAAGTCGTACAT_JIA_DC_2,NK,NK,uce_l3_logreg_probe
ACTATCTTCTCAAGTG_JIA_Total_20,NK,NK,uce_l3_logreg_probe
ACATCAGTCCCTAATT_JIA_CD7_2,NK,NK,uce_l3_logreg_probe
TGCACCTAGGTGCACA_JIA_Total_23,NK,NK,uce_l3_logreg_probe
GCGCCAATCCTCTAGC_JIA_CD7_2,NK,NK,uce_l3_logreg_probe
TATCTCAGTCCGACGT_JIA_CD7_2,NK,NK,uce_l3_logreg_probe
CGTAGGCGTCAAAGCG_JIA_Total_26,ILC,ILC,uce_l3_logreg_probe
GTGCGGTAGCCCAGCT_JIA_CD7_5,NK,NK,uce_l3_logreg_probe
ATCATGGGTTCATGGT_JIA_Total_10,NK,NK,uce_l3_logreg_probe
CGTCCATGTCTAGGTT_JIA_CD7_5,NK,NK,uce_l3_logreg_probe
TGAGCCGCACAGCCCA_JIA_CD7_2,NK,NK,uce_l3_logreg_probe
AACTTTCGTTACGCGC_JIA_CD7_4,NK,NK,uce_l3_logreg_probe
AAGTCTGAGGACTGGT_JIA_CD7_3,NK,NK,uce_l3_logreg_probe
GTAGTCAGTATTCGTG_JIA_CD7_5,NK,NK,uce_l3_logreg_probe
CTAGAGTAGTACGCGA_JIA_CD7_4,NK,NK,uce_l3_logreg_probe
GATCAGTGTTCGCGAC_JIA_CD7_3,NK,NK,uce_l3_logreg_probe
CTCCTAGCAGCAGTTT_JIA_CD7_1,NK,NK,uce_l3_logreg_probe
GTCGGGTGTGTCCTCT_JIA_CD7_3,NK,NK,uce_l3_logreg_probe
ATCTACTGTAAATGTG_JIA_CD7_5,NK,NK,uce_l3_logreg_probe
GGCTGGTAGCAGGCTA_JIA_CD7_1,NK,NK,uce_l3_logreg_probe
GGGCACTTCCTCGCAT_JIA_CD7_5,NK,NK,uce_l3_logreg_probe
TGGTTCCTCCGCTGTT_JIA_CD7_4,NK,NK,uce_l3_logreg_probe
CAACTAGCACTTCGAA_JIA_CD7_2,NK,NK,uce_l3_logreg_probe
GAATGAACATAGGATA_JIA_CD7_2,ILC,ILC,uce_l3_logreg_probe
ACAGCTAGTGAGTATA_JIA_Total_16,NK,NK,uce_l3_logreg_probe
GGATGTTCATATACGC_JIA_CD7_5,NK,NK,uce_l3_logreg_probe
CGTTGGGTCATTGCGA_JIA_CD7_3,NK,NK,uce_l3_logreg_probe
TGGACGCCAGAGTGTG_JIA_CD7_2,NK,NK,uce_l3_logreg_probe
CGTGTAACACATGGGA_JIA_CD7_4,NK,NK,uce_l3_logreg_probe
AGCTTGACATGACGGA_JIA_CD7_4,NK,NK,uce_l3_logreg_probe
CTACCCATCCAAGTAC_JIA_CD7_4,NK,NK,uce_l3_logreg_probe
GGCCGATCAGCGTAAG_JIA_CD7_5,NK,NK,uce_l3_logreg_probe
GGTGCGTTCGTGGGAA_JIA_CD7_1,NK,NK,uce_l3_logreg_probe
TGCTGCTAGCACGCCT_JIA_CD7_3,NK,NK,uce_l3_logreg_probe
ATGGGAGTCACTATTC_JIA_CD7_5,NK,NK,uce_l3_logreg_probe
GCTCTGTTCGCTGATA_JIA_CD7_1,NK,NK,uce_l3_logreg_probe
ACGAGCCTCGTCACGG_JIA_CD7_2,ILC,ILC,uce_l3_logreg_probe
TCGCGTTGTACTCAAC_JIA_CD7_2,NK,NK,uce_l3_logreg_probe
GTCTCGTAGTAATCCC_JIA_Total_20,NK,NK,uce_l3_logreg_probe
ATTGGTGCAACTGCGC_JIA_CD7_4,NK,NK,uce_l3_logreg_probe
AGCGTCGCACTCTGTC_JIA_Total_25,NK,NK,uce_l3_logreg_probe
TCGAGGCCAATAAGCA_JIA_CD7_2,NK,NK,uce_l3_logreg_probe
TCACAAGTCATCACCC_JIA_CD7_5,ILC,ILC,uce_l3_logreg_probe
TTCTCAACATGGGACA_JIA_CD7_4,NK,NK,uce_l3_logreg_probe
CTCATTAAGTTTGCGT_JIA_CD7_5,NK,NK,uce_l3_logreg_probe
CGAGCCAAGTGCTGCC_JIA_CD7_5,NK,NK,uce_l3_logreg_probe
ACGGAGAGTATAGGTA_JIA_CD7_2,NK,NK,uce_l3_logreg_probe
GCAAACTAGCCAGAAC_JIA_CD7_2,NK,NK,uce_l3_logreg_probe
GTCAAGTTCCAGAGGA_JIA_CD7_5,NK,NK,uce_l3_logreg_probe
CATCAGAAGCTCCTTC_JIA_CD7_4,NK,NK,uce_l3_logreg_probe
CGCGGTACAGTATCTG_JIA_CD7_2,NK,NK,uce_l3_logreg_probe
TTAGGCAGTGTGACCC_JIA_Total_5,NK,NK,uce_l3_logreg_probe
GGCCGATAGTGTCCCG_JIA_Total_2,NK,NK,uce_l3_logreg_probe
GCTTCCATCAACCATG_JIA_CD7_2,ILC,ILC,uce_l3_logreg_probe
AAGGAGCTCAAAGTAG_JIA_Total_14,NK,NK,uce_l3_logreg_probe
CTTGGCTGTTCGCTAA_JIA_Total_10,NK,NK,uce_l3_logreg_probe
TGAGAGGAGCGTAATA_JIA_CD7_2,ILC,ILC,uce_l3_logreg_probe
CATGCCTCAGTCAGAG_JIA_CD7_2,NK,NK,uce_l3_logreg_probe
ACTGAACTCGCCAGCA_JIA_CD7_4,NK,NK,uce_l3_logreg_probe
ACACCAACATCGTGGC_JIA_CD45_1,NK,NK,uce_l3_logreg_probe
CTACGTCAGGGAAACA_JIA_Total_4,NK,NK,uce_l3_logreg_probe
AAGCGTTTCCGTAGGC_JIA_DC_1,NK,NK,uce_l3_logreg_probe
ACGCCGAGTTTGTTTC_JIA_Total_20,NK,NK,uce_l3_logreg_probe
AGGCCACTCGCTGATA_JIA_CD7_3,NK,NK,uce_l3_logreg_probe
ATAACGCTCAGAAATG_JIA_CD7_2,NK,NK,uce_l3_logreg_probe
ACATACGTCGCAAACT_JIA_CD7_5,NK,NK,uce_l3_logreg_probe
CTTGGCTCAAGTTGTC_JIA_CD7_2,NK,NK,uce_l3_logreg_probe
TGTGTTTAGATCCGAG_JIA_CD7_2,ILC,ILC,uce_l3_logreg_probe
CAGCAGCGTAGTACCT_JIA_CD7_4,NK,NK,uce_l3_logreg_probe
CCGGTAGCACGAAGCA_JIA_CD7_2,NK,NK,uce_l3_logreg_probe
ACGTCAAGTTATCCGA_JIA_CD7_2,NK,ILC,uce_l3_logreg_probe
AGGCCACCAGAGTGTG_JIA_Total_25,NK,NK,uce_l3_logreg_probe
CGTTAGAAGGGCTTGA_JIA_CD7_5,NK,NK,uce_l3_logreg_probe
GTGTTAGCAACACCTA_JIA_CD7_5,NK,NK,uce_l3_logreg_probe
GTTACAGTCACGACTA_JIA_Total_24,NK,NK,uce_l3_logreg_probe
TCAGGTAGTATAGGTA_JIA_CD7_2,NK,NK,uce_l3_logreg_probe
CGACTTCGTTGGAGGT_JIA_CD7_3,NK,NK,uce_l3_logreg_probe
AGTGTCAGTTCGTCTC_JIA_CD7_1,NK,NK,uce_l3_logreg_probe
AAGGTTCCACCTGGTG_JIA_CD7_5,NK,NK,uce_l3_logreg_probe
GGACGTCCATCACGTA_JIA_CD7_2,NK,NK,uce_l3_logreg_probe
AAGCCGCCAGCCAATT_JIA_Total_5,NK,NK,uce_l3_logreg_probe
TTCTTAGGTCATCCCT_JIA_CD7_5,NK,NK,uce_l3_logreg_probe
TGAGCATGTCGGCATC_JIA_CD7_2,NK,NK,uce_l3_logreg_probe
ACGGCCAGTTCCAACA_JIA_CD7_4,NK,NK,uce_l3_logreg_probe
GAGTCCGCACAGTCGC_JIA_CD7_1,NK,NK,uce_l3_logreg_probe
GTGTCCTAGCTAATGA_JIA_DC_1,NK,NK,uce_l3_logreg_probe
GAACCTATCCGTCAAA_JIA_CD7_5,NK,NK,uce_l3_logreg_probe
AACAGGGTCGTGAGAG_JIA_CD45_1,NK,NK,uce_l3_logreg_probe
GGGATGAAGGAGCGTT_JIA_CD7_4,NK,NK,uce_l3_logreg_probe
AGTGTCAAGCTGAAAT_JIA_CD7_5,NK,NK,uce_l3_logreg_probe
TCAATCTTCAGGATCT_JIA_Total_1,NK,NK,uce_l3_logreg_probe
TTGGAACGTAGCGCTC_JIA_CD7_3,ILC,ILC,uce_l3_logreg_probe
CGGACTGTCTCTAGGA_JIA_Total_20,NK,NK,uce_l3_logreg_probe
TTCGAAGCACACAGAG_JIA_CD7_5,NK,NK,uce_l3_logreg_probe
CGAGCCAGTGCACTTA_JIA_CD7_5,ILC,NK,uce_l3_logreg_probe
TGCGGGTTCTGACCTC_JIA_CD7_1,NK,NK,uce_l3_logreg_probe
TGACTAGTCTGAAAGA_JIA_CD7_5,NK,NK,uce_l3_logreg_probe
TACGGGCGTCGCATCG_JIA_Total_14,NK,NK,uce_l3_logreg_probe
TTCTACAGTGCAGGTA_JIA_Total_19,NK,NK,uce_l3_logreg_probe
GATGAAAGTTCGGCAC_JIA_CD7_4,NK,ILC,uce_l3_logreg_probe
TTTGCGCCAAGAAAGG_JIA_CD7_5,NK,NK,uce_l3_logreg_probe
TTAGGCACAATCTGCA_JIA_CD7_5,NK,NK,uce_l3_logreg_probe
CAGAATCTCCGTAGTA_JIA_CD7_3,NK,NK,uce_l3_logreg_probe
CCTACCAAGGCTCAGA_JIA_CD7_5,NK,NK,uce_l3_logreg_probe
AAGGTTCAGGAGTACC_JIA_CD7_3,NK,NK,uce_l3_logreg_probe
CCCAGTTGTAATTGGA_JIA_CD7_4,NK,NK,uce_l3_logreg_probe
GTGTGCGTCGAATCCA_JIA_Total_19,NK,NK,uce_l3_logreg_probe
CAGATCACACCGAATT_JIA_CD7_2,NK,NK,uce_l3_logreg_probe
AACCATGGTTCGGCAC_JIA_CD7_4,ILC,ILC,uce_l3_logreg_probe
CGCCAAGGTGTGCGTC_JIA_Total_20,ILC,ILC,uce_l3_logreg_probe
CCGTTCAAGCGATGAC_JIA_CD7_4,NK,NK,uce_l3_logreg_probe
AGTGAGGCATTCGACA_JIA_CD7_4,ILC,ILC,uce_l3_logreg_probe
TGGTTAGGTAGTACCT_JIA_CD7_3,NK,NK,uce_l3_logreg_probe
TTGGCAAGTACAAGTA_JIA_CD7_2,ILC,ILC,uce_l3_logreg_probe
CGGAGTCCACAACGTT_JIA_CD7_4,ILC,ILC,uce_l3_logreg_probe
GATGCTATCGCGTTTC_JIA_CD7_5,NK,NK,uce_l3_logreg_probe
CAGGGCTCAGCTCGGT_JIA_DC_2,NK,NK,uce_l3_logreg_probe
CAAGTTGGTTACGTCA_JIA_Total_7,ILC,ILC,uce_l3_logreg_probe
CTGAAGTGTTCCAACA_JIA_CD7_2,NK,NK,uce_l3_logreg_probe
GTCTTCGCAGTGAGTG_JIA_CD7_4,NK,NK,uce_l3_logreg_probe
CTAATGGGTATGAATG_JIA_CD7_4,NK,NK,uce_l3_logreg_probe
CTCGAAACAGCTGTGC_JIA_CD7_2,NK,NK,uce_l3_logreg_probe
CAGGTGCCATCGGAAG_JIA_CD7_3,ILC,ILC,uce_l3_logreg_probe
GGGATGAGTGCATCTA_JIA_CD7_4,NK,NK,uce_l3_logreg_probe
GACACGCTCAGTTGAC_JIA_CD7_4,NK,NK,uce_l3_logreg_probe
CACACTCTCGATGAGG_JIA_Total_1,NK,NK,uce_l3_logreg_probe
TTTGGTTGTTCCAACA_JIA_CD7_2,NK,NK,uce_l3_logreg_probe
GTAGTCATCATATCGG_JIA_CD7_3,NK,NK,uce_l3_logreg_probe
GGGACCTTCTATCCTA_JIA_Total_24,NK,NK,uce_l3_logreg_probe
CGTGTCTTCCACGAAT_JIA_Total_24,NK,NK,uce_l3_logreg_probe
AGAGCTTAGCTGTTCA_JIA_CD7_3,NK,NK,uce_l3_logreg_probe
CTGATAGCAAGCCGCT_JIA_Total_2,NK,NK,uce_l3_logreg_probe
GTGCATATCTGAGGGA_JIA_CD7_5,NK,NK,uce_l3_logreg_probe
CGAATGTAGAGAGCTC_JIA_CD7_5,NK,NK,uce_l3_logreg_probe
AGAGTGGAGTAGCGGT_JIA_CD7_2,NK,NK,uce_l3_logreg_probe
CCACCTAGTCTGCAAT_JIA_CD7_5,NK,NK,uce_l3_logreg_probe
GGTGTTACACTACAGT_JIA_CD7_4,ILC,ILC,uce_l3_logreg_probe
ACGATGTCACGTTGGC_JIA_CD7_1,NK,NK,uce_l3_logreg_probe
TATCAGGCAGTCTTCC_JIA_CD7_1,NK,NK,uce_l3_logreg_probe
AGGTCATCATCACCCT_JIA_Total_14,NK,NK,uce_l3_logreg_probe
TCTTCGGGTGTCCTCT_JIA_CD7_4,NK,NK,uce_l3_logreg_probe
TTCCCAGCAAGCCATT_JIA_CD7_3,NK,NK,uce_l3_logreg_probe
TGCCAAATCCTAGGGC_JIA_Total_5,NK,NK,uce_l3_logreg_probe
GGAAAGCAGAGACGAA_JIA_Total_1,NK,NK,uce_l3_logreg_probe
GTGCATATCTTAGCCC_JIA_Total_23,NK,NK,uce_l3_logreg_probe
GCGCCAACAATGTAAG_JIA_CD7_5,NK,NK,uce_l3_logreg_probe
GAACATCGTGGACGAT_JIA_CD7_3,NK,NK,uce_l3_logreg_probe
CGTTCTGAGTGTCCCG_JIA_CD7_4,NK,NK,uce_l3_logreg_probe
ACTATCTCATACCATG_JIA_CD7_1,NK,NK,uce_l3_logreg_probe
CTGCTGTCAAACGCGA_JIA_Total_24,ILC,ILC,uce_l3_logreg_probe
GCAAACTAGTCAAGCG_JIA_Total_1,NK,NK,uce_l3_logreg_probe
CAGTAACCACCGGAAA_JIA_CD7_1,NK,NK,uce_l3_logreg_probe
CAGAATCGTGTCAATC_JIA_CD7_1,NK,NK,uce_l3_logreg_probe
CGTTGGGGTCTCTCTG_JIA_CD7_5,NK,NK,uce_l3_logreg_probe
GAAATGAAGTGTGAAT_JIA_CD7_1,NK,NK,uce_l3_logreg_probe
TCAGCTCAGAGGGATA_JIA_CD7_3,NK,NK,uce_l3_logreg_probe
AGCGTATCACACATGT_JIA_CD7_5,ILC,ILC,uce_l3_logreg_probe
TGTGGTAGTCAGAAGC_JIA_CD7_4,NK,NK,uce_l3_logreg_probe
GTTCATTCACGGTAGA_JIA_CD7_5,NK,ILC,uce_l3_logreg_probe
CCACTTGGTCGTATGT_JIA_DC_1,NK,NK,uce_l3_logreg_probe
AGCAGCCAGGTAGCTG_JIA_Total_1,NK,NK,uce_l3_logreg_probe
GCGCAGTAGTACGTAA_JIA_Total_2,NK,NK,uce_l3_logreg_probe
GGAGCAACATTCTCAT_JIA_CD7_3,NK,NK,uce_l3_logreg_probe
AAGACCTCATAAAGGT_JIA_Total_24,NK,NK,uce_l3_logreg_probe
GAGGTGAGTCCTCTTG_JIA_CD7_4,NK,NK,uce_l3_logreg_probe
CGTCTACAGGGATACC_JIA_Total_19,NK,NK,uce_l3_logreg_probe
GTGCAGCGTCCGAACC_JIA_CD7_3,ILC,ILC,uce_l3_logreg_probe
GTCCTCATCCTCAATT_JIA_CD7_4,NK,NK,uce_l3_logreg_probe
CGGACTGAGCAATATG_JIA_CD7_4,NK,ILC,uce_l3_logreg_probe
ACTGAACTCTGCTGTC_JIA_CD7_2,NK,NK,uce_l3_logreg_probe
GACGCGTGTCCAACTA_JIA_CD7_3,NK,NK,uce_l3_logreg_probe
GTCTCGTGTCGTCTTC_JIA_CD7_5,NK,NK,uce_l3_logreg_probe
GGACATTGTACGCACC_JIA_CD7_5,NK,NK,uce_l3_logreg_probe
CACACTCAGGATATAC_JIA_Total_16,NK,NK,uce_l3_logreg_probe
CATATGGTCGCACTCT_JIA_CD7_1,NK,NK,uce_l3_logreg_probe
ATCCACCGTCCAGTGC_JIA_CD7_5,NK,NK,uce_l3_logreg_probe
TTGAACGTCTACTCAT_JIA_CD7_5,NK,NK,uce_l3_logreg_probe
AGAGCTTTCCTCATTA_JIA_CD7_2,NK,NK,uce_l3_logreg_probe
GGTATTGGTTTCGCTC_JIA_CD7_1,NK,NK,uce_l3_logreg_probe
CTCGGAGCAATTCCTT_JIA_CD7_4,NK,NK,uce_l3_logreg_probe
CGTGTAATCGCTTAGA_JIA_Total_1,NK,NK,uce_l3_logreg_probe
GTCAAGTTCGGATGGA_JIA_CD7_5,NK,NK,uce_l3_logreg_probe
CTCTGGTGTTTAGCTG_JIA_CD7_3,NK,NK,uce_l3_logreg_probe
GGGAGATCAGTATGCT_JIA_CD7_2,NK,NK,uce_l3_logreg_probe
GTCCTCAGTCTCTTAT_JIA_CD7_2,NK,NK,uce_l3_logreg_probe
CATCCACGTAAACCTC_JIA_CD7_4,NK,NK,uce_l3_logreg_probe
TTTATGCTCTCGCTTG_JIA_CD7_4,NK,NK,uce_l3_logreg_probe
CCTCAGTAGGCGTACA_JIA_Total_1,NK,NK,uce_l3_logreg_probe
TGAGCATCATATACCG_JIA_CD7_4,NK,NK,uce_l3_logreg_probe
GCATGCGGTTCGCTAA_JIA_CD7_4,NK,NK,uce_l3_logreg_probe
CCTTCCCTCTTGTTTG_JIA_Total_4,NK,NK,uce_l3_logreg_probe
CTGAAACAGCACAGGT_JIA_CD7_3,NK,NK,uce_l3_logreg_probe
CGTCTACCACATTTCT_JIA_CD7_3,NK,NK,uce_l3_logreg_probe
AGCAGCCCACCAGGCT_JIA_CD7_2,NK,NK,uce_l3_logreg_probe
GATCGCGGTAGGACAC_JIA_CD7_1,NK,NK,uce_l3_logreg_probe
CTAACTTTCAGTCCCT_JIA_Total_19,NK,NK,uce_l3_logreg_probe
TAGACCACACTGCCAG_JIA_CD7_2,ILC,ILC,uce_l3_logreg_probe
AACTGGTGTACAAGTA_JIA_CD7_5,NK,NK,uce_l3_logreg_probe
AACTCAGGTCTTCTCG_JIA_CD7_1,NK,NK,uce_l3_logreg_probe
GTAGTCAAGGGAACGG_JIA_CD7_5,NK,ILC,uce_l3_logreg_probe
CGGAGTCCACGCATCG_JIA_CD7_2,NK,NK,uce_l3_logreg_probe
ACCGTAAAGATCTGCT_JIA_CD7_3,ILC,ILC,uce_l3_logreg_probe
CGTCACTCACGTCTCT_JIA_CD7_5,NK,NK,uce_l3_logreg_probe
ACATCAGTCAGTTCGA_JIA_CD7_3,NK,ILC,uce_l3_logreg_probe
AAGACCTTCCTAGTGA_JIA_CD7_4,NK,NK,uce_l3_logreg_probe
GCACTCTCAATCACAC_JIA_Total_24,NK,NK,uce_l3_logreg_probe
GACAGAGTCATGCAAC_JIA_CD7_1,NK,NK,uce_l3_logreg_probe
GCGCAGTGTAGTAGTA_JIA_Total_26,NK,NK,uce_l3_logreg_probe
GAATGAAGTTTAGCTG_JIA_CD7_5,NK,NK,uce_l3_logreg_probe
CGATGTAAGTGTCCCG_JIA_CD7_1,NK,NK,uce_l3_logreg_probe
GACGTGCCAGATCCAT_JIA_CD7_5,NK,NK,uce_l3_logreg_probe
CGGACTGCAATCCGAT_JIA_CD7_2,NK,NK,uce_l3_logreg_probe
TGGGAAGGTATGAATG_JIA_CD7_3,NK,NK,uce_l3_logreg_probe
CACATAGGTATGCTTG_JIA_CD7_2,ILC,ILC,uce_l3_logreg_probe
GGCAATTTCGCTAGCG_JIA_CD7_4,NK,NK,uce_l3_logreg_probe
GTAACTGAGCAGACTG_JIA_CD7_5,NK,NK,uce_l3_logreg_probe
CACAAACAGCTTATCG_JIA_Total_13,NK,NK,uce_l3_logreg_probe
ACGGCCAAGATCCGAG_JIA_CD7_3,NK,NK,uce_l3_logreg_probe
CTGCGGACAATGAAAC_JIA_CD7_2,NK,NK,uce_l3_logreg_probe
TCGAGGCGTGCTAGCC_JIA_CD7_5,NK,NK,uce_l3_logreg_probe
GACCTGGCAGAAGCAC_JIA_Total_24,ILC,NK,uce_l3_logreg_probe
CCTACACTCAAGAAGT_JIA_CD7_4,NK,NK,uce_l3_logreg_probe
TGCGGGTCAGAGTGTG_JIA_CD7_4,ILC,ILC,uce_l3_logreg_probe
CCTTCCCAGATGGCGT_JIA_CD7_4,NK,NK,uce_l3_logreg_probe
TCATTACCATAAAGGT_JIA_CD7_2,NK,NK,uce_l3_logreg_probe
TATCAGGCAGCTGTAT_JIA_CD7_3,NK,NK,uce_l3_logreg_probe
ACGCAGCTCATGTCCC_JIA_CD7_5,NK,NK,uce_l3_logreg_probe
CTAATGGAGACCTTTG_JIA_CD7_5,NK,NK,uce_l3_logreg_probe
CGAGCCATCACTATTC_JIA_CD7_5,NK,NK,uce_l3_logreg_probe
TGAAAGATCACCGGGT_JIA_CD7_2,NK,NK,uce_l3_logreg_probe
AGTGAGGGTTTGTTTC_JIA_CD7_1,NK,NK,uce_l3_logreg_probe
GGCAATTAGATGAGAG_JIA_CD7_4,ILC,ILC,uce_l3_logreg_probe
TGATTTCAGTAGTGCG_JIA_CD7_5,NK,NK,uce_l3_logreg_probe
TAAACCGCATAGGATA_JIA_Total_7,NK,NK,uce_l3_logreg_probe
TGAGCATCATGTTGAC_JIA_Total_5,NK,NK,uce_l3_logreg_probe
CCGGTAGTCGGCCGAT_JIA_CD7_5,NK,NK,uce_l3_logreg_probe
CTCGGGACATTGGTAC_JIA_CD7_4,NK,NK,uce_l3_logreg_probe
CATGCCTTCAAACCAC_JIA_CD7_3,NK,NK,uce_l3_logreg_probe
AGTAGTCAGGGCACTA_JIA_CD7_3,ILC,ILC,uce_l3_logreg_probe
TCAGCTCGTATAGGTA_JIA_CD7_4,NK,NK,uce_l3_logreg_probe
CAGGTGCTCCCTTGTG_JIA_CD7_5,NK,NK,uce_l3_logreg_probe
AAAGATGAGGCTAGAC_JIA_Total_19,NK,NK,uce_l3_logreg_probe
GAAACTCGTGACTCAT_JIA_CD7_3,NK,NK,uce_l3_logreg_probe
TGAGAGGGTCTAGCGC_JIA_CD7_1,NK,NK,uce_l3_logreg_probe
ATCCGAATCCGGGTGT_JIA_CD7_4,NK,NK,uce_l3_logreg_probe
ACTTGTTAGTACGACG_JIA_CD7_3,NK,NK,uce_l3_logreg_probe
GCGCAGTAGTGCCATT_JIA_Total_24,NK,NK,uce_l3_logreg_probe
GATCGATCAACGCACC_JIA_CD7_5,NK,NK,uce_l3_logreg_probe
CGATGGCAGTATTGGA_JIA_Total_19,NK,NK,uce_l3_logreg_probe
CGTAGGCGTGCACTTA_JIA_CD7_4,ILC,ILC,uce_l3_logreg_probe
GCGCAGTCACTTAACG_JIA_CD7_5,NK,NK,uce_l3_logreg_probe
GTCTTCGAGGCCCTTG_JIA_CD7_2,NK,NK,uce_l3_logreg_probe
CTACGTCAGGATGGTC_JIA_CD7_5,ILC,ILC,uce_l3_logreg_probe
GGCTGGTAGAGCTATA_JIA_CD7_4,NK,NK,uce_l3_logreg_probe
GCATGATTCTGGTATG_JIA_CD7_5,NK,NK,uce_l3_logreg_probe
GCTGCTTAGCGATTCT_JIA_CD7_5,NK,NK,uce_l3_logreg_probe
ACTGATGTCGAATCCA_JIA_CD7_5,NK,NK,uce_l3_logreg_probe
TGACTTTTCTACTCAT_JIA_CD7_3,NK,NK,uce_l3_logreg_probe
TCAGGATGTTGGTAAA_JIA_CD7_4,NK,NK,uce_l3_logreg_probe
CACATTTCATAGTAAG_JIA_CD7_5,ILC,ILC,uce_l3_logreg_probe
CCTACACAGTCTTGCA_JIA_CD7_3,NK,NK,uce_l3_logreg_probe
CAAGATCAGGCAGGTT_JIA_Total_25,NK,NK,uce_l3_logreg_probe
AGAATAGAGGCCCGTT_JIA_CD7_1,NK,NK,uce_l3_logreg_probe
GATGCTAGTGACTCAT_JIA_Total_7,NK,NK,uce_l3_logreg_probe
GTGGAAGCAGCTGGTC_JIA_DC_2,NK,NK,uce_l3_logreg_probe
AGGTCCGTCCAAGCCG_JIA_Total_24,NK,ILC,uce_l3_logreg_probe
CCTTCGACACTTCTGC_JIA_CD7_3,NK,NK,uce_l3_logreg_probe
AGGGAGTCACGTTGGC_JIA_CD7_4,NK,NK,uce_l3_logreg_probe
CGTCCATCACATTCGA_JIA_CD7_1,NK,NK,uce_l3_logreg_probe
CTCGGGATCTGCAGTA_JIA_CD7_5,NK,NK,uce_l3_logreg_probe
CGATGGCTCCGTAGTA_JIA_CD7_2,NK,NK,uce_l3_logreg_probe
CGAACATGTCGGATCC_JIA_Total_20,NK,NK,uce_l3_logreg_probe
GGACATTGTAGCTAAA_JIA_Total_4,NK,NK,uce_l3_logreg_probe
GCCAAATAGTGTGAAT_JIA_Total_20,NK,NK,uce_l3_logreg_probe
GTGCAGCAGACGCACA_JIA_CD7_4,NK,NK,uce_l3_logreg_probe
TCGCGAGTCAGAAATG_JIA_CD7_5,NK,NK,uce_l3_logreg_probe
CGAGAAGAGCCAGAAC_JIA_CD7_5,NK,NK,uce_l3_logreg_probe
GGGCACTGTTCCAACA_JIA_CD7_3,ILC,ILC,uce_l3_logreg_probe
GGGCATCCACGCGAAA_JIA_CD7_5,ILC,ILC,uce_l3_logreg_probe
GCGCCAAAGAATTCCC_JIA_Total_14,NK,NK,uce_l3_logreg_probe
CATTATCAGATCTGCT_JIA_CD7_4,NK,NK,uce_l3_logreg_probe
TTCTTAGAGGCCCGTT_JIA_CD7_5,NK,NK,uce_l3_logreg_probe
TTTACTGCACCATCCT_JIA_Total_2,NK,NK,uce_l3_logreg_probe
CCTTCGATCTGATACG_JIA_CD7_3,NK,NK,uce_l3_logreg_probe
CTGATAGTCCAAGTAC_JIA_Total_23,NK,NK,uce_l3_logreg_probe
ATGCGATTCACTTATC_JIA_CD7_3,NK,NK,uce_l3_logreg_probe
GTTACAGTCGCAAACT_JIA_Total_17,ILC,ILC,uce_l3_logreg_probe
CACACCTTCACATACG_JIA_CD7_4,NK,NK,uce_l3_logreg_probe
CCAGCGAAGCCCGAAA_JIA_CD7_3,NK,NK,uce_l3_logreg_probe
CGAGCCAAGGAGTAGA_JIA_CD7_4,NK,NK,uce_l3_logreg_probe
GACACGCTCTGATTCT_JIA_CD7_4,NK,NK,uce_l3_logreg_probe
ACTGAACGTACAAGTA_JIA_CD7_4,NK,NK,uce_l3_logreg_probe
TCAGATGAGCCTCGTG_JIA_Total_10,NK,NK,uce_l3_logreg_probe
CGATGGCAGAAGCCCA_JIA_CD7_4,NK,NK,uce_l3_logreg_probe
CAGAGAGAGTTGTAGA_JIA_CD7_3,NK,NK,uce_l3_logreg_probe
CGTTCTGAGCACACAG_JIA_Total_20,NK,NK,uce_l3_logreg_probe
CGTGAGCAGTTAACGA_JIA_CD7_3,NK,NK,uce_l3_logreg_probe
GAGTCCGTCACGACTA_JIA_Total_2,NK,ILC,uce_l3_logreg_probe
GTCATTTAGTTAGGTA_JIA_Total_16,ILC,ILC,uce_l3_logreg_probe
TACGGTAGTGTCGCTG_JIA_CD7_1,NK,NK,uce_l3_logreg_probe
TGCGTGGTCCACGCAG_JIA_CD7_1,NK,NK,uce_l3_logreg_probe
CCTTACGAGACGCACA_JIA_CD7_3,NK,NK,uce_l3_logreg_probe
ATTGGTGGTTCAGACT_JIA_CD7_3,NK,NK,uce_l3_logreg_probe
TGGCGCAAGCAGACTG_JIA_CD7_5,ILC,ILC,uce_l3_logreg_probe
CAGAGAGCATGCAATC_JIA_CD7_5,ILC,ILC,uce_l3_logreg_probe
TACGGATAGCCCGAAA_JIA_Total_4,NK,NK,uce_l3_logreg_probe
GATTCAGAGATAGCAT_JIA_Total_10,ILC,NK,uce_l3_logreg_probe
CCCTCCTCAACTGCGC_JIA_Total_10,NK,NK,uce_l3_logreg_probe
CCGGGATAGCCACGCT_JIA_CD7_3,ILC,ILC,uce_l3_logreg_probe
CGGTTAATCAAACGGG_JIA_CD7_3,NK,NK,uce_l3_logreg_probe
TAGCCGGTCGTACGGC_JIA_Total_4,NK,NK,uce_l3_logreg_probe
GTAACTGCAGGTTTCA_JIA_Total_11,NK,NK,uce_l3_logreg_probe
CAGAATCAGGTACTCT_JIA_CD7_4,NK,NK,uce_l3_logreg_probe
AGCTCTCTCCACTCCA_JIA_Total_7,NK,NK,uce_l3_logreg_probe
CAGGTGCAGAACAACT_JIA_CD7_2,NK,NK,uce_l3_logreg_probe
AAGCCGCTCACTGGGC_JIA_Total_19,NK,NK,uce_l3_logreg_probe
AACTGGTGTAGCTGCC_JIA_CD7_4,NK,NK,uce_l3_logreg_probe
AAATGCCTCGTCTGCT_JIA_Total_11,NK,NK,uce_l3_logreg_probe
TCGCGTTGTAAGTGGC_JIA_CD7_2,NK,NK,uce_l3_logreg_probe
TCAGGATTCATTGCCC_JIA_CD7_5,NK,NK,uce_l3_logreg_probe
ACGGGCTTCTAGCACA_JIA_CD7_5,NK,NK,uce_l3_logreg_probe
TGATTTCGTGGTGTAG_JIA_CD7_5,NK,NK,uce_l3_logreg_probe
GAGTCCGAGCTGAACG_JIA_CD7_1,NK,NK,uce_l3_logreg_probe
ATGCGATCACTGTCGG_JIA_CD7_4,NK,NK,uce_l3_logreg_probe
ATCATGGGTTTACTCT_JIA_CD7_3,NK,NK,uce_l3_logreg_probe
GAGGTGAAGACCTTTG_JIA_Total_4,NK,NK,uce_l3_logreg_probe
CCTCAGTAGTAGCCGA_JIA_CD7_3,NK,NK,uce_l3_logreg_probe
GATCAGTAGCTACCTA_JIA_CD7_1,NK,NK,uce_l3_logreg_probe
CCCAGTTCACCCATTC_JIA_CD7_3,NK,NK,uce_l3_logreg_probe
CAAGAAATCAGAGGTG_JIA_Total_17,NK,NK,uce_l3_logreg_probe
CGACCTTTCAACGCTA_JIA_CD7_5,NK,NK,uce_l3_logreg_probe
GTCAAGTGTGCCTTGG_JIA_CD7_5,NK,NK,uce_l3_logreg_probe
AGGGATGAGTGGAGTC_JIA_CD7_5,NK,NK,uce_l3_logreg_probe
CGCTTCATCTTGCATT_JIA_CD7_5,NK,NK,uce_l3_logreg_probe
TCAGGTAGTCGACTAT_JIA_CD7_3,NK,NK,uce_l3_logreg_probe
TGTGTTTAGATGTAAC_JIA_CD7_5,NK,ILC,uce_l3_logreg_probe
GAACGGACATCCCATC_JIA_CD7_3,NK,NK,uce_l3_logreg_probe
CGTAGGCTCAGCCTAA_JIA_CD7_5,NK,NK,uce_l3_logreg_probe
GTGATGTTCAAGGTGG_JIA_DC_1,NK,NK,uce_l3_logreg_probe
TCTGGCTTCTTAGCCC_JIA_DC_1,NK,NK,uce_l3_logreg_probe
GGCTCGAGTAAAGTCA_JIA_CD7_2,NK,NK,uce_l3_logreg_probe
CTCATTATCGCCAGCA_JIA_CD7_2,NK,NK,uce_l3_logreg_probe
TACACGAGTCACAAGG_JIA_CD7_2,NK,NK,uce_l3_logreg_probe
AACTTTCAGTACACCT_JIA_CD7_2,NK,NK,uce_l3_logreg_probe
CTCTGGTGTCGAAAGC_JIA_Total_25,NK,NK,uce_l3_logreg_probe
CGTTAGATCACCATAG_JIA_CD7_5,NK,NK,uce_l3_logreg_probe
TGAGGGAAGATCCCAT_JIA_Total_1,NK,NK,uce_l3_logreg_probe
TATCTCATCTGGCGAC_JIA_CD7_5,NK,ILC,uce_l3_logreg_probe
AACCGCGTCATCATTC_JIA_CD7_4,NK,NK,uce_l3_logreg_probe
CAACCTCAGGATATAC_JIA_CD7_5,NK,NK,uce_l3_logreg_probe
TGGCGCAAGGATTCGG_JIA_CD7_5,NK,NK,uce_l3_logreg_probe
CATGCCTGTTGAACTC_JIA_Total_24,NK,NK,uce_l3_logreg_probe
AGTCTTTAGGTAAACT_JIA_Total_5,NK,NK,uce_l3_logreg_probe
TGTCCCACATCCGTGG_JIA_CD7_5,NK,NK,uce_l3_logreg_probe
GGTATTGGTATCTGCA_JIA_CD7_5,NK,NK,uce_l3_logreg_probe
CTGCGGATCGGCGCTA_JIA_CD7_4,NK,NK,uce_l3_logreg_probe
ATTGGTGTCCAGTAGT_JIA_CD7_5,NK,NK,uce_l3_logreg_probe
GGAACTTTCAGGCGAA_JIA_CD7_1,NK,NK,uce_l3_logreg_probe
GTGTGCGAGGCTACGA_JIA_CD7_5,NK,NK,uce_l3_logreg_probe
CGACCTTTCATTATCC_JIA_Total_19,NK,NK,uce_l3_logreg_probe
CAAGGCCGTTGGACCC_JIA_CD7_3,ILC,ILC,uce_l3_logreg_probe
TGGTTCCAGGGTCTCC_JIA_CD7_5,NK,NK,uce_l3_logreg_probe
CGTCTACGTCCATGAT_JIA_CD7_5,NK,NK,uce_l3_logreg_probe
CTCGGGAGTGCGATAG_JIA_CD7_4,NK,NK,uce_l3_logreg_probe
CTAATGGCACAGACAG_JIA_CD7_4,ILC,ILC,uce_l3_logreg_probe
GTTACAGTCCCATTTA_JIA_Total_25,NK,NK,uce_l3_logreg_probe
GAGTCCGAGGAATCGC_JIA_CD7_2,NK,NK,uce_l3_logreg_probe
GAAATGAAGTCACGCC_JIA_CD7_3,NK,NK,uce_l3_logreg_probe
TCAGGTACAGGCGATA_JIA_CD7_4,NK,NK,uce_l3_logreg_probe
GGCGTGTTCATCTGTT_JIA_CD7_5,NK,NK,uce_l3_logreg_probe
AGCTCCTCAATCCGAT_JIA_Total_17,NK,NK,uce_l3_logreg_probe
ACCTTTACAGACTCGC_JIA_Total_24,NK,NK,uce_l3_logreg_probe
CTCAGAACACATTTCT_JIA_CD7_5,NK,NK,uce_l3_logreg_probe
CAGCTAAGTATCAGTC_JIA_CD7_4,ILC,ILC,uce_l3_logreg_probe
GTGAAGGGTGGTACAG_JIA_Total_24,NK,NK,uce_l3_logreg_probe
CCTACCATCCAGAGGA_JIA_Total_19,NK,NK,uce_l3_logreg_probe
CATCAGACAAGACGTG_JIA_Total_1,NK,NK,uce_l3_logreg_probe
AACTCTTCATCCGGGT_JIA_Total_17,NK,NK,uce_l3_logreg_probe
GCACATATCACGCATA_JIA_CD7_3,NK,NK,uce_l3_logreg_probe
ACCTTTACACATGTGT_JIA_CD7_1,ILC,ILC,uce_l3_logreg_probe
CCAGCGAAGAAGGTTT_JIA_CD7_5,ILC,ILC,uce_l3_logreg_probe
AAGGTTCCAAGTTCTG_JIA_CD7_1,NK,NK,uce_l3_logreg_probe
TCGTAGATCACGAAGG_JIA_CD7_5,NK,NK,uce_l3_logreg_probe
TAATCTCAGTGCAACG_JIA_DC_1,NK,NK,uce_l3_logreg_probe
CTGATCCTCCTGTAGA_JIA_CD7_4,NK,NK,uce_l3_logreg_probe
GGAATAATCAGCACAT_JIA_CD7_2,NK,NK,uce_l3_logreg_probe
GTTCGGGAGCTCCTCT_JIA_CD7_3,NK,NK,uce_l3_logreg_probe
GGGATGAGTTTGACTG_JIA_Total_25,NK,NK,uce_l3_logreg_probe
GGTGCGTCAATACGCT_JIA_Total_14,NK,NK,uce_l3_logreg_probe
GGCAATTTCTCCAGGG_JIA_CD7_4,NK,NK,uce_l3_logreg_probe
CGGTTAAGTCTTCTCG_JIA_CD7_4,NK,NK,uce_l3_logreg_probe
CTGTTTACACGAGGTA_JIA_CD7_5,NK,NK,uce_l3_logreg_probe
TACTGCCAGTAACGAT_JIA_DC_1,NK,NK,uce_l3_logreg_probe
GCATACAAGGATGCGT_JIA_CD7_4,NK,NK,uce_l3_logreg_probe
CCGTGGATCTCATTCA_JIA_CD7_5,NK,NK,uce_l3_logreg_probe
AATCCAGTCTACCTGC_JIA_CD7_2,NK,NK,uce_l3_logreg_probe
CACACTCCACGCTTTC_JIA_CD7_3,NK,NK,uce_l3_logreg_probe
AGCATACAGCACGCCT_JIA_Total_24,NK,NK,uce_l3_logreg_probe
CTGAAACTCAGTCCCT_JIA_CD7_1,NK,NK,uce_l3_logreg_probe
TGAGAGGGTCACCTAA_JIA_Total_10,ILC,ILC,uce_l3_logreg_probe
CTCGTCAAGCCGCCTA_JIA_CD7_4,ILC,ILC,uce_l3_logreg_probe
CTCGGGAAGAGACTTA_JIA_CD7_4,NK,NK,uce_l3_logreg_probe
GTAACGTAGTACCGGA_JIA_CD7_5,NK,NK,uce_l3_logreg_probe
TCACAAGCAGTATAAG_JIA_CD7_2,NK,NK,uce_l3_logreg_probe
GTAACGTGTCCAGTGC_JIA_Total_20,ILC,ILC,uce_l3_logreg_probe
GGGTCTGGTCGCATAT_JIA_CD7_3,NK,NK,uce_l3_logreg_probe
CTGGTCTGTTCCACAA_JIA_CD7_1,NK,NK,uce_l3_logreg_probe
CTGCCTAGTCAAACTC_JIA_CD7_3,NK,NK,uce_l3_logreg_probe
TGTTCCGCATCGGACC_JIA_CD7_5,NK,NK,uce_l3_logreg_probe
TCGAACAAGCGATCGA_JIA_DC_1,NK,NK,uce_l3_logreg_probe
GTCTCGTGTAATTGGA_JIA_Total_25,NK,NK,uce_l3_logreg_probe
GCATGCGGTTGCTCCT_JIA_CD7_2,NK,NK,uce_l3_logreg_probe
ACGATACAGTGACATA_JIA_CD7_3,NK,NK,uce_l3_logreg_probe
ACACCAATCTGTTGAG_JIA_CD7_3,NK,NK,uce_l3_logreg_probe
CACCACTTCTGCGGCA_JIA_Total_26,ILC,ILC,uce_l3_logreg_probe
CGATTGATCTAACTGG_JIA_CD7_1,NK,NK,uce_l3_logreg_probe
AGACGTTCAGCCACCA_JIA_CD7_4,NK,NK,uce_l3_logreg_probe
GGGCACTAGAGGTACC_JIA_CD7_1,NK,NK,uce_l3_logreg_probe
GTATCTTCAAGTAGTA_JIA_Total_20,NK,NK,uce_l3_logreg_probe
GGGCATCGTTTAGGAA_JIA_CD7_5,NK,NK,uce_l3_logreg_probe
TAAGCGTCATGGATGG_JIA_CD7_3,ILC,ILC,uce_l3_logreg_probe
ATCATGGCAGGACGTA_JIA_CD7_3,NK,NK,uce_l3_logreg_probe
TGAGCATTCTCCAACC_JIA_CD7_4,ILC,ILC,uce_l3_logreg_probe
GTCAAGTTCAATACCG_JIA_CD7_2,NK,NK,uce_l3_logreg_probe
ACCTGAAGTGCGTCGT_JIA_DC_1,NK,NK,uce_l3_logreg_probe
GCGCGATGTCGAACAG_JIA_CD7_4,NK,NK,uce_l3_logreg_probe
TCGTAGAGTGACGCCT_JIA_CD7_3,NK,NK,uce_l3_logreg_probe
CGTTGGGGTGATGCCC_JIA_CD7_2,NK,NK,uce_l3_logreg_probe
CTGCCTACACAGGTTT_JIA_CD7_3,NK,NK,uce_l3_logreg_probe
TAGAGCTCACCGGAAA_JIA_CD7_3,NK,NK,uce_l3_logreg_probe
ACTATCTCACCGATAT_JIA_CD7_2,ILC,ILC,uce_l3_logreg_probe
TTGAACGTCGGTTAAC_JIA_CD7_5,NK,NK,uce_l3_logreg_probe
ACGAGGACACAGCCCA_JIA_CD7_2,NK,NK,uce_l3_logreg_probe
GAGGTGAGTAAGGATT_JIA_CD7_5,NK,NK,uce_l3_logreg_probe
GTTCTCGGTTAAAGAC_JIA_CD7_2,NK,NK,uce_l3_logreg_probe
CAACTAGCAATCACAC_JIA_CD7_3,NK,NK,uce_l3_logreg_probe
AGTAGTCCAGTCAGCC_JIA_Total_14,ILC,ILC,uce_l3_logreg_probe
CAGCATAGTTACGCGC_JIA_CD7_5,NK,NK,uce_l3_logreg_probe
ACACCCTTCTGCAAGT_JIA_CD7_3,NK,NK,uce_l3_logreg_probe
TCGTAGAAGGCGTACA_JIA_CD7_3,NK,NK,uce_l3_logreg_probe
AGTAGTCTCTAACCGA_JIA_CD7_3,NK,NK,uce_l3_logreg_probe
TATCAGGGTACCGTAT_JIA_CD7_4,NK,NK,uce_l3_logreg_probe
TAAACCGCATAAGACA_JIA_Total_19,NK,NK,uce_l3_logreg_probe
CACCAGGAGAAACGAG_JIA_CD7_3,NK,NK,uce_l3_logreg_probe
TAGTGGTAGACAAAGG_JIA_CD7_4,NK,NK,uce_l3_logreg_probe
TCAGCTCTCCTTTCTC_JIA_CD7_4,NK,NK,uce_l3_logreg_probe
CTACGTCTCATTTGGG_JIA_CD7_2,NK,NK,uce_l3_logreg_probe
GGCCGATTCATACGGT_JIA_CD7_4,ILC,ILC,uce_l3_logreg_probe
CGAGCCAGTGATGTCT_JIA_CD7_4,NK,NK,uce_l3_logreg_probe
TTCTACAGTGTGGTTT_JIA_CD7_1,NK,NK,uce_l3_logreg_probe
GATAGCTCAGTCTGGC_JIA_DC_3,NK,NK,uce_l3_logreg_probe
CTCGAAATCGAGCCCA_JIA_CD7_5,NK,NK,uce_l3_logreg_probe
ACACCAACACGAGAGT_JIA_CD7_5,NK,NK,uce_l3_logreg_probe
TTCTTAGCAAGCGCTC_JIA_CD7_4,NK,NK,uce_l3_logreg_probe
CACAGGCTCCTAGGGC_JIA_Total_19,NK,NK,uce_l3_logreg_probe
TAGTTGGCACTAGTAC_JIA_CD7_5,NK,NK,uce_l3_logreg_probe
CCTACACGTAGTGAAT_JIA_CD7_5,NK,NK,uce_l3_logreg_probe
TCAGATGAGATAGCAT_JIA_CD7_2,NK,NK,uce_l3_logreg_probe
ATAGACCAGAGGTAGA_JIA_CD7_5,NK,NK,uce_l3_logreg_probe
ACATGGTTCCTAGAAC_JIA_CD7_5,NK,ILC,uce_l3_logreg_probe
AACTCTTTCACCTTAT_JIA_Total_25,NK,NK,uce_l3_logreg_probe
GCTGGGTGTCGCGGTT_JIA_CD7_2,ILC,ILC,uce_l3_logreg_probe
TCATTACCAGCTTCGG_JIA_CD7_5,NK,NK,uce_l3_logreg_probe
TGGGAAGGTTATTCTC_JIA_CD7_2,NK,NK,uce_l3_logreg_probe
GTCAAGTCATACGCCG_JIA_CD7_4,NK,NK,uce_l3_logreg_probe
ATCTACTAGACAATAC_JIA_CD7_2,NK,NK,uce_l3_logreg_probe
GCTGCTTTCAAGGTAA_JIA_Total_26,NK,NK,uce_l3_logreg_probe
AAGGTTCAGACTTTCG_JIA_CD7_1,NK,NK,uce_l3_logreg_probe
CCTAAAGTCGCCATAA_JIA_CD7_3,ILC,ILC,uce_l3_logreg_probe
GCCTCTACATCTCCCA_JIA_CD7_3,NK,NK,uce_l3_logreg_probe
AGCTCCTTCACGCGGT_JIA_CD7_2,NK,NK,uce_l3_logreg_probe
CAAGAAAAGGTGCTTT_JIA_CD7_5,NK,NK,uce_l3_logreg_probe
ATGGGAGAGATCCTGT_JIA_CD7_5,NK,NK,uce_l3_logreg_probe
TGCGGGTTCTTAGCCC_JIA_Total_25,NK,NK,uce_l3_logreg_probe
CGATTGACAGTGGAGT_JIA_CD7_5,ILC,ILC,uce_l3_logreg_probe
AGCCTAACATTTCACT_JIA_CD7_2,ILC,ILC,uce_l3_logreg_probe
CTACATTAGAAGATTC_JIA_CD7_5,ILC,ILC,uce_l3_logreg_probe
AGAGCTTGTGACGGTA_JIA_CD7_4,NK,NK,uce_l3_logreg_probe
CGATGGCTCACATACG_JIA_Total_4,ILC,ILC,uce_l3_logreg_probe
CTCACACAGACAATAC_JIA_CD7_3,NK,NK,uce_l3_logreg_probe
ATCTGCCCAGACTCGC_JIA_CD7_3,NK,NK,uce_l3_logreg_probe
TCTCTAACAAAGCGGT_JIA_CD7_3,NK,ILC,uce_l3_logreg_probe
CGTTGGGAGTATGACA_JIA_CD7_5,NK,NK,uce_l3_logreg_probe
AGATCTGGTATGCTTG_JIA_CD7_4,NK,NK,uce_l3_logreg_probe
CAGCTAAGTCCGACGT_JIA_Total_1,NK,NK,uce_l3_logreg_probe
CGCTTCACAACTGGCC_JIA_Total_26,NK,NK,uce_l3_logreg_probe
GTATCTTAGGATGGTC_JIA_CD7_5,NK,NK,uce_l3_logreg_probe
GCTGGGTTCACGACTA_JIA_Total_20,NK,NK,uce_l3_logreg_probe
GGACAGAAGGATGCGT_JIA_Total_17,NK,NK,uce_l3_logreg_probe
CTCGGAGGTATAAACG_JIA_CD7_3,NK,NK,uce_l3_logreg_probe
GCATGTACAAAGAATC_JIA_CD7_1,NK,NK,uce_l3_logreg_probe
GGGCACTCATCGGAAG_JIA_CD7_5,ILC,ILC,uce_l3_logreg_probe
CAGCCGACATGCAATC_JIA_CD7_5,NK,NK,uce_l3_logreg_probe
CTTACCGTCGATCCCT_JIA_CD7_5,NK,NK,uce_l3_logreg_probe
CTGTTTACATCCAACA_JIA_CD7_5,NK,NK,uce_l3_logreg_probe
GAAGCAGAGCTAGTCT_JIA_CD7_4,NK,NK,uce_l3_logreg_probe
CCGTGGATCTGTTTGT_JIA_CD7_2,NK,NK,uce_l3_logreg_probe
GTCGGGTCATGACGGA_JIA_CD7_4,NK,NK,uce_l3_logreg_probe
CGTAGGCTCGGAAATA_JIA_CD7_2,NK,NK,uce_l3_logreg_probe
AAAGTAGGTCTCTTAT_JIA_CD7_2,NK,NK,uce_l3_logreg_probe
GCTGCTTCATCGGACC_JIA_CD7_3,NK,NK,uce_l3_logreg_probe
GGGAGATAGGGAGTAA_JIA_Total_17,NK,NK,uce_l3_logreg_probe
CGGACTGAGGAGTTTA_JIA_Total_1,NK,NK,uce_l3_logreg_probe
ATCGAGTGTACTTGAC_JIA_CD7_5,NK,NK,uce_l3_logreg_probe
CGAGGCTAGTATTGCC_JIA_DC_1,NK,NK,uce_l3_logreg_probe
TAGAGCTAGCGCTCCA_JIA_CD7_2,NK,NK,uce_l3_logreg_probe
GACGTGCGTTTAGGAA_JIA_CD7_5,NK,NK,uce_l3_logreg_probe
ATCATCTTCAGTTCGA_JIA_CD7_5,NK,NK,uce_l3_logreg_probe
GTGTTAGAGTGTACGG_JIA_CD7_5,NK,NK,uce_l3_logreg_probe
CGCTATCAGCGATTCT_JIA_CD7_1,NK,NK,uce_l3_logreg_probe
AACTGGTGTCCCGACA_JIA_CD7_3,NK,NK,uce_l3_logreg_probe
AGCTCCTAGTACGTAA_JIA_CD7_3,NK,NK,uce_l3_logreg_probe
GAGCAGAGTAAAGTCA_JIA_CD7_5,NK,NK,uce_l3_logreg_probe
AAGGAGCCATATACCG_JIA_Total_25,NK,NK,uce_l3_logreg_probe
TGGACGCGTACCGGCT_JIA_CD7_5,NK,NK,uce_l3_logreg_probe
TGCGGGTCACCGGAAA_JIA_CD7_4,NK,NK,uce_l3_logreg_probe
TCACGAAAGGAATGGA_JIA_CD7_2,NK,NK,uce_l3_logreg_probe
CAGTAACGTTGTCGCG_JIA_Total_20,NK,NK,uce_l3_logreg_probe
TACTCATAGCCTATGT_JIA_CD7_2,NK,NK,uce_l3_logreg_probe
ACGAGCCAGCAGCCTC_JIA_Total_24,NK,NK,uce_l3_logreg_probe
TGATTTCGTCAGTGGA_JIA_CD7_5,NK,NK,uce_l3_logreg_probe
CAACTAGAGTGAACGC_JIA_CD7_2,ILC,ILC,uce_l3_logreg_probe
ATCATCTAGTGGAGAA_JIA_CD7_3,NK,NK,uce_l3_logreg_probe
CATATTCCAAACGCGA_JIA_CD7_2,NK,NK,uce_l3_logreg_probe
CGAGCACTCTAACTCT_JIA_CD7_4,NK,NK,uce_l3_logreg_probe
TAAGCGTAGCGTTTAC_JIA_CD7_3,NK,NK,uce_l3_logreg_probe
TATTACCGTCAGATAA_JIA_CD7_4,NK,NK,uce_l3_logreg_probe
GCGCAACCATTGGTAC_JIA_CD7_5,NK,NK,uce_l3_logreg_probe
CACTCCAAGAGGGATA_JIA_CD7_5,NK,NK,uce_l3_logreg_probe
CGATGGCAGCCGGTAA_JIA_Total_23,NK,NK,uce_l3_logreg_probe
CGGAGTCTCTGGCGAC_JIA_CD7_1,NK,NK,uce_l3_logreg_probe
CAACCAACATAACCTG_JIA_CD7_5,NK,NK,uce_l3_logreg_probe
TTCCCAGGTATTCGTG_JIA_CD7_3,NK,NK,uce_l3_logreg_probe
GAGCAGAGTGGTTTCA_JIA_CD7_1,NK,NK,uce_l3_logreg_probe
CGAGCACGTCCAGTAT_JIA_CD7_5,NK,NK,uce_l3_logreg_probe
CTCCTAGCAGGATCGA_JIA_CD7_5,NK,NK,uce_l3_logreg_probe
AGGGATGGTTAAAGAC_JIA_CD7_1,NK,NK,uce_l3_logreg_probe
GAACATCCATATGAGA_JIA_Total_17,NK,NK,uce_l3_logreg_probe
CATGGCGCAAGTTGTC_JIA_CD7_5,NK,NK,uce_l3_logreg_probe
TAGAGCTGTATTCTCT_JIA_CD7_5,NK,NK,uce_l3_logreg_probe
TCTATTGTCAGTGTTG_JIA_CD7_2,NK,NK,uce_l3_logreg_probe
TACGGTAAGGTGCACA_JIA_CD7_3,ILC,ILC,uce_l3_logreg_probe
CTCTAATCAATAGAGT_JIA_CD7_5,NK,NK,uce_l3_logreg_probe
TATTACCCACTCTGTC_JIA_CD7_2,NK,NK,uce_l3_logreg_probe
AAACGGGTCCTGTACC_JIA_Total_1,NK,NK,uce_l3_logreg_probe
GGCGTGTGTCCTGCTT_JIA_CD7_1,NK,NK,uce_l3_logreg_probe
GGACAAGAGGATTCGG_JIA_CD7_4,NK,NK,uce_l3_logreg_probe
TGGGAAGAGTGTGGCA_JIA_CD7_2,NK,NK,uce_l3_logreg_probe
CAGCTGGAGAGAGCTC_JIA_CD7_5,NK,NK,uce_l3_logreg_probe
AGCAGCCGTCCGACGT_JIA_CD7_4,NK,NK,uce_l3_logreg_probe
CCTACACTCGGCTACG_JIA_CD7_4,NK,NK,uce_l3_logreg_probe
CGAACATTCGCTTAGA_JIA_Total_20,NK,NK,uce_l3_logreg_probe
CGTGAGCCAAGTTAAG_JIA_CD7_5,NK,NK,uce_l3_logreg_probe
CTCAGAATCGTACGGC_JIA_CD7_4,NK,NK,uce_l3_logreg_probe
ATCATGGAGAGCTATA_JIA_Total_2,NK,NK,uce_l3_logreg_probe
CTCAGAACACTCGACG_JIA_CD7_5,NK,NK,uce_l3_logreg_probe
ACCCACTAGTACACCT_JIA_CD7_3,NK,NK,uce_l3_logreg_probe
GACGCGTCACGTCTCT_JIA_CD7_4,NK,NK,uce_l3_logreg_probe
TACTCGCGTTGACGTT_JIA_CD7_4,NK,NK,uce_l3_logreg_probe
GAACGGATCACTCCTG_JIA_CD7_5,NK,NK,uce_l3_logreg_probe
TTTGTCAGTAGAAGGA_JIA_CD7_5,NK,NK,uce_l3_logreg_probe
CACCTTGAGCGTTTAC_JIA_CD7_2,ILC,ILC,uce_l3_logreg_probe
TCGCGTTAGGCATTGG_JIA_CD7_3,NK,NK,uce_l3_logreg_probe
CTAACTTGTACGACCC_JIA_Total_1,NK,NK,uce_l3_logreg_probe
CTACACCAGCCTCGTG_JIA_CD7_3,NK,NK,uce_l3_logreg_probe
ATGCGATTCCTGTACC_JIA_CD7_2,ILC,ILC,uce_l3_logreg_probe
ATCCGAACATACGCTA_JIA_CD7_4,NK,NK,uce_l3_logreg_probe
GACGTGCGTTTGTTGG_JIA_CD7_2,NK,NK,uce_l3_logreg_probe
ACTTTCAGTACTTGAC_JIA_CD7_4,NK,NK,uce_l3_logreg_probe
CTTTGCGTCTCCTATA_JIA_CD7_4,NK,NK,uce_l3_logreg_probe
CGCTGGACAGGAATCG_JIA_CD7_3,NK,ILC,uce_l3_logreg_probe
GGTGTTAAGCCCGAAA_JIA_CD7_3,ILC,ILC,uce_l3_logreg_probe
CGGACTGCAATGGACG_JIA_CD7_5,NK,NK,uce_l3_logreg_probe
CAGCCGATCAGGCCCA_JIA_CD7_2,NK,NK,uce_l3_logreg_probe
AGTGTCAGTCCCTACT_JIA_Total_26,ILC,ILC,uce_l3_logreg_probe
GTGGGTCTCACAACGT_JIA_CD7_3,NK,NK,uce_l3_logreg_probe
CGGAGTCAGGATGGAA_JIA_Total_20,NK,NK,uce_l3_logreg_probe
TCTCCGAGTGTTCCAA_JIA_DC_3,NK,NK,uce_l3_logreg_probe
TAAACCGGTTCCTCCA_JIA_CD7_2,NK,ILC,uce_l3_logreg_probe
GGGCACTTCGCCTGTT_JIA_CD7_4,NK,NK,uce_l3_logreg_probe
CAGATCATCATTGCCC_JIA_CD7_2,NK,NK,uce_l3_logreg_probe
ACGAGGATCCCTCTTT_JIA_CD7_3,NK,NK,uce_l3_logreg_probe
ATAAGAGGTTTAGCTG_JIA_CD7_1,ILC,ILC,uce_l3_logreg_probe
ATCTGCCCATCCCACT_JIA_CD7_5,NK,NK,uce_l3_logreg_probe
GACCTGGGTTTGACTG_JIA_CD7_5,NK,NK,uce_l3_logreg_probe
TGCTACCGTCAGATAA_JIA_Total_2,NK,NK,uce_l3_logreg_probe
TCTGGAACAGGGCATA_JIA_CD7_1,NK,NK,uce_l3_logreg_probe
ATCATCTTCGCATGAT_JIA_Total_20,NK,NK,uce_l3_logreg_probe
GTCGTAAAGACTACAA_JIA_CD7_1,NK,NK,uce_l3_logreg_probe
TCATTTGAGTGTTGAA_JIA_CD7_5,NK,NK,uce_l3_logreg_probe
TACCTTACAAGTAATG_JIA_CD7_5,NK,NK,uce_l3_logreg_probe
CTCACACCATAAAGGT_JIA_CD7_3,NK,NK,uce_l3_logreg_probe
TCGTACCCATTGGTAC_JIA_CD7_4,NK,NK,uce_l3_logreg_probe
ATTCTACGTTCAGACT_JIA_CD7_3,NK,NK,uce_l3_logreg_probe
GCCTCTAGTGTGGCTC_JIA_CD7_4,NK,NK,uce_l3_logreg_probe
AGAGTGGCATATGCTG_JIA_CD7_2,NK,NK,uce_l3_logreg_probe
TACGGGCGTTGTTTGG_JIA_CD7_5,NK,NK,uce_l3_logreg_probe
CATTATCAGAGTTGGC_JIA_CD7_5,NK,NK,uce_l3_logreg_probe
TAGACCAAGTCCGTAT_JIA_CD7_5,NK,NK,uce_l3_logreg_probe
GGTGTTATCTTGGGTA_JIA_Total_10,NK,NK,uce_l3_logreg_probe
TTTACTGAGCATCATC_JIA_CD7_5,NK,NK,uce_l3_logreg_probe
GTACTCCTCTAACGGT_JIA_Total_20,NK,NK,uce_l3_logreg_probe
CACCTTGCACCCATGG_JIA_CD7_5,NK,NK,uce_l3_logreg_probe
CGTCCATCATGCTGGC_JIA_CD7_4,NK,NK,uce_l3_logreg_probe
CGACCTTAGCCGCCTA_JIA_CD7_5,NK,NK,uce_l3_logreg_probe
CCTATTATCAACACAC_JIA_CD7_4,NK,NK,uce_l3_logreg_probe
CTTCTCTCAAATCCGT_JIA_CD7_5,NK,NK,uce_l3_logreg_probe
TACCTTACACGGATAG_JIA_CD7_1,NK,NK,uce_l3_logreg_probe
TACCTTAAGCCACGCT_JIA_CD7_4,NK,NK,uce_l3_logreg_probe
CCAGCGATCCCAAGAT_JIA_CD7_2,ILC,ILC,uce_l3_logreg_probe
TCAGGTACACGCCAGT_JIA_CD7_5,NK,ILC,uce_l3_logreg_probe
GCAGTTATCCACTCCA_JIA_CD7_2,ILC,ILC,uce_l3_logreg_probe
TGTATTCGTAGAGCTG_JIA_CD7_3,NK,NK,uce_l3_logreg_probe
TCAGCTCGTGCCTTGG_JIA_CD7_5,NK,NK,uce_l3_logreg_probe
GCTTGAATCTTGGGTA_JIA_CD7_2,NK,NK,uce_l3_logreg_probe
GCTGCAGTCGAATGCT_JIA_CD7_5,NK,NK,uce_l3_logreg_probe
CGATGGCGTCTTGCGG_JIA_CD7_5,NK,NK,uce_l3_logreg_probe
GTAACTGTCAACGAAA_JIA_CD7_3,ILC,ILC,uce_l3_logreg_probe
AAAGATGCATCGGTTA_JIA_Total_1,NK,NK,uce_l3_logreg_probe
CGGGTCAGTTCTGTTT_JIA_CD7_4,NK,NK,uce_l3_logreg_probe
GGGAGATAGTACCGGA_JIA_CD7_2,NK,NK,uce_l3_logreg_probe
CCTATTATCAACACAC_JIA_Total_19,NK,NK,uce_l3_logreg_probe
CTGAAGTTCGGCGGTT_JIA_CD7_5,ILC,ILC,uce_l3_logreg_probe
ATTACTCGTGAGGGTT_JIA_CD7_4,NK,NK,uce_l3_logreg_probe
TTGACTTAGCTTATCG_JIA_CD7_2,NK,NK,uce_l3_logreg_probe
TCTGAGACAGCTCGAC_JIA_CD7_4,NK,NK,uce_l3_logreg_probe
CGATTGACACGGTAGA_JIA_CD7_1,NK,NK,uce_l3_logreg_probe
CAAGGCCCACAGTCGC_JIA_CD7_4,NK,NK,uce_l3_logreg_probe
GCTGCGAGTTTGACAC_JIA_CD7_2,NK,NK,uce_l3_logreg_probe
CACACAACAGGTCTCG_JIA_CD7_4,NK,NK,uce_l3_logreg_probe
CGGGTCAGTGTTCGAT_JIA_CD7_1,NK,NK,uce_l3_logreg_probe
TGACGGCAGACCTTTG_JIA_CD7_4,ILC,ILC,uce_l3_logreg_probe
ACGGGCTAGGAGTTTA_JIA_Total_10,NK,NK,uce_l3_logreg_probe
CTACGTCCATGGGACA_JIA_Total_1,NK,NK,uce_l3_logreg_probe
CTCGTCAGTTCATGGT_JIA_CD7_4,NK,NK,uce_l3_logreg_probe
AACTTTCCATGGTAGG_JIA_CD7_5,NK,NK,uce_l3_logreg_probe
TCGGTAATCTGCTTGC_JIA_Total_14,ILC,ILC,uce_l3_logreg_probe
TGAAAGATCTGCTGTC_JIA_CD7_4,NK,NK,uce_l3_logreg_probe
CTTTGCGGTTCCACTC_JIA_CD7_5,NK,NK,uce_l3_logreg_probe
GTCATTTTCAAGGTAA_JIA_CD7_1,NK,NK,uce_l3_logreg_probe
TCAGCAATCATCGATG_JIA_CD7_3,NK,NK,uce_l3_logreg_probe
CGTTAGACATCTGGTA_JIA_Total_23,NK,NK,uce_l3_logreg_probe
AAAGCAACACCCATTC_JIA_CD7_3,NK,NK,uce_l3_logreg_probe
GGGTCTGAGATGTCGG_JIA_CD7_4,ILC,ILC,uce_l3_logreg_probe
AAAGATGGTCTAAAGA_JIA_Total_17,NK,NK,uce_l3_logreg_probe
CTACATTCACTATCTT_JIA_CD7_4,NK,NK,uce_l3_logreg_probe
GGTGTTATCCGCGGTA_JIA_CD7_5,NK,NK,uce_l3_logreg_probe
CCTCAGTTCTAAGCCA_JIA_CD7_1,NK,NK,uce_l3_logreg_probe
GGCCGATCAGCCACCA_JIA_Total_17,NK,ILC,uce_l3_logreg_probe
TGCCAAAGTCCTGCTT_JIA_CD7_4,NK,NK,uce_l3_logreg_probe
TTGGGTATCGGTAGGA_JIA_DC_2,ILC,ILC,uce_l3_logreg_probe
GCAAACTCAGTCAGCC_JIA_CD7_3,NK,NK,uce_l3_logreg_probe
ACACTGATCATGTAGC_JIA_Total_10,NK,NK,uce_l3_logreg_probe
TCACGAACAAGTCATC_JIA_CD7_4,ILC,ILC,uce_l3_logreg_probe
TATCTCAGTGACTCAT_JIA_CD7_5,NK,NK,uce_l3_logreg_probe
GAGTCCGCATAGTAAG_JIA_CD7_3,NK,NK,uce_l3_logreg_probe
CTTCTCTCAAGTAATG_JIA_CD7_3,NK,NK,uce_l3_logreg_probe
AACGTTGTCCGTCATC_JIA_CD7_5,NK,NK,uce_l3_logreg_probe
CGGTTAAGTCTCAACA_JIA_CD7_1,NK,NK,uce_l3_logreg_probe
TACCTTACAAACCCAT_JIA_CD7_2,ILC,ILC,uce_l3_logreg_probe
TGGACGCCATATACCG_JIA_CD7_1,NK,NK,uce_l3_logreg_probe
TGATTTCAGCGGATCA_JIA_CD7_4,NK,NK,uce_l3_logreg_probe
CATCAAGTCTCTAGGA_JIA_Total_24,NK,NK,uce_l3_logreg_probe
ACATACGGTCACTTCC_JIA_CD7_4,ILC,ILC,uce_l3_logreg_probe
TCACAAGAGCCCAATT_JIA_CD7_5,NK,NK,uce_l3_logreg_probe
CGGACTGTCTGCGACG_JIA_CD7_5,NK,NK,uce_l3_logreg_probe
TACACGATCTTGCATT_JIA_CD7_5,NK,NK,uce_l3_logreg_probe
AACACGTCAAGCCGTC_JIA_CD7_1,NK,NK,uce_l3_logreg_probe
GTGCGGTGTATGCTTG_JIA_CD7_4,NK,NK,uce_l3_logreg_probe
ACGCCAGCAAGAGTCG_JIA_CD7_4,NK,NK,uce_l3_logreg_probe
GGGTCTGAGACTTCCA_JIA_DC_3,ILC,ILC,uce_l3_logreg_probe
TGTCCCACACTATCTT_JIA_CD7_2,NK,NK,uce_l3_logreg_probe
CTGGTCTGTGTTCGAT_JIA_CD7_4,NK,NK,uce_l3_logreg_probe
TCTTCGGGTTCGGCAC_JIA_CD7_4,ILC,ILC,uce_l3_logreg_probe
CGCTATCAGTTGAGAT_JIA_CD7_3,NK,NK,uce_l3_logreg_probe
ACCCACTAGAAGATTC_JIA_CD7_4,NK,NK,uce_l3_logreg_probe
ACTGATGTCGGCCGAT_JIA_CD7_4,NK,NK,uce_l3_logreg_probe
ACGCCGAGTGAAGGCT_JIA_Total_20,NK,NK,uce_l3_logreg_probe
TGAGCATGTGTCGCTG_JIA_Total_24,NK,NK,uce_l3_logreg_probe
AGCTTGAGTGGTACAG_JIA_CD7_2,ILC,ILC,uce_l3_logreg_probe
TGGAACTGTTAGGGTG_JIA_CD45_1,NK,NK,uce_l3_logreg_probe
TTCTACATCACTATTC_JIA_Total_19,NK,NK,uce_l3_logreg_probe
CGTTCTGAGCCACGCT_JIA_Total_17,NK,NK,uce_l3_logreg_probe
CGAGCCAGTGCAGTAG_JIA_CD7_4,NK,NK,uce_l3_logreg_probe
TGGCCAGTCAGAGGTG_JIA_CD7_2,NK,NK,uce_l3_logreg_probe
AGCGTATCACCACGTG_JIA_CD7_5,NK,NK,uce_l3_logreg_probe
GAAATGAAGGATGGTC_JIA_CD7_1,NK,NK,uce_l3_logreg_probe
GCTGCAGTCGAACTGT_JIA_CD7_2,NK,NK,uce_l3_logreg_probe
GTTCGGGCATGTCGAT_JIA_CD7_5,NK,NK,uce_l3_logreg_probe
TTCGAAGCAATACGCT_JIA_Total_1,NK,NK,uce_l3_logreg_probe
ACACCGGGTCGTCTTC_JIA_CD7_3,NK,NK,uce_l3_logreg_probe
TGGCGCAGTCTGATTG_JIA_Total_17,NK,NK,uce_l3_logreg_probe
GGGAATGAGTTCGCAT_JIA_CD7_5,NK,NK,uce_l3_logreg_probe
ATCTGCCAGTTAGCGG_JIA_Total_7,ILC,ILC,uce_l3_logreg_probe
GGAATAACAGTCCTTC_JIA_Total_5,NK,NK,uce_l3_logreg_probe
GGGAATGCATTAACCG_JIA_CD7_4,NK,NK,uce_l3_logreg_probe
ACTTACTTCAACGCTA_JIA_CD7_2,NK,NK,uce_l3_logreg_probe
GTAGTCAGTCTAGTCA_JIA_CD7_5,NK,NK,uce_l3_logreg_probe
CCTCTGAGTATATGGA_JIA_CD7_5,ILC,ILC,uce_l3_logreg_probe
GCGAGAAGTGTGTGCC_JIA_CD7_3,NK,NK,uce_l3_logreg_probe
TTCTCCTTCCACTGGG_JIA_Total_24,NK,NK,uce_l3_logreg_probe
CGACCTTGTCCAGTAT_JIA_CD7_5,ILC,ILC,uce_l3_logreg_probe
GAACATCAGCAATATG_JIA_Total_19,ILC,ILC,uce_l3_logreg_probe
CGCCAAGGTTCTCATT_JIA_CD7_5,NK,NK,uce_l3_logreg_probe
ACGTCAAGTACCGGCT_JIA_CD7_4,ILC,ILC,uce_l3_logreg_probe
TCTTCGGTCAGCATGT_JIA_Total_24,NK,NK,uce_l3_logreg_probe
GGCTGGTTCGCTTGTC_JIA_CD7_5,NK,NK,uce_l3_logreg_probe
CTCGGGAGTCCCTTGT_JIA_CD7_3,NK,NK,uce_l3_logreg_probe
TTAACTCGTGTGTGCC_JIA_Total_20,NK,NK,uce_l3_logreg_probe
ATCCGAAAGAATCTCC_JIA_CD7_4,NK,NK,uce_l3_logreg_probe
GTCACGGAGTTGTCGT_JIA_CD7_5,NK,NK,uce_l3_logreg_probe
ATAAGAGGTTATCCGA_JIA_Total_20,NK,NK,uce_l3_logreg_probe
TGAGCCGGTGAGGCTA_JIA_CD7_2,NK,NK,uce_l3_logreg_probe
GGCTCGAGTAAAGTCA_JIA_Total_14,NK,NK,uce_l3_logreg_probe
GACTCAAAGATTAGTG_JIA_DC_1,NK,NK,uce_l3_logreg_probe
CACACTCTCAGGCAAG_JIA_CD7_5,ILC,ILC,uce_l3_logreg_probe
GACGTGCCAGGCTGAA_JIA_CD7_4,NK,NK,uce_l3_logreg_probe
GTCACGGTCTGGTATG_JIA_CD7_1,NK,NK,uce_l3_logreg_probe
CGTGTCTGTAAGGGAA_JIA_CD7_5,NK,NK,uce_l3_logreg_probe
AACTCCCCACCCATTC_JIA_CD7_2,NK,NK,uce_l3_logreg_probe
CTGATAGCACCCAGTG_JIA_CD7_3,NK,NK,uce_l3_logreg_probe
ATCACGACAAGTTGTC_JIA_CD7_4,NK,NK,uce_l3_logreg_probe
CCGGTAGGTTCCCTTG_JIA_CD7_5,NK,NK,uce_l3_logreg_probe
CGAACATAGTACGTTC_JIA_CD7_4,NK,NK,uce_l3_logreg_probe
CGAGCCATCCCTTGTG_JIA_CD7_4,ILC,ILC,uce_l3_logreg_probe
TTCGAAGTCAAGATCC_JIA_CD7_1,NK,NK,uce_l3_logreg_probe
GAAATGAGTAACGTTC_JIA_Total_10,NK,NK,uce_l3_logreg_probe
AAACCTGAGCGATCCC_JIA_CD7_5,NK,NK,uce_l3_logreg_probe
GAATAAGTCACCACCT_JIA_CD7_5,NK,NK,uce_l3_logreg_probe
TAGACCAAGAAGCCCA_JIA_CD7_5,NK,NK,uce_l3_logreg_probe
CTGTGCTGTTTCCACC_JIA_Total_5,NK,NK,uce_l3_logreg_probe
GGGTTGCGTGCAACGA_JIA_CD7_5,NK,NK,uce_l3_logreg_probe
GCGAGAACAGTACACT_JIA_Total_24,NK,NK,uce_l3_logreg_probe
GAAGCAGTCACGGTTA_JIA_CD7_2,NK,NK,uce_l3_logreg_probe
AGTGTCATCTGATTCT_JIA_CD7_3,NK,NK,uce_l3_logreg_probe
ACACCAACAAGGGTCA_JIA_CD7_3,NK,NK,uce_l3_logreg_probe
GAGTCCGGTGTTAAGA_JIA_CD7_3,NK,NK,uce_l3_logreg_probe
GCGCAACTCCCTTGTG_JIA_CD7_2,NK,NK,uce_l3_logreg_probe
ACTATCTAGATGAGAG_JIA_CD7_5,NK,NK,uce_l3_logreg_probe
CGTTGGGCAGGGTTAG_JIA_Total_19,NK,NK,uce_l3_logreg_probe
CATTATCGTGACTACT_JIA_CD7_2,ILC,ILC,uce_l3_logreg_probe
GATCTAGGTACAAGTA_JIA_Total_20,NK,NK,uce_l3_logreg_probe
GGAACTTGTGTTTGTG_JIA_CD7_5,NK,NK,uce_l3_logreg_probe
GACGTTACAGGAATCG_JIA_CD7_1,NK,NK,uce_l3_logreg_probe
CCAATCCCACTCTGTC_JIA_CD7_4,NK,NK,uce_l3_logreg_probe
GGCTGGTAGCTAGGCA_JIA_CD7_5,NK,NK,uce_l3_logreg_probe
ATTGGTGGTGCATCTA_JIA_CD7_5,NK,NK,uce_l3_logreg_probe
TACCTTAGTGCAACGA_JIA_CD7_3,NK,NK,uce_l3_logreg_probe
ACGATACCAAGCCCAC_JIA_Total_24,NK,NK,uce_l3_logreg_probe
AAGGCAGCACGGCGTT_JIA_CD7_5,NK,NK,uce_l3_logreg_probe
CTCGAGGGTTGAACTC_JIA_CD7_2,NK,NK,uce_l3_logreg_probe
GCATGTATCTGCCCTA_JIA_CD7_1,NK,NK,uce_l3_logreg_probe
AGGCCGTAGGCGTACA_JIA_CD7_2,NK,NK,uce_l3_logreg_probe
AGAGTGGAGCGCCTCA_JIA_CD7_5,NK,NK,uce_l3_logreg_probe
CGCCAAGTCGGAGCAA_JIA_Total_19,NK,NK,uce_l3_logreg_probe
TACGGATAGTTGTCGT_JIA_CD7_4,NK,NK,uce_l3_logreg_probe
GGCGTGTTCTGTCTCG_JIA_CD7_5,NK,NK,uce_l3_logreg_probe
AGCGTCGGTCCTAGCG_JIA_CD7_1,NK,NK,uce_l3_logreg_probe
AAGTCTGTCACCTTAT_JIA_CD7_4,NK,NK,uce_l3_logreg_probe
CCCATACGTCGATTGT_JIA_CD7_2,NK,NK,uce_l3_logreg_probe
TATCAGGGTGGTCCGT_JIA_CD7_4,ILC,NK,uce_l3_logreg_probe
GGCTGGTTCCATGCTC_JIA_Total_1,ILC,ILC,uce_l3_logreg_probe
GCAAACTTCTTTCCTC_JIA_Total_17,NK,NK,uce_l3_logreg_probe
CATCAGAGTTATTCTC_JIA_Total_1,NK,NK,uce_l3_logreg_probe
GCTTCCATCAAACCAC_JIA_CD7_2,NK,NK,uce_l3_logreg_probe
ACGCCGAGTTCGCGAC_JIA_CD7_4,ILC,NK,uce_l3_logreg_probe
AGGGATGCAAAGTCAA_JIA_CD7_4,NK,NK,uce_l3_logreg_probe
ACTGATGCACGAAGCA_JIA_CD7_5,NK,NK,uce_l3_logreg_probe
TCGCGTTGTCTAGGTT_JIA_CD7_4,NK,NK,uce_l3_logreg_probe
GTAACTGCATTACGAC_JIA_Total_17,NK,NK,uce_l3_logreg_probe
GATCTAGGTTACAGAA_JIA_Total_23,NK,NK,uce_l3_logreg_probe
TGACTTTCACGGCTAC_JIA_CD7_5,NK,NK,uce_l3_logreg_probe
ACGGGCTAGAGCCCAA_JIA_CD7_5,NK,NK,uce_l3_logreg_probe
CAAGTTGCATGCATGT_JIA_Total_24,NK,NK,uce_l3_logreg_probe
GTCGTAACAGACACTT_JIA_CD7_1,NK,NK,uce_l3_logreg_probe
CATGGCGCACGGTTTA_JIA_Total_17,NK,NK,uce_l3_logreg_probe
TAAGCGTAGTGACATA_JIA_CD7_5,NK,NK,uce_l3_logreg_probe
CTCTACGAGCGGCTTC_JIA_CD7_4,ILC,ILC,uce_l3_logreg_probe
GATCGCGTCCGTTGCT_JIA_CD7_5,NK,NK,uce_l3_logreg_probe
AGGCCACGTATATGAG_JIA_Total_26,NK,NK,uce_l3_logreg_probe
TCAGCAAGTGTTCTTT_JIA_CD7_2,NK,NK,uce_l3_logreg_probe
TATCTCACACACGCTG_JIA_CD7_4,NK,NK,uce_l3_logreg_probe
CCTACACTCCATGAGT_JIA_CD7_5,NK,NK,uce_l3_logreg_probe
TCGGGACGTTTGTTGG_JIA_CD7_5,NK,NK,uce_l3_logreg_probe
TTCCCAGAGGCTACGA_JIA_CD7_5,NK,NK,uce_l3_logreg_probe
TTCGAAGAGATGGGTC_JIA_CD7_5,NK,NK,uce_l3_logreg_probe
TGGCGCAGTTAGATGA_JIA_Total_17,NK,ILC,uce_l3_logreg_probe
TGCCCTAGTCCGTCAG_JIA_CD7_5,NK,NK,uce_l3_logreg_probe
TCCCGATCAGGTCCAC_JIA_CD7_5,NK,NK,uce_l3_logreg_probe
ACGAGGATCATCGATG_JIA_CD7_3,NK,NK,uce_l3_logreg_probe
AGGCCGTCAGGCAGTA_JIA_CD7_5,ILC,ILC,uce_l3_logreg_probe
CCTAGCTGTAAAGTCA_JIA_CD7_4,NK,NK,uce_l3_logreg_probe
CCGGTAGAGTGTGGCA_JIA_CD7_3,NK,NK,uce_l3_logreg_probe
CCTTACGTCCTCCTAG_JIA_CD7_1,NK,NK,uce_l3_logreg_probe
CATTCGCAGAGTACAT_JIA_CD7_3,NK,NK,uce_l3_logreg_probe
GCTGCAGGTTAAAGAC_JIA_CD7_5,NK,NK,uce_l3_logreg_probe
CTCTAATCAACGATGG_JIA_CD7_5,NK,NK,uce_l3_logreg_probe
AACTGGTAGAGGGATA_JIA_CD7_3,NK,NK,uce_l3_logreg_probe
CACATAGGTATAGTAG_JIA_CD7_1,NK,NK,uce_l3_logreg_probe
TTGCCGTTCAGATAAG_JIA_Total_20,NK,NK,uce_l3_logreg_probe
ACGATACAGAGTGAGA_JIA_CD7_2,ILC,ILC,uce_l3_logreg_probe
CCGTGGAGTCCGAGTC_JIA_CD7_2,NK,NK,uce_l3_logreg_probe
CGGGTCATCGACCAGC_JIA_CD7_2,ILC,ILC,uce_l3_logreg_probe
CGATGTACATGTAGTC_JIA_CD7_4,NK,NK,uce_l3_logreg_probe
CATCCACGTCCGAAGA_JIA_CD7_3,NK,NK,uce_l3_logreg_probe
CAACCTCGTAGCGTGA_JIA_CD7_5,NK,NK,uce_l3_logreg_probe
CACACTCGTGTGGCTC_JIA_CD7_5,ILC,ILC,uce_l3_logreg_probe
AGCATACAGATGTGTA_JIA_CD7_4,NK,NK,uce_l3_logreg_probe
GTGTGCGTCGGATGTT_JIA_CD7_1,NK,NK,uce_l3_logreg_probe
TGCTGCTTCCGCAAGC_JIA_CD7_5,NK,NK,uce_l3_logreg_probe
TGCTACCCAGTACACT_JIA_CD7_3,NK,NK,uce_l3_logreg_probe
TCGGGACCATCCAACA_JIA_CD7_1,NK,NK,uce_l3_logreg_probe
GATCAGTAGACAAAGG_JIA_Total_26,NK,NK,uce_l3_logreg_probe
TATCAGGCACCGGAAA_JIA_CD7_5,ILC,ILC,uce_l3_logreg_probe
TGTATTCAGTTTGCGT_JIA_Total_19,NK,NK,uce_l3_logreg_probe
TACAGTGCATTCTCAT_JIA_CD7_2,NK,NK,uce_l3_logreg_probe
CGATGGCTCGCTGATA_JIA_Total_17,NK,NK,uce_l3_logreg_probe
GCATACAGTTAAGAAC_JIA_CD7_4,NK,NK,uce_l3_logreg_probe
CTCATTAAGACCTTTG_JIA_CD7_1,NK,NK,uce_l3_logreg_probe
ACCAGTACAATAGCAA_JIA_CD7_3,NK,NK,uce_l3_logreg_probe
TGGCTGGTCCGCGTTT_JIA_CD7_4,NK,NK,uce_l3_logreg_probe
CAGGTGCCAAAGCGGT_JIA_CD7_4,NK,NK,uce_l3_logreg_probe
TTCCCAGAGATGGGTC_JIA_Total_23,NK,NK,uce_l3_logreg_probe
ACGCAGCTCACCATAG_JIA_CD7_2,ILC,ILC,uce_l3_logreg_probe
GGAACTTAGCGATCCC_JIA_CD7_4,NK,NK,uce_l3_logreg_probe
CCGTGGACATAACCTG_JIA_CD7_4,NK,NK,uce_l3_logreg_probe
ACAGCCGTCTGGTATG_JIA_CD7_2,ILC,ILC,uce_l3_logreg_probe
GATCGATTCCCAAGTA_JIA_Total_1,NK,NK,uce_l3_logreg_probe
GTCGGGTTCGCGCCAA_JIA_CD7_1,NK,NK,uce_l3_logreg_probe
CACCACTGTTAAGTAG_JIA_CD7_4,NK,NK,uce_l3_logreg_probe
GCTGGGTTCGTGACAT_JIA_CD7_2,ILC,ILC,uce_l3_logreg_probe
GGAGCAAAGTTGTCGT_JIA_CD7_2,NK,NK,uce_l3_logreg_probe
CACCACTCAGGGAGAG_JIA_CD7_5,NK,NK,uce_l3_logreg_probe
TGGGATTGTAGTCGTT_JIA_CD45_1,NK,NK,uce_l3_logreg_probe
ACCAGTAAGCTACCTA_JIA_CD7_4,NK,NK,uce_l3_logreg_probe
CATATGGAGCGACGTA_JIA_Total_25,NK,NK,uce_l3_logreg_probe
CTCATTATCCCTCTTT_JIA_Total_7,NK,NK,uce_l3_logreg_probe
AACCGCGGTTCCGGCA_JIA_Total_11,ILC,ILC,uce_l3_logreg_probe
CTTGGCTCACTGCCAG_JIA_CD7_4,NK,NK,uce_l3_logreg_probe
ACATACGGTTTCCACC_JIA_CD7_1,NK,NK,uce_l3_logreg_probe
ATCTACTGTACGAAAT_JIA_CD7_3,NK,NK,uce_l3_logreg_probe
ATTGGGTCAGAAACCG_JIA_CD45_2,NK,NK,uce_l3_logreg_probe
CGATCGGTCAAAGACA_JIA_CD7_2,NK,NK,uce_l3_logreg_probe
TTGGAACCATCTGGTA_JIA_CD7_1,NK,NK,uce_l3_logreg_probe
ATCCACCCAGGGATTG_JIA_CD7_5,NK,NK,uce_l3_logreg_probe
TGCTACCAGCTCCTCT_JIA_CD7_2,NK,NK,uce_l3_logreg_probe
ATCGTAGAGGAACGAA_JIA_DC_1,NK,NK,uce_l3_logreg_probe
AAAGCAAAGCCCAACC_JIA_CD7_3,NK,NK,uce_l3_logreg_probe
GCGCCAAAGGAGTACC_JIA_CD7_4,NK,NK,uce_l3_logreg_probe
CACCAGGAGGAGTTTA_JIA_CD7_5,NK,NK,uce_l3_logreg_probe
GTACTTTAGCTACCTA_JIA_CD7_1,NK,NK,uce_l3_logreg_probe
GTTCTCGGTCTAGAGG_JIA_CD7_5,ILC,ILC,uce_l3_logreg_probe
AGTGAGGCAGGCGATA_JIA_CD7_5,NK,NK,uce_l3_logreg_probe
GCGCCAATCACGAAGG_JIA_CD7_3,NK,NK,uce_l3_logreg_probe
GCACTCTGTCCAGTAT_JIA_CD7_5,NK,NK,uce_l3_logreg_probe
TTAACTCAGTAACCCT_JIA_CD7_5,NK,NK,uce_l3_logreg_probe
TCGTACCCATCGGTTA_JIA_CD7_3,NK,NK,uce_l3_logreg_probe
CGTCTACAGCGATATA_JIA_CD7_4,NK,NK,uce_l3_logreg_probe
GTTCATTAGATGTGTA_JIA_CD7_1,NK,NK,uce_l3_logreg_probe
TGGCCAGTCGCCTGTT_JIA_CD7_5,NK,NK,uce_l3_logreg_probe
ACGATGTGTGACCAAG_JIA_CD7_5,ILC,ILC,uce_l3_logreg_probe
TTTGTTGAGCATATGA_JIA_DC_2,NK,NK,uce_l3_logreg_probe
GTGCAGCAGTATCTCG_JIA_Total_10,NK,NK,uce_l3_logreg_probe
ATTATCCTCGTCGTTC_JIA_CD7_2,NK,NK,uce_l3_logreg_probe
TGCACCTTCTCTGTCG_JIA_CD7_4,NK,NK,uce_l3_logreg_probe
TTTCCTCCAAAGGAAG_JIA_CD7_3,NK,NK,uce_l3_logreg_probe
GCGGGTTAGACTCGGA_JIA_CD7_4,NK,NK,uce_l3_logreg_probe
TTCTCAAAGTTCGATC_JIA_CD7_5,NK,NK,uce_l3_logreg_probe
GCGCAGTAGACTAAGT_JIA_CD7_3,NK,NK,uce_l3_logreg_probe
AGAGTGGAGGCTCAGA_JIA_CD7_3,NK,NK,uce_l3_logreg_probe
CATCAAGGTATATCCG_JIA_CD7_2,NK,NK,uce_l3_logreg_probe
TTAACTCAGGCTAGAC_JIA_CD7_5,NK,NK,uce_l3_logreg_probe
TTGCGTCGTTGCTCCT_JIA_CD7_5,NK,NK,uce_l3_logreg_probe
CTGCTGTCAACTGCGC_JIA_CD7_3,NK,NK,uce_l3_logreg_probe
GCAAACTTCGGATGGA_JIA_CD7_4,NK,ILC,uce_l3_logreg_probe
ATCGAGTGTGCGGTAA_JIA_CD7_1,NK,NK,uce_l3_logreg_probe
GAGCAGACAGTAAGAT_JIA_Total_7,NK,NK,uce_l3_logreg_probe
ACGGGTCCAAGGACAC_JIA_CD7_5,NK,NK,uce_l3_logreg_probe
ACATCAGTCACTTCAT_JIA_CD7_4,NK,NK,uce_l3_logreg_probe
ACGTCAAAGACAAGCC_JIA_CD7_4,ILC,ILC,uce_l3_logreg_probe
CGGACTGAGCTATGCT_JIA_CD7_1,NK,NK,uce_l3_logreg_probe
AAAGCAAAGAATGTTG_JIA_Total_24,NK,NK,uce_l3_logreg_probe
GGGTCTGAGGCTAGAC_JIA_CD7_5,NK,NK,uce_l3_logreg_probe
TAGCCGGCATTAGCCA_JIA_CD7_1,ILC,ILC,uce_l3_logreg_probe
ACCTTTAAGTAGTGCG_JIA_CD7_2,NK,NK,uce_l3_logreg_probe
TGGTTCCTCTCTTATG_JIA_CD7_5,NK,NK,uce_l3_logreg_probe
TCTTTCCCAGCCACCA_JIA_CD7_4,NK,NK,uce_l3_logreg_probe
ACTTACTTCCGCAGTG_JIA_CD7_5,NK,NK,uce_l3_logreg_probe
ACGCCAGCATCACGTA_JIA_CD7_2,ILC,ILC,uce_l3_logreg_probe
AGGTCCGCATGGTCAT_JIA_CD7_5,NK,NK,uce_l3_logreg_probe
ACAGCCGTCAGGCCCA_JIA_CD7_2,ILC,ILC,uce_l3_logreg_probe
CGACTTCCAAGTAGTA_JIA_CD7_4,NK,NK,uce_l3_logreg_probe
GCACTCTCATTAGGCT_JIA_CD7_4,NK,NK,uce_l3_logreg_probe
CGAGCCAGTACGCACC_JIA_CD7_5,NK,NK,uce_l3_logreg_probe
CCTTACGTCAGGCGAA_JIA_CD7_2,NK,NK,uce_l3_logreg_probe
TACTCGCCAGATCTGT_JIA_CD7_2,NK,NK,uce_l3_logreg_probe
TCTCATACATTCACTT_JIA_CD7_4,NK,NK,uce_l3_logreg_probe
TCCCGATTCTATCGCC_JIA_CD7_5,NK,NK,uce_l3_logreg_probe
GCTTGAAGTCGCGTGT_JIA_Total_17,NK,NK,uce_l3_logreg_probe
GTCGTAAGTAGTGAAT_JIA_Total_23,NK,NK,uce_l3_logreg_probe
GTAGGCCGTTTCCACC_JIA_CD7_5,NK,NK,uce_l3_logreg_probe
TGTATTCAGTAGTGCG_JIA_CD7_4,ILC,ILC,uce_l3_logreg_probe
GTACTTTCACCGAATT_JIA_CD7_4,NK,NK,uce_l3_logreg_probe
GGCTCGACAGAAGCAC_JIA_CD7_4,NK,NK,uce_l3_logreg_probe
CATATTCGTCCATGAT_JIA_Total_13,NK,NK,uce_l3_logreg_probe
TGGCTGGAGTAGCGGT_JIA_CD7_4,NK,NK,uce_l3_logreg_probe
GCGCGATGTACACCGC_JIA_CD7_1,NK,NK,uce_l3_logreg_probe
CTGCCTACATACCATG_JIA_CD7_5,NK,NK,uce_l3_logreg_probe
AGCTCTCTCGTCTGCT_JIA_CD7_5,NK,NK,uce_l3_logreg_probe
CGGTTAATCAAGCCTA_JIA_CD7_4,NK,NK,uce_l3_logreg_probe
TTGAACGGTCCGTTAA_JIA_CD7_5,NK,NK,uce_l3_logreg_probe
CCCTCCTAGTCCCACG_JIA_CD7_2,ILC,ILC,uce_l3_logreg_probe
GCAATCAAGCAATCTC_JIA_CD7_4,NK,NK,uce_l3_logreg_probe
CATATGGGTGCGCTTG_JIA_CD7_5,NK,NK,uce_l3_logreg_probe
GCTGCGAGTGAGGCTA_JIA_CD7_5,NK,NK,uce_l3_logreg_probe
CACACCTGTCACACGC_JIA_CD7_2,ILC,ILC,uce_l3_logreg_probe
TCGCGAGAGACCTTTG_JIA_Total_26,ILC,ILC,uce_l3_logreg_probe
CACACAATCGTTTATC_JIA_CD7_5,NK,NK,uce_l3_logreg_probe
GGGACCTTCCTTTCTC_JIA_CD7_5,NK,NK,uce_l3_logreg_probe
CTACGTCGTCAGTGGA_JIA_CD7_5,NK,NK,uce_l3_logreg_probe
CACAGTAAGATCTGCT_JIA_CD7_5,NK,NK,uce_l3_logreg_probe
GTGAAGGGTGGCTCCA_JIA_CD7_2,NK,NK,uce_l3_logreg_probe
GCTGCTTGTCTCCACT_JIA_CD7_3,NK,NK,uce_l3_logreg_probe
AACTCCCTCAGCCTAA_JIA_Total_23,NK,NK,uce_l3_logreg_probe
CGTCCATTCTTTAGGG_JIA_CD7_1,NK,NK,uce_l3_logreg_probe
CGCTGGATCCTGCTTG_JIA_Total_25,NK,NK,uce_l3_logreg_probe
ACCTTTAGTCTACCTC_JIA_CD7_5,NK,NK,uce_l3_logreg_probe
CATCGAAAGGCAATTA_JIA_CD7_2,ILC,ILC,uce_l3_logreg_probe
AGCGGTCCATCCAACA_JIA_CD7_4,NK,NK,uce_l3_logreg_probe
GATTCAGAGAATGTGT_JIA_Total_10,ILC,ILC,uce_l3_logreg_probe
GCTGCGATCTGCAGTA_JIA_CD7_4,NK,NK,uce_l3_logreg_probe
ACAGCCGGTCAAAGCG_JIA_CD7_1,NK,NK,uce_l3_logreg_probe
GCGCAGTCATAGTAAG_JIA_Total_19,NK,NK,uce_l3_logreg_probe
TCAGATGGTGAGGCTA_JIA_Total_2,NK,NK,uce_l3_logreg_probe
GGAACTTTCGTATCAG_JIA_CD7_1,NK,NK,uce_l3_logreg_probe
TAGCCGGAGATCACGG_JIA_CD7_4,NK,NK,uce_l3_logreg_probe
CACCTTGAGTGGTAGC_JIA_CD7_3,NK,NK,uce_l3_logreg_probe
GTGAAGGAGATAGCAT_JIA_Total_10,NK,NK,uce_l3_logreg_probe
CTCGTACGTTAAGTAG_JIA_CD7_2,NK,NK,uce_l3_logreg_probe
GTAACTGGTTTAGGAA_JIA_CD7_4,ILC,ILC,uce_l3_logreg_probe
CTAGTGAAGGAGTTTA_JIA_CD7_5,NK,NK,uce_l3_logreg_probe
GGAAAGCTCCTCAATT_JIA_CD7_5,NK,NK,uce_l3_logreg_probe
TTGAACGCATGCCTTC_JIA_CD7_5,NK,NK,uce_l3_logreg_probe
TCTCTAACATCACCCT_JIA_Total_24,NK,NK,uce_l3_logreg_probe
GAATAAGCACCGAAAG_JIA_CD7_2,NK,NK,uce_l3_logreg_probe
CCTCTGACAAACGCGA_JIA_Total_1,NK,NK,uce_l3_logreg_probe
CACACTCGTAGGACAC_JIA_CD7_5,NK,NK,uce_l3_logreg_probe
CGGACGTCATAAGACA_JIA_CD7_3,NK,NK,uce_l3_logreg_probe
AGCAGCCCAAATCCGT_JIA_CD7_5,NK,NK,uce_l3_logreg_probe
TCTCTAATCCGCGCAA_JIA_CD7_5,NK,NK,uce_l3_logreg_probe
GACCTGGCAACAACCT_JIA_CD7_2,NK,NK,uce_l3_logreg_probe
AGACGTTAGCTAACTC_JIA_CD7_3,NK,NK,uce_l3_logreg_probe
CAAGAAAGTTACCGAT_JIA_CD7_5,NK,NK,uce_l3_logreg_probe
CTGATCCAGATATGGT_JIA_Total_17,NK,NK,uce_l3_logreg_probe
TGCCAAATCAGAGGTG_JIA_Total_4,NK,NK,uce_l3_logreg_probe
TCTGAGATCTGATTCT_JIA_CD7_4,NK,NK,uce_l3_logreg_probe
TGACGGCAGTGGACGT_JIA_Total_17,NK,NK,uce_l3_logreg_probe
ACGGAGATCTTCGAGA_JIA_CD7_5,NK,NK,uce_l3_logreg_probe
GAAACTCGTAAATACG_JIA_CD7_3,NK,ILC,uce_l3_logreg_probe
CTCGTCACACTTGGAT_JIA_CD7_5,NK,NK,uce_l3_logreg_probe
TTTGTCACAAAGGAAG_JIA_CD7_2,ILC,ILC,uce_l3_logreg_probe
CGCGTTTGTCTCTCTG_JIA_CD7_3,NK,ILC,uce_l3_logreg_probe
TTAGGCAAGAACAATC_JIA_CD7_3,NK,NK,uce_l3_logreg_probe
TGCCCTACATACAGCT_JIA_Total_1,NK,NK,uce_l3_logreg_probe
CCCAATCAGTATCGAA_JIA_CD7_5,NK,NK,uce_l3_logreg_probe
TCTGAGAAGTCTTGCA_JIA_Total_25,NK,NK,uce_l3_logreg_probe
CTCGTCAGTAGCGCAA_JIA_CD7_3,NK,NK,uce_l3_logreg_probe
CTGCTGTGTGCCTGGT_JIA_Total_26,NK,NK,uce_l3_logreg_probe
TAGTTGGGTTTGGCGC_JIA_CD7_5,NK,NK,uce_l3_logreg_probe
TTCTTAGAGGAGTACC_JIA_CD7_1,NK,NK,uce_l3_logreg_probe
TTCTACAAGCTTCGCG_JIA_CD7_1,NK,NK,uce_l3_logreg_probe
TTGACTTAGTCATGCT_JIA_CD7_4,NK,NK,uce_l3_logreg_probe
CGTAGCGCAACTTGAC_JIA_CD7_4,NK,NK,uce_l3_logreg_probe
ATGCGATAGCCAACAG_JIA_CD7_2,NK,NK,uce_l3_logreg_probe
AGTAGTCGTACCGTTA_JIA_CD7_5,NK,NK,uce_l3_logreg_probe
TTGCGTCTCCTCAATT_JIA_CD7_3,NK,NK,uce_l3_logreg_probe
CAAGGCCAGTAGCGGT_JIA_CD7_3,NK,NK,uce_l3_logreg_probe
GTACTCCGTTTGTTTC_JIA_CD7_2,NK,NK,uce_l3_logreg_probe
TGGCGCAAGAAGGACA_JIA_Total_26,NK,NK,uce_l3_logreg_probe
GCAGTTACAAGACACG_JIA_Total_25,NK,NK,uce_l3_logreg_probe
CTGGTCTGTGGAAAGA_JIA_CD7_2,NK,NK,uce_l3_logreg_probe
TGAGAGGGTCCGCTGA_JIA_CD7_5,NK,NK,uce_l3_logreg_probe
AACTGGTAGCGTTTAC_JIA_CD7_4,NK,NK,uce_l3_logreg_probe
GACAGAGGTGTGGTTT_JIA_CD7_3,NK,NK,uce_l3_logreg_probe
TACTCATAGATCCGAG_JIA_CD7_4,NK,NK,uce_l3_logreg_probe
TCACAAGTCTAAGCCA_JIA_CD7_4,NK,NK,uce_l3_logreg_probe
TCTTTCCCACATTAGC_JIA_Total_16,NK,NK,uce_l3_logreg_probe
AAACGGGCAGACTCGC_JIA_CD7_3,ILC,ILC,uce_l3_logreg_probe
CCACGGATCTATCCTA_JIA_CD7_5,NK,NK,uce_l3_logreg_probe
GTATTCTTCCATGAGT_JIA_Total_19,NK,NK,uce_l3_logreg_probe
GAGTCCGCATATGAGA_JIA_Total_1,NK,NK,uce_l3_logreg_probe
GAATAAGAGTTAAGTG_JIA_Total_19,NK,NK,uce_l3_logreg_probe
GGGTTGCGTCCATCCT_JIA_CD7_5,NK,NK,uce_l3_logreg_probe
GTGCATATCGTTACAG_JIA_CD7_4,NK,NK,uce_l3_logreg_probe
CAGGTGCAGCATCATC_JIA_Total_11,NK,NK,uce_l3_logreg_probe
CCACCTAAGAGGTTAT_JIA_CD7_5,NK,NK,uce_l3_logreg_probe
TTGGCAAGTCGCATAT_JIA_CD7_3,NK,NK,uce_l3_logreg_probe
CTGTTTATCGGTTCGG_JIA_CD7_2,NK,NK,uce_l3_logreg_probe
GGTATTGAGAATTCCC_JIA_CD7_3,NK,NK,uce_l3_logreg_probe
TCGGTAAAGCGAGAAA_JIA_CD7_4,NK,NK,uce_l3_logreg_probe
TCAGCTCGTTGTGGCC_JIA_CD7_1,NK,NK,uce_l3_logreg_probe
CGGACACAGCCCGAAA_JIA_CD7_3,NK,NK,uce_l3_logreg_probe
CTAACTTCATAGACTC_JIA_CD7_4,NK,NK,uce_l3_logreg_probe
GACGTTACAACAACCT_JIA_CD7_2,NK,NK,uce_l3_logreg_probe
GATGCTAAGTACCGGA_JIA_CD7_5,ILC,ILC,uce_l3_logreg_probe
GGCCGATGTAAGAGGA_JIA_CD7_5,NK,NK,uce_l3_logreg_probe
AGGTCCGAGGACTGGT_JIA_CD7_5,ILC,ILC,uce_l3_logreg_probe
AGTCTTTGTTGTGGAG_JIA_CD7_5,NK,ILC,uce_l3_logreg_probe
GTACGTACACTATCTT_JIA_CD7_3,ILC,ILC,uce_l3_logreg_probe
CGTCACTTCCGCATCT_JIA_CD7_5,NK,NK,uce_l3_logreg_probe
ATCACGATCAAACCAC_JIA_CD7_3,ILC,ILC,uce_l3_logreg_probe
GTTCGGGTCACCTCGT_JIA_CD7_2,NK,NK,uce_l3_logreg_probe
AAGTCTGGTCCGAACC_JIA_CD7_5,NK,NK,uce_l3_logreg_probe
TCTGAGATCCCTTGCA_JIA_CD7_1,NK,NK,uce_l3_logreg_probe
AGAGTGGCATGCTGGC_JIA_CD7_4,NK,NK,uce_l3_logreg_probe
AAGGAGCGTCTAGCCG_JIA_CD7_5,NK,NK,uce_l3_logreg_probe
CGTAGGCAGGCAGTCA_JIA_Total_23,NK,NK,uce_l3_logreg_probe
GATGCTACAGATCCAT_JIA_CD7_4,NK,NK,uce_l3_logreg_probe
AAAGCAACACGGTAGA_JIA_CD7_3,NK,NK,uce_l3_logreg_probe
ACTTGTTAGGGCTTGA_JIA_CD7_5,NK,NK,uce_l3_logreg_probe
TGCGTGGGTCACTTCC_JIA_Total_11,NK,NK,uce_l3_logreg_probe
CGTAGGCTCTGGTGTA_JIA_Total_19,NK,NK,uce_l3_logreg_probe
GATGCTACACTGTTAG_JIA_Total_19,NK,NK,uce_l3_logreg_probe
CACAGTAAGACCACGA_JIA_CD7_4,NK,NK,uce_l3_logreg_probe
GTTACAGAGACGACGT_JIA_CD7_2,NK,NK,uce_l3_logreg_probe
CCTACCATCTGCTGCT_JIA_CD7_1,NK,NK,uce_l3_logreg_probe
CTCGAGGAGAAACCTA_JIA_CD7_5,ILC,ILC,uce_l3_logreg_probe
CAGAGAGTCTCTAAGG_JIA_Total_1,NK,NK,uce_l3_logreg_probe
ATCCACCAGTGTACTC_JIA_Total_7,NK,NK,uce_l3_logreg_probe
GACACGCCACGGTAAG_JIA_CD7_4,NK,NK,uce_l3_logreg_probe
CGTCCATAGCCAACAG_JIA_CD7_4,NK,NK,uce_l3_logreg_probe
GGCTGGTCAGGTCGTC_JIA_CD7_5,NK,NK,uce_l3_logreg_probe
CAGGTGCTCCTCAATT_JIA_Total_1,ILC,ILC,uce_l3_logreg_probe
GACCTGGAGGGTCTCC_JIA_CD7_4,NK,NK,uce_l3_logreg_probe
ATCCGAAGTCTGCAAT_JIA_Total_17,NK,NK,uce_l3_logreg_probe
TTTATGCGTGCATCTA_JIA_CD7_3,NK,NK,uce_l3_logreg_probe
CTGTGCTAGACAAAGG_JIA_CD7_3,NK,NK,uce_l3_logreg_probe
GCGCAGTGTGTAATGA_JIA_CD7_3,NK,NK,uce_l3_logreg_probe
AGACACTAGGTGTGAC_JIA_CD45_2,ILC,ILC,uce_l3_logreg_probe
TTCGGTCAGCCTTGAT_JIA_CD7_5,NK,NK,uce_l3_logreg_probe
TACGGTAGTTGGGACA_JIA_CD7_4,NK,NK,uce_l3_logreg_probe
AATCGGTAGAAACCAT_JIA_CD7_1,NK,NK,uce_l3_logreg_probe
TGGCTGGGTCGGGTCT_JIA_CD7_4,NK,NK,uce_l3_logreg_probe
GCAAACTAGTGAACGC_JIA_CD7_4,NK,NK,uce_l3_logreg_probe
CAGCTGGTCCACGACG_JIA_CD7_1,NK,NK,uce_l3_logreg_probe
TCGTACCGTCGCATAT_JIA_CD7_3,NK,NK,uce_l3_logreg_probe
GTCCTCATCACATACG_JIA_CD7_1,NK,NK,uce_l3_logreg_probe
CAGATCACATTAGGCT_JIA_CD7_5,NK,NK,uce_l3_logreg_probe
CACACCTTCGAACTGT_JIA_CD7_4,NK,NK,uce_l3_logreg_probe
TTGCGTCTCAACACTG_JIA_CD7_1,NK,NK,uce_l3_logreg_probe
GCACTCTAGCGCTCCA_JIA_CD7_4,NK,NK,uce_l3_logreg_probe
GGAGCAATCGCACTCT_JIA_CD7_2,NK,NK,uce_l3_logreg_probe
GAAATGATCGTGGTCG_JIA_CD7_5,NK,NK,uce_l3_logreg_probe
TGCCCTATCCGCATCT_JIA_CD7_5,ILC,ILC,uce_l3_logreg_probe
TTAACTCAGCTGAAAT_JIA_CD7_1,NK,NK,uce_l3_logreg_probe
GAACACTGTGGACTGA_JIA_DC_1,NK,NK,uce_l3_logreg_probe
ACTTTCATCCTCTAGC_JIA_CD7_4,NK,NK,uce_l3_logreg_probe
GTGCGGTGTCGCGTGT_JIA_CD7_2,NK,NK,uce_l3_logreg_probe
CGTGTCTTCAAACAAG_JIA_CD7_4,NK,NK,uce_l3_logreg_probe
TCGGTAACACTAGTAC_JIA_CD7_5,NK,NK,uce_l3_logreg_probe
GGACATTGTGTCGCTG_JIA_CD7_3,ILC,ILC,uce_l3_logreg_probe
GTATTCTTCATGCTCC_JIA_CD7_5,NK,ILC,uce_l3_logreg_probe
GGACAGAAGGTGTTAA_JIA_CD7_3,NK,NK,uce_l3_logreg_probe
TGACTTTAGTATCGAA_JIA_CD7_2,ILC,ILC,uce_l3_logreg_probe
TAGAGCTCAGTCCTTC_JIA_CD7_5,NK,NK,uce_l3_logreg_probe
TCGTACCCACACATGT_JIA_Total_24,NK,NK,uce_l3_logreg_probe
GATGAAAGTTGCGTTA_JIA_CD7_1,NK,NK,uce_l3_logreg_probe
GAAATGAGTAGCGTGA_JIA_CD7_4,NK,NK,uce_l3_logreg_probe
AACCATGGTTCTGGTA_JIA_CD7_5,NK,NK,uce_l3_logreg_probe
AATCCAGAGTGGACGT_JIA_CD7_3,NK,NK,uce_l3_logreg_probe
AAGTCTGAGTCTCCTC_JIA_CD7_5,NK,NK,uce_l3_logreg_probe
GACGTTACATATGGTC_JIA_Total_2,NK,NK,uce_l3_logreg_probe
CCGTGGAGTCTAAACC_JIA_Total_26,NK,NK,uce_l3_logreg_probe
CTTAACTGTGGAAAGA_JIA_CD7_5,NK,NK,uce_l3_logreg_probe
ATTTCTGAGTACACCT_JIA_CD7_4,NK,NK,uce_l3_logreg_probe
TGTATTCCACGGCCAT_JIA_CD7_1,NK,NK,uce_l3_logreg_probe
TGCGTGGCAGTGACAG_JIA_CD7_5,NK,NK,uce_l3_logreg_probe
GAACATCAGTTGTAGA_JIA_CD7_3,NK,NK,uce_l3_logreg_probe
CATCGTCTCTGACCCT_JIA_DC_1,ILC,ILC,uce_l3_logreg_probe
TAGTGGTAGTAAGTAC_JIA_CD7_3,ILC,ILC,uce_l3_logreg_probe
TCATATCAGACGGATC_JIA_CD45_1,NK,NK,uce_l3_logreg_probe
CAGCTAATCAGGTAAA_JIA_CD7_5,NK,NK,uce_l3_logreg_probe
GACTCAAGTCCGGTGT_JIA_DC_2,NK,NK,uce_l3_logreg_probe
TGCGGGTTCATTCACT_JIA_CD7_5,NK,NK,uce_l3_logreg_probe
CAACCTCGTTCCATGA_JIA_Total_10,NK,NK,uce_l3_logreg_probe
TGTTCCGGTTGTCTTT_JIA_CD7_4,NK,NK,uce_l3_logreg_probe
AACGTTGTCATAGCAC_JIA_CD7_3,NK,NK,uce_l3_logreg_probe
AGCGTATCAGCTGTTA_JIA_CD7_4,NK,NK,uce_l3_logreg_probe
TGCGGGTAGAAACGAG_JIA_CD7_3,NK,NK,uce_l3_logreg_probe
GTTTCTATCCGAATGT_JIA_CD7_2,ILC,ILC,uce_l3_logreg_probe
CAAGAAATCCCTCTTT_JIA_Total_1,NK,NK,uce_l3_logreg_probe
TACTTACCATGGGAAC_JIA_Total_1,NK,NK,uce_l3_logreg_probe
GTCACAACAGGCGATA_JIA_Total_20,NK,NK,uce_l3_logreg_probe
CTCTGGTAGCCTTGAT_JIA_CD7_1,NK,NK,uce_l3_logreg_probe
CACACAAGTGACTACT_JIA_Total_4,NK,NK,uce_l3_logreg_probe
CCCAATCCAGTTTACG_JIA_CD7_4,NK,NK,uce_l3_logreg_probe
CTGGACGCATACAGAA_JIA_DC_2,NK,NK,uce_l3_logreg_probe
GGACAGACACCAGTTA_JIA_CD7_4,ILC,ILC,uce_l3_logreg_probe
CACAGTAAGGAGTTGC_JIA_CD7_5,NK,NK,uce_l3_logreg_probe
TTTGCGCGTCTGATTG_JIA_CD7_4,NK,NK,uce_l3_logreg_probe
CTTCTCTTCGCATGGC_JIA_CD7_3,NK,NK,uce_l3_logreg_probe
ACTTACTCACTTAACG_JIA_CD7_5,NK,NK,uce_l3_logreg_probe
TTGCCGTTCAGTTCGA_JIA_CD7_5,NK,NK,uce_l3_logreg_probe
TCTGAGAGTCTTGCGG_JIA_CD7_5,ILC,ILC,uce_l3_logreg_probe
TATGCCCGTACTTAGC_JIA_Total_2,ILC,NK,uce_l3_logreg_probe
CTTGGCTAGTTAACGA_JIA_CD7_5,NK,NK,uce_l3_logreg_probe
GTTACAGCACATGGGA_JIA_CD7_2,NK,ILC,uce_l3_logreg_probe
GGAATAATCAACACAC_JIA_CD7_3,NK,NK,uce_l3_logreg_probe
CTTACCGAGGCTCAGA_JIA_CD7_4,ILC,ILC,uce_l3_logreg_probe
GACTGCGGTTAAGTAG_JIA_CD7_1,NK,NK,uce_l3_logreg_probe
GCTTCCATCTCACATT_JIA_Total_25,NK,NK,uce_l3_logreg_probe
CTGTTTATCTCGCTTG_JIA_CD7_4,NK,NK,uce_l3_logreg_probe
CATTATCCACGCCAGT_JIA_CD7_1,NK,NK,uce_l3_logreg_probe
GTAATCGCATCTAGAC_JIA_DC_1,NK,ILC,uce_l3_logreg_probe
GTTCATTGTTTGTTTC_JIA_CD7_2,NK,NK,uce_l3_logreg_probe
ACGCAGCCAGGTTTCA_JIA_CD7_5,NK,NK,uce_l3_logreg_probe
ACAGCCGCACTTAACG_JIA_CD7_1,NK,NK,uce_l3_logreg_probe
CTGCTGTAGCTCCCAG_JIA_CD7_1,NK,NK,uce_l3_logreg_probe
CATCAAGAGAAACGCC_JIA_CD7_5,NK,NK,uce_l3_logreg_probe
GTGAGGAGTATAGCTC_JIA_DC_2,NK,NK,uce_l3_logreg_probe
CGGCTAGCATACTCTT_JIA_CD7_1,NK,NK,uce_l3_logreg_probe
ACCGTAAGTCAATACC_JIA_CD7_3,NK,NK,uce_l3_logreg_probe
AAAGATGCATGGGACA_JIA_CD7_5,NK,NK,uce_l3_logreg_probe
TCTATTGTCGAGAACG_JIA_CD7_4,NK,NK,uce_l3_logreg_probe
TGACTTTCAATGAAAC_JIA_CD7_5,NK,NK,uce_l3_logreg_probe
GTTTCTAAGGTAAACT_JIA_CD7_4,NK,NK,uce_l3_logreg_probe
GTACTTTGTCAGCTAT_JIA_CD7_2,NK,NK,uce_l3_logreg_probe
ACGGGCTTCGTATCAG_JIA_CD7_3,NK,NK,uce_l3_logreg_probe
CGTAGGCAGATCCGAG_JIA_CD7_5,NK,NK,uce_l3_logreg_probe
CGACTTCCATTTGCCC_JIA_CD7_2,NK,NK,uce_l3_logreg_probe
AAGACCTTCCTATTCA_JIA_CD7_4,ILC,ILC,uce_l3_logreg_probe
ATCGAGTCACAGACAG_JIA_CD7_5,NK,NK,uce_l3_logreg_probe
CAAGATCCAGACGCAA_JIA_CD7_2,ILC,ILC,uce_l3_logreg_probe
ATCCGAAAGTTCGATC_JIA_CD7_5,NK,NK,uce_l3_logreg_probe
AGCGTCGCAATGGTCT_JIA_CD7_5,NK,NK,uce_l3_logreg_probe
CGTGTAAAGAGCTGCA_JIA_Total_19,ILC,ILC,uce_l3_logreg_probe
CAAGTTGCAGCTCGCA_JIA_CD7_3,ILC,ILC,uce_l3_logreg_probe
TGGTTAGAGGTTACCT_JIA_CD7_5,NK,NK,uce_l3_logreg_probe
CCACCTATCCGCTGTT_JIA_CD7_5,ILC,ILC,uce_l3_logreg_probe
CACCACTGTCAATACC_JIA_CD7_3,NK,NK,uce_l3_logreg_probe
GACTGCGGTGTATGGG_JIA_CD7_5,NK,NK,uce_l3_logreg_probe
TAGACCATCCGAATGT_JIA_CD7_4,NK,NK,uce_l3_logreg_probe
CCTACACCAGGGTACA_JIA_CD7_1,NK,NK,uce_l3_logreg_probe
TCCACACCAATAGCAA_JIA_CD7_2,NK,NK,uce_l3_logreg_probe
AACTGGTCATACAGCT_JIA_CD7_5,NK,NK,uce_l3_logreg_probe
GTCTTCGCAAGCTGTT_JIA_Total_23,NK,NK,uce_l3_logreg_probe
TTTACTGAGAAGGCCT_JIA_CD7_5,NK,NK,uce_l3_logreg_probe
CCAATCCTCCCATTAT_JIA_Total_20,NK,NK,uce_l3_logreg_probe
GACTCTCGTGCATTTG_JIA_CD45_1,ILC,ILC,uce_l3_logreg_probe
TACCTTAAGGACAGCT_JIA_CD7_3,NK,NK,uce_l3_logreg_probe
GTCGTAAGTCTGCCAG_JIA_CD7_5,NK,NK,uce_l3_logreg_probe
GCTGCTTCACTAAGTC_JIA_CD7_3,NK,NK,uce_l3_logreg_probe
CATGGCGAGCGTGAAC_JIA_CD7_5,NK,NK,uce_l3_logreg_probe
GTATCTTGTCTCTCTG_JIA_CD7_3,NK,NK,uce_l3_logreg_probe
CGTCAGGAGAAGATTC_JIA_CD7_3,NK,NK,uce_l3_logreg_probe
TTCACGCCATGGAATA_JIA_DC_1,NK,ILC,uce_l3_logreg_probe
CGGGTCAGTCATTAGC_JIA_Total_20,NK,NK,uce_l3_logreg_probe
ATAGACCTCATCTGCC_JIA_CD7_4,NK,NK,uce_l3_logreg_probe
CTAAGACCAGACGCTC_JIA_CD7_2,NK,NK,uce_l3_logreg_probe
GGCTCGATCTTCATGT_JIA_CD7_5,NK,NK,uce_l3_logreg_probe
TGACAACCAGATGGGT_JIA_CD7_3,NK,NK,uce_l3_logreg_probe
CACACAATCTGCGACG_JIA_CD7_1,NK,NK,uce_l3_logreg_probe
AAAGATGCAGTGGAGT_JIA_CD7_5,NK,NK,uce_l3_logreg_probe
GCATGATAGATGTAAC_JIA_CD7_2,NK,NK,uce_l3_logreg_probe
GACACGCCACACAGAG_JIA_CD7_5,NK,NK,uce_l3_logreg_probe
ACGGAGAAGTCCATAC_JIA_CD7_1,NK,NK,uce_l3_logreg_probe
TTGAACGTCGATAGAA_JIA_CD7_1,NK,NK,uce_l3_logreg_probe
TACTTGTGTTGATTCG_JIA_CD7_5,ILC,ILC,uce_l3_logreg_probe
ACCCACTCACCTGGTG_JIA_CD7_5,NK,NK,uce_l3_logreg_probe
CCTAAAGAGTCTTGCA_JIA_CD7_3,NK,NK,uce_l3_logreg_probe
GGGCATCGTTCCGTCT_JIA_Total_20,NK,NK,uce_l3_logreg_probe
TTGCGTCTCCCAGGTG_JIA_CD7_4,NK,NK,uce_l3_logreg_probe
TGATTTCAGAGTACCG_JIA_Total_19,ILC,ILC,uce_l3_logreg_probe
ACCGTAAAGCCCGAAA_JIA_CD7_3,NK,NK,uce_l3_logreg_probe
GCAGTTATCCCGGATG_JIA_CD7_2,ILC,ILC,uce_l3_logreg_probe
TGGTTAGCACGGACAA_JIA_CD7_5,ILC,ILC,uce_l3_logreg_probe
CAGCTGGCATGCAATC_JIA_CD7_4,NK,NK,uce_l3_logreg_probe
CGTCTACAGTAGTGCG_JIA_CD7_5,NK,NK,uce_l3_logreg_probe
TTCTCCTTCTTTACAC_JIA_CD7_5,NK,NK,uce_l3_logreg_probe
ATTACTCAGGGCTCTC_JIA_CD7_3,NK,NK,uce_l3_logreg_probe
ACCGTAAAGTGGCACA_JIA_CD7_5,NK,NK,uce_l3_logreg_probe
TGAGAGGCAACGATGG_JIA_CD7_4,NK,NK,uce_l3_logreg_probe
CGGGTCACATCGGTTA_JIA_Total_1,ILC,ILC,uce_l3_logreg_probe
CATATGGAGTATTGGA_JIA_CD7_4,NK,NK,uce_l3_logreg_probe
CATCGGGAGGCTACGA_JIA_Total_10,NK,NK,uce_l3_logreg_probe
CGAATGTTCCACGACG_JIA_CD7_2,NK,NK,uce_l3_logreg_probe
AACTCAGTCCAGAGGA_JIA_CD7_4,NK,NK,uce_l3_logreg_probe
ACATACGGTTCGTGAT_JIA_CD7_3,NK,NK,uce_l3_logreg_probe
GGCAATTCACAGAGGT_JIA_CD7_5,NK,NK,uce_l3_logreg_probe
CAGCGACCAAGGTTTC_JIA_CD7_4,NK,NK,uce_l3_logreg_probe
CATGCCTCAAGGTTTC_JIA_CD7_4,NK,NK,uce_l3_logreg_probe
CTGGTCTAGGGATACC_JIA_CD7_5,NK,ILC,uce_l3_logreg_probe
ACAGCCGCAACGCACC_JIA_CD7_4,NK,NK,uce_l3_logreg_probe
TGACAACGTGACGGTA_JIA_CD7_4,ILC,ILC,uce_l3_logreg_probe
CTAACTTCAGATAATG_JIA_CD7_4,NK,NK,uce_l3_logreg_probe
AGAATAGGTGATGATA_JIA_CD7_5,NK,NK,uce_l3_logreg_probe
GTGAAGGGTGCATCTA_JIA_CD7_1,NK,NK,uce_l3_logreg_probe
ACGGAGACACCGGAAA_JIA_Total_20,NK,NK,uce_l3_logreg_probe
GTGGGTCAGAAGCCCA_JIA_CD7_4,NK,NK,uce_l3_logreg_probe
ACGAGGACAGGCGATA_JIA_CD7_1,NK,NK,uce_l3_logreg_probe
TGTATTCCAGCTGCTG_JIA_CD7_1,NK,NK,uce_l3_logreg_probe
AACACGTCACGAGGTA_JIA_Total_26,NK,NK,uce_l3_logreg_probe
GGACATTGTAGTGAAT_JIA_CD7_5,NK,NK,uce_l3_logreg_probe
CGGCTAGTCATAACCG_JIA_CD7_3,ILC,ILC,uce_l3_logreg_probe
CACACAAAGATCGGGT_JIA_CD7_5,NK,NK,uce_l3_logreg_probe
TGAAAGATCGTTGACA_JIA_CD7_4,NK,NK,uce_l3_logreg_probe
AACTCCCCATGCATGT_JIA_Total_19,NK,NK,uce_l3_logreg_probe
GGCAATTAGCGAGAAA_JIA_CD7_5,NK,NK,uce_l3_logreg_probe
TTAACTCTCTTACCTA_JIA_CD7_1,NK,NK,uce_l3_logreg_probe
GTACGTAGTCCCTTGT_JIA_CD7_5,NK,NK,uce_l3_logreg_probe
ACGCACGTCCGCACTT_JIA_DC_1,NK,NK,uce_l3_logreg_probe
CGTGTCTTCCGAGCCA_JIA_CD7_2,ILC,ILC,uce_l3_logreg_probe
GGAATAAAGAAACGAG_JIA_Total_10,NK,NK,uce_l3_logreg_probe
CTCAGAAAGCGCCTCA_JIA_CD7_5,NK,NK,uce_l3_logreg_probe
TTCCCAGCATTCCTGC_JIA_CD7_5,NK,NK,uce_l3_logreg_probe
GTTCTCGCAAGCTGGA_JIA_CD7_5,NK,NK,uce_l3_logreg_probe
AGCTTGATCGGAATCT_JIA_CD7_5,NK,NK,uce_l3_logreg_probe
AAATGCCAGCTGTTCA_JIA_CD7_5,ILC,ILC,uce_l3_logreg_probe
CGAGAAGGTGTGACGA_JIA_CD7_3,NK,NK,uce_l3_logreg_probe
GTGCGGTGTCTCTCGT_JIA_CD7_5,NK,NK,uce_l3_logreg_probe
GGTATTGAGTGTTAGA_JIA_CD7_4,NK,NK,uce_l3_logreg_probe
GACTGCGCAGATCCAT_JIA_CD7_5,NK,NK,uce_l3_logreg_probe
TCTATTGTCAGCTGGC_JIA_CD7_4,NK,NK,uce_l3_logreg_probe
TGTATTCTCCTCATTA_JIA_Total_7,NK,NK,uce_l3_logreg_probe
TACAGTGTCTCTTATG_JIA_CD7_2,NK,NK,uce_l3_logreg_probe
GTTTCTATCCGTTGTC_JIA_Total_1,NK,NK,uce_l3_logreg_probe
TGAAAGACAGGGTACA_JIA_CD7_3,NK,NK,uce_l3_logreg_probe
ATAGACCGTAGCCTCG_JIA_CD7_5,NK,NK,uce_l3_logreg_probe
TGAGCCGTCGCAAACT_JIA_CD7_5,NK,NK,uce_l3_logreg_probe
CTCGTACAGATGCGAC_JIA_CD7_5,NK,NK,uce_l3_logreg_probe
TATCAGGAGACCTTTG_JIA_CD7_4,NK,NK,uce_l3_logreg_probe
GGCAATTTCATTGCGA_JIA_CD7_5,NK,NK,uce_l3_logreg_probe
CTCGTCATCCAGTAGT_JIA_CD7_2,NK,NK,uce_l3_logreg_probe
AGTAGTCCAGCCAGAA_JIA_CD7_2,NK,NK,uce_l3_logreg_probe
TCAGGTATCTCGATGA_JIA_CD7_3,NK,NK,uce_l3_logreg_probe
CGCTTCAAGCGAGAAA_JIA_CD7_4,NK,NK,uce_l3_logreg_probe
CGAGAAGTCGGCATCG_JIA_CD7_5,NK,NK,uce_l3_logreg_probe
GATCTAGGTTGGTGGA_JIA_CD7_4,NK,NK,uce_l3_logreg_probe
GGATTACAGCTGCCCA_JIA_CD7_4,NK,NK,uce_l3_logreg_probe
CTGAAACAGAGCTGGT_JIA_CD7_1,NK,NK,uce_l3_logreg_probe
CATTATCTCCGCGCAA_JIA_CD7_5,NK,NK,uce_l3_logreg_probe
GGGACCTGTCAACTGT_JIA_CD7_5,ILC,ILC,uce_l3_logreg_probe
GTGCAGCCAGCTTTCC_JIA_CD45_2,NK,NK,uce_l3_logreg_probe
ACACCAAGTTGCGCAC_JIA_CD7_2,ILC,ILC,uce_l3_logreg_probe
CTACCCACACTAAGTC_JIA_Total_13,ILC,ILC,uce_l3_logreg_probe
TTGGAACAGGTGATTA_JIA_CD7_5,NK,NK,uce_l3_logreg_probe
AGCTTGACATGGTCAT_JIA_Total_23,ILC,NK,uce_l3_logreg_probe
TACGGGCTCCTGCAGG_JIA_CD7_5,ILC,ILC,uce_l3_logreg_probe
CATCAAGTCCGCGGTA_JIA_Total_14,NK,NK,uce_l3_logreg_probe
GCATGCGGTAGCGTGA_JIA_CD7_5,NK,NK,uce_l3_logreg_probe
AGCAGCCTCAGCTTAG_JIA_CD7_1,NK,NK,uce_l3_logreg_probe
TTCTACATCCGCAGTG_JIA_Total_17,NK,NK,uce_l3_logreg_probe
GCTCCTAAGAGGTTGC_JIA_CD7_3,NK,NK,uce_l3_logreg_probe
GATCAGTGTTACAGAA_JIA_Total_11,NK,NK,uce_l3_logreg_probe
TTTACTGAGCTACCTA_JIA_Total_19,NK,NK,uce_l3_logreg_probe
GATTCAGGTTAAAGTG_JIA_CD7_5,NK,NK,uce_l3_logreg_probe
CATCAAGCAAGCTGGA_JIA_CD7_4,NK,NK,uce_l3_logreg_probe
TGAGCATCATCTCCCA_JIA_Total_1,NK,NK,uce_l3_logreg_probe
AACGTTGGTCCTCTTG_JIA_CD7_2,NK,NK,uce_l3_logreg_probe
TCCCGATCACGCTTTC_JIA_CD7_4,NK,NK,uce_l3_logreg_probe
GACACGCAGGTCGGAT_JIA_Total_20,NK,NK,uce_l3_logreg_probe
TCACAAGAGTTATCGC_JIA_CD7_3,NK,NK,uce_l3_logreg_probe
ACTGCTCGTGTTCTTT_JIA_CD7_3,NK,NK,uce_l3_logreg_probe
GTTAAGCCAAGTTAAG_JIA_CD7_3,NK,NK,uce_l3_logreg_probe
GTGGGTCTCACTCCTG_JIA_CD7_4,NK,NK,uce_l3_logreg_probe
GGGCACTTCGTACCGG_JIA_CD7_5,NK,NK,uce_l3_logreg_probe
CGTCACTGTACTTCTT_JIA_CD7_2,ILC,ILC,uce_l3_logreg_probe
CGACCTTGTAGAAAGG_JIA_CD7_3,NK,ILC,uce_l3_logreg_probe
TAGAGCTAGATCGGGT_JIA_CD7_4,ILC,ILC,uce_l3_logreg_probe
AAGTCTGGTTGTGGCC_JIA_CD7_1,NK,NK,uce_l3_logreg_probe
GCGAGAACACGGCTAC_JIA_CD7_5,NK,NK,uce_l3_logreg_probe
CATCCACTCGCGTTTC_JIA_Total_20,NK,NK,uce_l3_logreg_probe
TTGACTTTCTGGCGTG_JIA_CD7_4,NK,NK,uce_l3_logreg_probe
CATCGGGTCTGTCTCG_JIA_CD7_4,NK,NK,uce_l3_logreg_probe
ATGGGAGTCTTCTGGC_JIA_CD7_4,NK,NK,uce_l3_logreg_probe
CATCAGAAGGACTGGT_JIA_Total_7,NK,NK,uce_l3_logreg_probe
GGCTGGTCAACACGCC_JIA_CD7_5,NK,NK,uce_l3_logreg_probe
AACTCAGCACGAAACG_JIA_Total_13,ILC,ILC,uce_l3_logreg_probe
AATCCAGCAGGGAGAG_JIA_CD7_1,NK,NK,uce_l3_logreg_probe
CTAGAGTCAAGCGTAG_JIA_CD7_5,NK,NK,uce_l3_logreg_probe
AGCGTATCAAGTAGTA_JIA_CD7_2,NK,NK,uce_l3_logreg_probe
TCTCTAAAGTAGCGGT_JIA_Total_23,NK,NK,uce_l3_logreg_probe
CCGGGATCAGGCTGAA_JIA_CD7_4,ILC,ILC,uce_l3_logreg_probe
TTGGCAAGTAGGCTGA_JIA_CD7_1,NK,NK,uce_l3_logreg_probe
AGTCTTTGTCGAGTTT_JIA_CD7_5,NK,NK,uce_l3_logreg_probe
CTCACACTCTCCAGGG_JIA_CD7_3,NK,NK,uce_l3_logreg_probe
GAACGGATCATAGCAC_JIA_Total_13,NK,NK,uce_l3_logreg_probe
GTCGTAACACTGTTAG_JIA_CD7_4,NK,NK,uce_l3_logreg_probe
CTGATAGTCCACGAAT_JIA_CD7_4,NK,NK,uce_l3_logreg_probe
TAAACCGGTAGCGCTC_JIA_Total_25,NK,NK,uce_l3_logreg_probe
TGGCTGGGTGGACGAT_JIA_Total_20,NK,NK,uce_l3_logreg_probe
CCAGCGAGTAGAGGAA_JIA_CD7_5,NK,NK,uce_l3_logreg_probe
TGAGCATCATGCTAGT_JIA_CD7_4,NK,NK,uce_l3_logreg_probe
GAAGCAGCAGGGTATG_JIA_CD7_2,NK,NK,uce_l3_logreg_probe
TGAGGGATCTCGTATT_JIA_CD7_5,NK,NK,uce_l3_logreg_probe
GTAACTGCATCGGTTA_JIA_CD7_2,NK,NK,uce_l3_logreg_probe
GCATACAGTTATTCTC_JIA_Total_16,NK,NK,uce_l3_logreg_probe
GCAGGCTGTTGCATCA_JIA_CD45_1,NK,NK,uce_l3_logreg_probe
CATATGGCAGCTTAAC_JIA_CD7_4,NK,NK,uce_l3_logreg_probe
AGAGCGAAGATAGGAG_JIA_CD7_1,NK,NK,uce_l3_logreg_probe
AGCTCTCTCAGCACAT_JIA_CD7_5,ILC,ILC,uce_l3_logreg_probe
TGCTGCTCACGACTCG_JIA_Total_24,NK,NK,uce_l3_logreg_probe
GTCAAGTTCGCTTGTC_JIA_CD7_3,NK,ILC,uce_l3_logreg_probe
GGGACCTGTAACGTTC_JIA_CD7_5,NK,NK,uce_l3_logreg_probe
ATAACGCGTTGCGTTA_JIA_CD7_2,NK,NK,uce_l3_logreg_probe
TGCCAAAGTTGTTTGG_JIA_CD7_3,NK,NK,uce_l3_logreg_probe
CCACTACTCGCCAGCA_JIA_CD7_2,NK,NK,uce_l3_logreg_probe
CTTAACTGTGATAAAC_JIA_CD7_3,NK,NK,uce_l3_logreg_probe
TTTACTGTCACCAGGC_JIA_CD7_1,NK,NK,uce_l3_logreg_probe
AGCCTAAAGCGCCTCA_JIA_CD7_4,NK,NK,uce_l3_logreg_probe
ACTGAGTTCATGTAGC_JIA_CD7_5,NK,NK,uce_l3_logreg_probe
GTCATTTCACGAAGCA_JIA_CD7_4,NK,NK,uce_l3_logreg_probe
CATGACAGTGACGCCT_JIA_CD7_3,ILC,ILC,uce_l3_logreg_probe
CAGAATCTCTTATCTG_JIA_CD7_1,NK,ILC,uce_l3_logreg_probe
GGGAATGTCCAGAAGG_JIA_CD7_5,NK,NK,uce_l3_logreg_probe
GAACATCAGTTACGGG_JIA_CD7_4,NK,NK,uce_l3_logreg_probe
GCATGATGTAGAAAGG_JIA_CD7_4,ILC,ILC,uce_l3_logreg_probe
GTCATCCCATGAAGGC_JIA_CD45_1,NK,NK,uce_l3_logreg_probe
TGGGCGTTCTAGCACA_JIA_CD7_4,NK,NK,uce_l3_logreg_probe
AGAGTGGCAGCAGTTT_JIA_CD7_4,NK,NK,uce_l3_logreg_probe
TTGGCAATCGCCTGAG_JIA_Total_2,NK,NK,uce_l3_logreg_probe
ACAGCTATCCTAAGTG_JIA_CD7_1,NK,NK,uce_l3_logreg_probe
TGACTAGGTCTTCGTC_JIA_CD7_2,NK,NK,uce_l3_logreg_probe
GGGTCTGCAGGTTTCA_JIA_CD7_5,NK,NK,uce_l3_logreg_probe
CGAACATGTGGAAAGA_JIA_Total_2,NK,NK,uce_l3_logreg_probe
TGAGGGAGTGTGGCTC_JIA_CD7_2,NK,NK,uce_l3_logreg_probe
GGGTCTGAGTACGTAA_JIA_CD7_2,NK,NK,uce_l3_logreg_probe
CGATCGGGTAGAAGGA_JIA_CD7_3,NK,NK,uce_l3_logreg_probe
GACCAATCACGAAATA_JIA_Total_20,NK,NK,uce_l3_logreg_probe
TATCAGGGTTATGTGC_JIA_CD7_5,NK,NK,uce_l3_logreg_probe
CCGGTAGTCTTGCATT_JIA_CD7_1,NK,NK,uce_l3_logreg_probe
GTCTTCGTCACCCGAG_JIA_CD7_4,NK,NK,uce_l3_logreg_probe
TACAGTGCACAGACAG_JIA_CD7_4,NK,NK,uce_l3_logreg_probe
TCTTTCCCACCTCGTT_JIA_CD7_4,NK,NK,uce_l3_logreg_probe
TGCTACCCAGACACTT_JIA_CD7_4,ILC,ILC,uce_l3_logreg_probe
CTGAAGTAGAGACTAT_JIA_Total_24,NK,NK,uce_l3_logreg_probe
ATTGGACCAAATTGCC_JIA_CD7_5,NK,NK,uce_l3_logreg_probe
ACCGTAAGTTTGACTG_JIA_CD7_3,NK,NK,uce_l3_logreg_probe
TACGGATTCTATCCCG_JIA_CD7_5,NK,NK,uce_l3_logreg_probe
GTTTCTAGTGTAAGTA_JIA_CD7_5,NK,NK,uce_l3_logreg_probe
ACTGATGAGGCAAAGA_JIA_CD7_5,NK,NK,uce_l3_logreg_probe
TGTATTCAGAGCAATT_JIA_CD7_4,NK,NK,uce_l3_logreg_probe
TGACTCCAGGTATTGA_JIA_DC_1,NK,NK,uce_l3_logreg_probe
ATGTGTGAGGCAGGTT_JIA_Total_25,NK,NK,uce_l3_logreg_probe
GTCATTTGTAGTACCT_JIA_CD7_5,NK,NK,uce_l3_logreg_probe
CGACTTCAGATCCCGC_JIA_CD7_5,NK,NK,uce_l3_logreg_probe
ATTTACCTCGGAGTAG_JIA_CD45_2,NK,NK,uce_l3_logreg_probe
ACGGCCAGTCGAGATG_JIA_CD7_2,NK,NK,uce_l3_logreg_probe
CAGCATAAGATGAGAG_JIA_CD7_3,NK,NK,uce_l3_logreg_probe
ATGCGATGTCTGCCAG_JIA_CD7_3,NK,NK,uce_l3_logreg_probe
AGTTGGTAGTAGGCCA_JIA_CD7_4,NK,NK,uce_l3_logreg_probe
CTACACCAGAAGGCCT_JIA_CD7_4,ILC,ILC,uce_l3_logreg_probe
CAAGGCCGTGGCTCCA_JIA_CD7_4,NK,ILC,uce_l3_logreg_probe
GAATAAGTCGCTAGCG_JIA_CD7_3,NK,NK,uce_l3_logreg_probe
GGTGAAGAGGAGTTTA_JIA_CD7_5,NK,NK,uce_l3_logreg_probe
CGCTTCATCTTAGCCC_JIA_CD7_1,NK,NK,uce_l3_logreg_probe
CTTAACTCACCTCGTT_JIA_CD7_3,NK,NK,uce_l3_logreg_probe
CGTGTCTCAGCTGCTG_JIA_CD7_5,NK,NK,uce_l3_logreg_probe
GATCTAGCAAGACACG_JIA_CD7_3,NK,NK,uce_l3_logreg_probe
TTGACTTGTGTCTGAT_JIA_Total_17,NK,NK,uce_l3_logreg_probe
CAGAGAGGTTTCCACC_JIA_CD7_3,NK,NK,uce_l3_logreg_probe
CGTAGCGAGTACATGA_JIA_CD7_2,NK,NK,uce_l3_logreg_probe
TTGCCGTCAACACCTA_JIA_Total_25,NK,NK,uce_l3_logreg_probe
GCATGTAGTGACTACT_JIA_CD7_3,NK,NK,uce_l3_logreg_probe
ATCATCTGTGGCCCTA_JIA_Total_11,ILC,NK,uce_l3_logreg_probe
CACATTTGTGCGCTTG_JIA_CD7_3,NK,NK,uce_l3_logreg_probe
GTAGTCACATCGGGTC_JIA_CD7_1,NK,NK,uce_l3_logreg_probe
CAGAGAGGTCGCATAT_JIA_CD7_4,NK,NK,uce_l3_logreg_probe
ATAAGAGTCTAACTGG_JIA_CD7_1,NK,NK,uce_l3_logreg_probe
ATTATCCTCAGTGTTG_JIA_CD7_4,NK,NK,uce_l3_logreg_probe
GAAGCAGTCGGTTCGG_JIA_Total_17,ILC,ILC,uce_l3_logreg_probe
GCAAACTAGCAACGGT_JIA_CD7_1,NK,NK,uce_l3_logreg_probe
AGCGTCGCACTAGTAC_JIA_CD7_5,NK,NK,uce_l3_logreg_probe
TTCCCAGTCGGACAAG_JIA_Total_10,NK,NK,uce_l3_logreg_probe
GCGCCAATCCTCAATT_JIA_Total_1,NK,NK,uce_l3_logreg_probe
CACACTCTCGCATGGC_JIA_CD7_4,NK,NK,uce_l3_logreg_probe
GGCTCGAAGATCGATA_JIA_Total_20,NK,NK,uce_l3_logreg_probe
ATGGGAGAGATAGTCA_JIA_Total_19,NK,NK,uce_l3_logreg_probe
GGGAATGGTGTTTGTG_JIA_Total_19,NK,NK,uce_l3_logreg_probe
TTCCCAGAGACTCGGA_JIA_Total_10,NK,NK,uce_l3_logreg_probe
GCAGCCAGTTAGAACA_JIA_CD7_5,NK,NK,uce_l3_logreg_probe
AAGGAGCCACGGTTTA_JIA_CD7_2,NK,NK,uce_l3_logreg_probe
TTCTACATCAGCTCGG_JIA_CD7_5,NK,NK,uce_l3_logreg_probe
ATGAGGGTCATACGGT_JIA_CD7_1,NK,NK,uce_l3_logreg_probe
CATCGGGAGTACATGA_JIA_Total_1,NK,NK,uce_l3_logreg_probe
TAAGCCAGTATCGGTT_JIA_DC_2,NK,NK,uce_l3_logreg_probe
ACACCGGCATGGAATA_JIA_CD7_4,NK,NK,uce_l3_logreg_probe
GAATGAATCAGAGCTT_JIA_CD7_1,NK,NK,uce_l3_logreg_probe
GTCAAGTAGTCTCCTC_JIA_Total_5,ILC,ILC,uce_l3_logreg_probe
TTCTCCTAGGAGCGTT_JIA_Total_19,NK,NK,uce_l3_logreg_probe
GTCTCGTGTCGTCTTC_JIA_CD7_3,NK,NK,uce_l3_logreg_probe
ATGTGTGGTGCTAGCC_JIA_Total_17,ILC,ILC,uce_l3_logreg_probe
GGTGGCTAGAGTCACG_JIA_CD45_1,ILC,ILC,uce_l3_logreg_probe
TTCTCAAGTCACTTCC_JIA_CD7_3,NK,NK,uce_l3_logreg_probe
CTTAGGAAGAGGGATA_JIA_CD7_3,NK,NK,uce_l3_logreg_probe
TTAACTCGTCTAGAGG_JIA_CD7_2,NK,NK,uce_l3_logreg_probe
AGTGAGGAGGTAAACT_JIA_Total_26,NK,NK,uce_l3_logreg_probe
AGATCTGGTGCGAAAC_JIA_CD7_5,NK,NK,uce_l3_logreg_probe
CGAGCCAGTAGTACCT_JIA_CD7_3,NK,NK,uce_l3_logreg_probe
TTATGCTGTAAGTGGC_JIA_Total_1,NK,NK,uce_l3_logreg_probe
CCATGTCGTACGCTGC_JIA_CD7_2,NK,NK,uce_l3_logreg_probe
CTCGTACAGACAAGCC_JIA_CD7_1,NK,NK,uce_l3_logreg_probe
TCTGAGAGTAAATGAC_JIA_CD7_2,ILC,ILC,uce_l3_logreg_probe
TTGCCGTGTTTGGCGC_JIA_CD7_5,NK,NK,uce_l3_logreg_probe
GACTAACCAAGCGCTC_JIA_Total_1,NK,NK,uce_l3_logreg_probe
GGGAGATTCTCGGACG_JIA_CD7_5,NK,NK,uce_l3_logreg_probe
CGGCTAGTCCAGTATG_JIA_CD7_2,ILC,ILC,uce_l3_logreg_probe
GGACGTCTCTAACTGG_JIA_Total_8,NK,NK,uce_l3_logreg_probe
GTGCATAGTACTTAGC_JIA_CD7_5,NK,NK,uce_l3_logreg_probe
TGCACCTGTATAGGTA_JIA_CD7_5,NK,NK,uce_l3_logreg_probe
GTCTCGTCACCTTGTC_JIA_Total_24,NK,NK,uce_l3_logreg_probe
GAAGCAGGTGGGTATG_JIA_CD7_4,NK,NK,uce_l3_logreg_probe
CGAGAAGTCCAAAGTC_JIA_Total_20,NK,NK,uce_l3_logreg_probe
ATGCGATGTGAGGGAG_JIA_CD7_3,NK,NK,uce_l3_logreg_probe
CATGGCGCATGGGACA_JIA_CD7_5,NK,NK,uce_l3_logreg_probe
TTAATCCTCATTGCTT_JIA_DC_1,NK,ILC,uce_l3_logreg_probe
CGACCTTCATGCCACG_JIA_Total_5,NK,NK,uce_l3_logreg_probe
ATCACGAGTGAACCTT_JIA_CD7_2,NK,NK,uce_l3_logreg_probe
TGACTAGCACAGATTC_JIA_CD7_5,ILC,ILC,uce_l3_logreg_probe
CGTTCTGCATTGCGGC_JIA_CD7_5,NK,NK,uce_l3_logreg_probe
TCGGGACAGTGTTGAA_JIA_Total_25,NK,NK,uce_l3_logreg_probe
GTGAAGGCAGTCAGAG_JIA_CD7_5,NK,NK,uce_l3_logreg_probe
AACTGGTAGACAGAGA_JIA_CD7_1,NK,ILC,uce_l3_logreg_probe
TACGGATTCGTCACGG_JIA_CD7_4,NK,NK,uce_l3_logreg_probe
GGGAGATCATCCGCGA_JIA_Total_17,NK,NK,uce_l3_logreg_probe
GCGCAGTCAGTATGCT_JIA_CD7_1,NK,NK,uce_l3_logreg_probe
TATTACCGTACAGTGG_JIA_CD7_3,NK,NK,uce_l3_logreg_probe
TTCGAAGTCACGGTTA_JIA_Total_20,NK,NK,uce_l3_logreg_probe
AGTCACAGTCGACTTA_JIA_DC_3,NK,NK,uce_l3_logreg_probe
AAACGGGTCCCGACTT_JIA_CD7_5,NK,NK,uce_l3_logreg_probe
GTGCGGTCAATTCCTT_JIA_CD7_1,NK,NK,uce_l3_logreg_probe
TAGAGCTAGGTGATAT_JIA_CD7_3,NK,NK,uce_l3_logreg_probe
CTCGTACTCTATCCCG_JIA_Total_7,NK,NK,uce_l3_logreg_probe
CTGTTTACAGACAGGT_JIA_Total_20,NK,NK,uce_l3_logreg_probe
GTGTGCGGTTGGGACA_JIA_CD7_1,NK,NK,uce_l3_logreg_probe
AGTCTTTCACCCTATC_JIA_CD7_1,NK,NK,uce_l3_logreg_probe
GTTCGGGAGACAGACC_JIA_CD7_5,NK,NK,uce_l3_logreg_probe
AGGCCACTCTTCGAGA_JIA_Total_13,NK,NK,uce_l3_logreg_probe
ATAAGAGGTACAGTGG_JIA_CD7_5,ILC,ILC,uce_l3_logreg_probe
CTCTGGTCACTTCGAA_JIA_CD7_5,NK,NK,uce_l3_logreg_probe
GATCGCGGTTCCACTC_JIA_Total_19,NK,NK,uce_l3_logreg_probe
TCTTCGGCACTTCGAA_JIA_Total_25,NK,NK,uce_l3_logreg_probe
TACTCGCCAGCTGGCT_JIA_CD7_5,NK,NK,uce_l3_logreg_probe
TGGCGCACACATGACT_JIA_CD7_1,NK,NK,uce_l3_logreg_probe
TGTTCCGCATGCGCAC_JIA_Total_19,ILC,ILC,uce_l3_logreg_probe
CTGATCCTCATACGGT_JIA_CD7_5,NK,NK,uce_l3_logreg_probe
GCAGCCAGTTGGTTTG_JIA_Total_1,NK,NK,uce_l3_logreg_probe
GAATGAAAGCTAGGCA_JIA_CD7_4,NK,ILC,uce_l3_logreg_probe
TCTTTCCGTGGGTATG_JIA_CD7_5,ILC,ILC,uce_l3_logreg_probe
ACTGTCCAGACTGGGT_JIA_Total_26,NK,NK,uce_l3_logreg_probe
AGCATACTCATTGCCC_JIA_CD7_5,NK,NK,uce_l3_logreg_probe
AAATGCCCAGGCAGTA_JIA_CD7_2,NK,NK,uce_l3_logreg_probe
TACACGATCCAATGGT_JIA_CD7_4,NK,NK,uce_l3_logreg_probe
AACTCAGGTTGACGTT_JIA_Total_24,NK,NK,uce_l3_logreg_probe
ACTGATGGTTCAGACT_JIA_CD7_5,NK,NK,uce_l3_logreg_probe
GATCGATAGACCTAGG_JIA_CD7_2,NK,NK,uce_l3_logreg_probe
GTCTCGTGTTCCACTC_JIA_CD7_3,NK,NK,uce_l3_logreg_probe
CACCAGGTCCTCTAGC_JIA_CD7_3,NK,NK,uce_l3_logreg_probe
AGTCTTTTCTACCTGC_JIA_CD7_2,NK,NK,uce_l3_logreg_probe
AGCTTGACAATGGATA_JIA_CD7_2,NK,NK,uce_l3_logreg_probe
GGCTCGACACACATGT_JIA_CD7_5,NK,NK,uce_l3_logreg_probe
TCTCATAGTAACGTTC_JIA_CD7_5,NK,NK,uce_l3_logreg_probe
AAAGATGAGATACACA_JIA_CD7_4,NK,NK,uce_l3_logreg_probe
GACGTGCCATAGACTC_JIA_CD7_5,NK,NK,uce_l3_logreg_probe
GCTGCGATCTGGTGTA_JIA_CD7_1,NK,NK,uce_l3_logreg_probe
GGCGACTAGGACCACA_JIA_CD7_5,NK,NK,uce_l3_logreg_probe
TCACGAACACTAGTAC_JIA_CD7_5,NK,NK,uce_l3_logreg_probe
GTACTTTCATTTGCCC_JIA_CD7_2,NK,NK,uce_l3_logreg_probe
CTCTAATCAAACTGTC_JIA_CD7_1,NK,NK,uce_l3_logreg_probe
CGGAGTCTCCTGTACC_JIA_Total_10,NK,NK,uce_l3_logreg_probe
GACCTGGTCTTCGAGA_JIA_CD7_2,ILC,ILC,uce_l3_logreg_probe
CTCGAGGGTAAGTAGT_JIA_CD7_4,NK,NK,uce_l3_logreg_probe
TCGGTAACAGATCGGA_JIA_Total_2,NK,NK,uce_l3_logreg_probe
AGGCCACAGAATAGGG_JIA_CD7_1,NK,NK,uce_l3_logreg_probe
AACCATGCACTTGGAT_JIA_CD7_2,NK,NK,uce_l3_logreg_probe
AAGGCAGGTATCACCA_JIA_Total_25,NK,NK,uce_l3_logreg_probe
CACAGTAAGTGAACGC_JIA_CD7_1,NK,NK,uce_l3_logreg_probe
CAGTCCTCATCACGTA_JIA_CD7_1,NK,NK,uce_l3_logreg_probe
CTTACCGAGCGCCTCA_JIA_CD7_1,NK,NK,uce_l3_logreg_probe
CGACTTCCAAGGCTCC_JIA_CD7_3,ILC,ILC,uce_l3_logreg_probe
GCATACAGTAAGGATT_JIA_CD7_4,NK,NK,uce_l3_logreg_probe
CACAAACCAATGGAGC_JIA_CD7_1,NK,NK,uce_l3_logreg_probe
AGTCTTTAGGCACATG_JIA_CD7_2,ILC,ILC,uce_l3_logreg_probe
GCTGCGACACGTCTCT_JIA_CD7_4,ILC,ILC,uce_l3_logreg_probe
TGTGTTTTCCTTAATC_JIA_Total_20,NK,NK,uce_l3_logreg_probe
TCATTTGAGAAGGGTA_JIA_CD7_5,NK,NK,uce_l3_logreg_probe
GCTCCTATCTGGCGAC_JIA_Total_10,NK,NK,uce_l3_logreg_probe
GCAGTTAAGACCTTTG_JIA_CD7_3,NK,NK,uce_l3_logreg_probe
CCTACACCAGACAAGC_JIA_CD7_5,NK,NK,uce_l3_logreg_probe
TCGAGGCAGCGCTCCA_JIA_CD7_5,NK,NK,uce_l3_logreg_probe
CACCAGGTCTTACCGC_JIA_CD7_4,ILC,ILC,uce_l3_logreg_probe
GATCAGTGTACTTAGC_JIA_CD7_3,NK,NK,uce_l3_logreg_probe
AAGGAGCCAACTGCGC_JIA_CD7_1,NK,NK,uce_l3_logreg_probe
GCGCCAAAGGCTAGCA_JIA_CD7_4,NK,NK,uce_l3_logreg_probe
TCAGCTCTCCACTGGG_JIA_CD7_4,NK,NK,uce_l3_logreg_probe
GAATAAGAGCGATATA_JIA_CD7_2,ILC,NK,uce_l3_logreg_probe
GACTAACAGGTGACCA_JIA_CD7_5,NK,NK,uce_l3_logreg_probe
TCTTCGGCACAGGAGT_JIA_Total_13,NK,NK,uce_l3_logreg_probe
GATGCTACAGTGAGTG_JIA_CD7_5,NK,NK,uce_l3_logreg_probe
CTTTGCGGTTCAGGCC_JIA_CD7_2,NK,NK,uce_l3_logreg_probe
AACGTTGCAAGCCCAC_JIA_Total_17,NK,NK,uce_l3_logreg_probe
TGACAACCAGGTCCAC_JIA_Total_24,NK,NK,uce_l3_logreg_probe
CGTTAGACAAGGTTCT_JIA_CD7_2,NK,NK,uce_l3_logreg_probe
CATATGGGTACAGTTC_JIA_CD7_4,NK,NK,uce_l3_logreg_probe
CGCTATCTCTTACCTA_JIA_CD7_5,NK,NK,uce_l3_logreg_probe
CCACTACGTACGCTGC_JIA_CD7_3,NK,NK,uce_l3_logreg_probe
GGATGTTGTTCCACAA_JIA_Total_19,NK,NK,uce_l3_logreg_probe
GCTGGGTCATTTCACT_JIA_CD7_4,NK,NK,uce_l3_logreg_probe
TCGGGACGTACCGCTG_JIA_CD7_3,NK,NK,uce_l3_logreg_probe
CAGCCGACATTCTTAC_JIA_CD7_3,NK,NK,uce_l3_logreg_probe
GACAGAGCATCAGTAC_JIA_Total_14,NK,NK,uce_l3_logreg_probe
TTCTACATCCTCCTAG_JIA_CD7_5,NK,NK,uce_l3_logreg_probe
CTCGGGATCGATAGAA_JIA_CD7_4,NK,NK,uce_l3_logreg_probe
GTACTCCGTTACGTCA_JIA_CD7_3,NK,NK,uce_l3_logreg_probe
TACTCGCAGGTGATTA_JIA_CD7_5,NK,NK,uce_l3_logreg_probe
TGAGCATTCAGAGCTT_JIA_CD7_2,NK,NK,uce_l3_logreg_probe
AGTTGGTTCATAACCG_JIA_CD7_5,NK,NK,uce_l3_logreg_probe
CATATGGTCTTGCCGT_JIA_CD7_4,NK,NK,uce_l3_logreg_probe
TACAGTGGTTGCGCAC_JIA_CD7_4,NK,NK,uce_l3_logreg_probe
AGCATACTCAGAAATG_JIA_Total_25,NK,NK,uce_l3_logreg_probe
GCGAGAAAGAATCTCC_JIA_Total_24,NK,NK,uce_l3_logreg_probe
TACCTTAGTCCTCTTG_JIA_CD7_1,NK,NK,uce_l3_logreg_probe
TAAGCGTCACAGACTT_JIA_CD7_1,NK,NK,uce_l3_logreg_probe
AGCGGTCAGGCAGTCA_JIA_CD7_2,NK,NK,uce_l3_logreg_probe
CTCAGAAAGATGGCGT_JIA_CD7_2,NK,NK,uce_l3_logreg_probe
AAATGCCCAAGGCTCC_JIA_Total_1,NK,NK,uce_l3_logreg_probe
ACGATGTTCGCCCTTA_JIA_CD7_4,NK,NK,uce_l3_logreg_probe
CCATTCGTCGTATCAG_JIA_CD7_5,NK,NK,uce_l3_logreg_probe
AGGCCGTTCCTGCAGG_JIA_Total_19,NK,NK,uce_l3_logreg_probe
CGACCTTAGGGAAACA_JIA_CD7_5,NK,NK,uce_l3_logreg_probe
GTGCTTCTCCAATGGT_JIA_CD7_4,NK,NK,uce_l3_logreg_probe
GTACTCCAGCCTATGT_JIA_CD7_1,NK,NK,uce_l3_logreg_probe
AAGGTTCCACAACGTT_JIA_Total_14,NK,NK,uce_l3_logreg_probe
CGTCTACGTTGCTCCT_JIA_CD7_1,NK,NK,uce_l3_logreg_probe
GGATTACGTGGAAAGA_JIA_CD7_2,NK,NK,uce_l3_logreg_probe
TAGTGGTGTCTACCTC_JIA_CD7_3,NK,NK,uce_l3_logreg_probe
GGCGTGTCATCAGTCA_JIA_CD7_4,NK,NK,uce_l3_logreg_probe
GGTATTGAGCCGATTT_JIA_CD7_4,NK,NK,uce_l3_logreg_probe
AAACCTGGTCACCCAG_JIA_Total_5,NK,NK,uce_l3_logreg_probe
GATGCTAGTCAAACTC_JIA_CD7_4,NK,NK,uce_l3_logreg_probe
ACGGCCAAGGAACTGC_JIA_CD7_4,NK,NK,uce_l3_logreg_probe
CCACTACCAGACAAAT_JIA_CD7_5,NK,NK,uce_l3_logreg_probe
CCTTCGATCCAAATGC_JIA_CD7_1,NK,NK,uce_l3_logreg_probe
ACCCACTCAGCGTTCG_JIA_CD7_2,NK,NK,uce_l3_logreg_probe
CGTCTACAGTGTACGG_JIA_Total_26,ILC,ILC,uce_l3_logreg_probe
GAAGGGTGTCTTCATT_JIA_DC_1,NK,NK,uce_l3_logreg_probe
TAGCCGGTCATCTGCC_JIA_Total_20,NK,NK,uce_l3_logreg_probe
GACCAATAGTATCTCG_JIA_CD7_3,NK,NK,uce_l3_logreg_probe
GTTCATTAGCTCCTTC_JIA_CD7_4,NK,NK,uce_l3_logreg_probe
TAGCCGGCAGGGAGAG_JIA_CD7_3,NK,NK,uce_l3_logreg_probe
CACCACTCAGGGTACA_JIA_CD7_4,NK,NK,uce_l3_logreg_probe
GAATAAGTCCTCGCAT_JIA_CD7_5,NK,NK,uce_l3_logreg_probe
CTCATTATCGTCCAGG_JIA_CD7_5,NK,NK,uce_l3_logreg_probe
GGAGCAATCACTTACT_JIA_CD7_4,ILC,ILC,uce_l3_logreg_probe
AGGTCCGAGCCGCCTA_JIA_CD7_3,NK,NK,uce_l3_logreg_probe
ACAGCTATCATACGGT_JIA_CD7_5,NK,NK,uce_l3_logreg_probe
GATCGCGTCTTGTACT_JIA_CD7_5,NK,NK,uce_l3_logreg_probe
GAACATCCAAGCGTAG_JIA_CD7_3,NK,NK,uce_l3_logreg_probe
GAACATCGTTAAGGGC_JIA_CD7_5,NK,NK,uce_l3_logreg_probe
CTTGGCTAGATGTAAC_JIA_Total_25,NK,NK,uce_l3_logreg_probe
CAGATCATCAGGTTCA_JIA_CD7_4,NK,NK,uce_l3_logreg_probe
CTCACACTCGGCGCAT_JIA_CD7_5,NK,NK,uce_l3_logreg_probe
CATCGGGAGATAGCAT_JIA_DC_3,NK,NK,uce_l3_logreg_probe
ACGCCAGCATGCTAGT_JIA_CD7_5,ILC,ILC,uce_l3_logreg_probe
CACCACTCACTATCTT_JIA_CD7_4,NK,NK,uce_l3_logreg_probe
GAAATGAAGTTGAAAC_JIA_DC_1,NK,ILC,uce_l3_logreg_probe
CCTTTCTCATGCAACT_JIA_CD7_5,ILC,ILC,uce_l3_logreg_probe
GCATGCGGTATATGGA_JIA_CD7_1,NK,NK,uce_l3_logreg_probe
GGGACCTCATCAGTAC_JIA_CD7_4,NK,NK,uce_l3_logreg_probe
AATCCAGTCTCGAGTA_JIA_CD7_5,NK,NK,uce_l3_logreg_probe
AACTCCCCATACGCCG_JIA_CD7_3,ILC,ILC,uce_l3_logreg_probe
CCATCACGTACGTTCA_JIA_DC_1,NK,NK,uce_l3_logreg_probe
CCGTACTCACGAAGCA_JIA_CD7_5,NK,NK,uce_l3_logreg_probe
TGTGTTTGTTGGGACA_JIA_CD7_3,NK,NK,uce_l3_logreg_probe
CTCGAGGAGTGCGTGA_JIA_CD7_5,NK,NK,uce_l3_logreg_probe
ACGCAGCTCGAATGGG_JIA_Total_25,NK,NK,uce_l3_logreg_probe
CAACTAGCAACACCCG_JIA_CD7_2,NK,NK,uce_l3_logreg_probe
TCTTCGGGTCTCACCT_JIA_CD7_5,NK,NK,uce_l3_logreg_probe
AGAGCGAAGCTAGTTC_JIA_Total_25,NK,NK,uce_l3_logreg_probe
GCTGCGAGTACTTCTT_JIA_CD7_4,NK,ILC,uce_l3_logreg_probe
GAGGTGACACCAACCG_JIA_CD7_3,NK,NK,uce_l3_logreg_probe
ACATACGAGTGTTAGA_JIA_CD7_2,NK,NK,uce_l3_logreg_probe
GTCGGGTGTAGAGCTG_JIA_CD7_2,NK,NK,uce_l3_logreg_probe
GTATTCTAGCTAGTGG_JIA_CD7_1,NK,NK,uce_l3_logreg_probe
ATGCGATAGATCGGGT_JIA_CD7_3,NK,NK,uce_l3_logreg_probe
TGAGCATAGGTCATCT_JIA_Total_26,ILC,ILC,uce_l3_logreg_probe
ACGGAGAAGAACAATC_JIA_Total_20,NK,NK,uce_l3_logreg_probe
CATGGCGAGTAAGTAC_JIA_CD7_5,NK,NK,uce_l3_logreg_probe
GTTCGGGGTAGGAGTC_JIA_CD7_3,NK,NK,uce_l3_logreg_probe
TCAACGATCGGAAATA_JIA_CD7_2,ILC,ILC,uce_l3_logreg_probe
ATCCACCTCCAGATCA_JIA_CD7_4,NK,NK,uce_l3_logreg_probe
TTAACTCCAATCCAAC_JIA_CD7_5,NK,NK,uce_l3_logreg_probe
ACACTGATCCTAGTGA_JIA_Total_23,NK,NK,uce_l3_logreg_probe
GAATAAGTCAACACAC_JIA_CD7_2,NK,NK,uce_l3_logreg_probe
GGAAAGCTCTTAGCCC_JIA_CD7_4,NK,NK,uce_l3_logreg_probe
TGTTCCGGTACAGTTC_JIA_CD7_2,NK,NK,uce_l3_logreg_probe
AGAATAGTCAGCACAT_JIA_CD7_5,NK,NK,uce_l3_logreg_probe
GGGCATCGTACATCCA_JIA_CD7_5,NK,NK,uce_l3_logreg_probe
GTACGTACACAGATTC_JIA_Total_14,NK,NK,uce_l3_logreg_probe
CGATTGAAGCACACAG_JIA_CD7_4,ILC,ILC,uce_l3_logreg_probe
GGGTCTGAGGCATTGG_JIA_CD7_5,NK,NK,uce_l3_logreg_probe
GGGCATCCAAGGACTG_JIA_CD7_4,NK,NK,uce_l3_logreg_probe
TTCCCAGAGCGGATCA_JIA_CD7_5,NK,NK,uce_l3_logreg_probe
GACTAACAGAAGCCCA_JIA_CD7_5,NK,NK,uce_l3_logreg_probe
TGACAACGTTATCGGT_JIA_CD7_2,NK,NK,uce_l3_logreg_probe
GTACGTATCATCATTC_JIA_Total_5,NK,NK,uce_l3_logreg_probe
AAGGTTCAGTGACATA_JIA_CD7_2,NK,NK,uce_l3_logreg_probe
GGGAGATGTGCTAGCC_JIA_CD7_4,NK,NK,uce_l3_logreg_probe
TTATGCTTCGTTGACA_JIA_CD7_5,NK,NK,uce_l3_logreg_probe
GTAGGCCGTCTCTTTA_JIA_CD7_5,NK,NK,uce_l3_logreg_probe
GTGCAGCAGCGGATCA_JIA_CD7_5,NK,NK,uce_l3_logreg_probe
ATTCTACAGTAGCGGT_JIA_CD7_4,NK,NK,uce_l3_logreg_probe
TCACGAACACAACGTT_JIA_CD7_4,NK,NK,uce_l3_logreg_probe
AGCCTAATCAGCAACT_JIA_CD7_3,NK,NK,uce_l3_logreg_probe
CAGCTGGTCTGTCTAT_JIA_CD7_5,NK,ILC,uce_l3_logreg_probe
CTTTGCGCACATGTGT_JIA_CD7_5,NK,NK,uce_l3_logreg_probe
CTAGTGAGTAAGAGGA_JIA_CD7_5,NK,NK,uce_l3_logreg_probe
ACTGCTCCATTAGGCT_JIA_CD7_4,NK,NK,uce_l3_logreg_probe
TAAACCGTCTACTATC_JIA_CD7_5,NK,NK,uce_l3_logreg_probe
TTCGAAGAGAAACCTA_JIA_CD7_3,NK,NK,uce_l3_logreg_probe
TGGACGCGTTTCCACC_JIA_Total_16,NK,NK,uce_l3_logreg_probe
TTAGGCACACCTATCC_JIA_Total_20,NK,NK,uce_l3_logreg_probe
TTGGAACTCTTAGCCC_JIA_CD7_5,NK,NK,uce_l3_logreg_probe
CCAATCCCATCCGTGG_JIA_CD7_5,ILC,ILC,uce_l3_logreg_probe
GGCAATTGTACAGCAG_JIA_CD7_3,NK,NK,uce_l3_logreg_probe
TGCCCTAAGTCCAGGA_JIA_CD7_5,NK,NK,uce_l3_logreg_probe
TTCTCAATCCTTCAAT_JIA_CD7_4,NK,NK,uce_l3_logreg_probe
CTCATTACAATAGCAA_JIA_Total_24,NK,NK,uce_l3_logreg_probe
CACAGTAAGTTGAGTA_JIA_CD7_1,NK,NK,uce_l3_logreg_probe
CAGCAGCAGTGTGAAT_JIA_CD7_1,NK,NK,uce_l3_logreg_probe
CGATGGCCATCTCGCT_JIA_CD7_5,ILC,ILC,uce_l3_logreg_probe
TGGACGCCACATCCGG_JIA_CD7_3,NK,NK,uce_l3_logreg_probe
TTAGTTCTCCGCATAA_JIA_Total_5,NK,NK,uce_l3_logreg_probe
ACACCAACAAGCCTAT_JIA_CD7_3,NK,NK,uce_l3_logreg_probe
CAAGGCCTCCAAACTG_JIA_CD7_3,NK,NK,uce_l3_logreg_probe
TGCTGCTCAGGACGTA_JIA_CD7_5,NK,NK,uce_l3_logreg_probe
CAAGAAATCACCACCT_JIA_CD7_5,NK,NK,uce_l3_logreg_probe
CCGTACTTCGAATGGG_JIA_CD7_5,NK,NK,uce_l3_logreg_probe
TCGCGAGGTGCGGTAA_JIA_CD7_4,NK,NK,uce_l3_logreg_probe
TGTGGTACAAGCCCAC_JIA_Total_13,ILC,ILC,uce_l3_logreg_probe
GTTTCTACACCGGAAA_JIA_CD7_5,NK,NK,uce_l3_logreg_probe
CACAGTAGTACTTAGC_JIA_CD7_3,NK,NK,uce_l3_logreg_probe
AACTCCCTCTACTATC_JIA_Total_5,NK,NK,uce_l3_logreg_probe
CTCGAGGAGACGCACA_JIA_Total_20,NK,NK,uce_l3_logreg_probe
AATCCAGTCTTGTATC_JIA_CD7_5,NK,NK,uce_l3_logreg_probe
CGCTTCATCATTGCCC_JIA_CD7_2,ILC,ILC,uce_l3_logreg_probe
CCTAAAGCAAATCCGT_JIA_CD7_5,NK,NK,uce_l3_logreg_probe
CAGCAGCCAAACTGCT_JIA_CD7_3,NK,NK,uce_l3_logreg_probe
TCACGAAGTAATTGGA_JIA_Total_24,NK,NK,uce_l3_logreg_probe
GTCAAGTTCGCCATAA_JIA_CD7_3,NK,NK,uce_l3_logreg_probe
CTCTAATGTAGCTCCG_JIA_Total_10,NK,NK,uce_l3_logreg_probe
TATGCCCAGCAGGTCA_JIA_CD7_5,NK,NK,uce_l3_logreg_probe
GCATGTACAGGATCGA_JIA_Total_24,NK,NK,uce_l3_logreg_probe
CATTATCTCCTCATTA_JIA_CD7_2,NK,NK,uce_l3_logreg_probe
GTCACGGCAAGTTCTG_JIA_CD7_3,NK,NK,uce_l3_logreg_probe
GTGGGTCCATACCATG_JIA_CD7_2,ILC,ILC,uce_l3_logreg_probe
CTCGTCAGTGCAGACA_JIA_Total_10,NK,NK,uce_l3_logreg_probe
ACGCAGCTCTAACGGT_JIA_CD7_3,NK,NK,uce_l3_logreg_probe
CCACCTATCGCCAAAT_JIA_CD7_5,NK,NK,uce_l3_logreg_probe
ACCCACTCATGGAATA_JIA_CD7_5,NK,NK,uce_l3_logreg_probe
CTAGCCTCAGGCAGTA_JIA_Total_13,NK,NK,uce_l3_logreg_probe
ACCTTTAAGCTACCGC_JIA_CD7_4,NK,NK,uce_l3_logreg_probe
CTAGAGTCACTATCTT_JIA_CD7_5,NK,NK,uce_l3_logreg_probe
GTAGTCAAGTGGACGT_JIA_CD7_1,NK,NK,uce_l3_logreg_probe
TCAGGTATCCGTCATC_JIA_Total_26,NK,NK,uce_l3_logreg_probe
CGCGGTAAGAGTGAGA_JIA_CD7_5,NK,NK,uce_l3_logreg_probe
CAACTAGCAGTCCTTC_JIA_CD7_3,NK,NK,uce_l3_logreg_probe
CTACGTCTCCTGCCAT_JIA_Total_7,ILC,ILC,uce_l3_logreg_probe
CCTAAAGTCGTACGGC_JIA_CD7_4,NK,NK,uce_l3_logreg_probe
CTCGAAATCCTGTACC_JIA_CD7_4,NK,NK,uce_l3_logreg_probe
TAGGCATTCTGGTATG_JIA_CD7_5,NK,NK,uce_l3_logreg_probe
CGTCTACCACGAAGCA_JIA_CD7_5,NK,NK,uce_l3_logreg_probe
AAAGTAGAGGTACTCT_JIA_CD7_4,NK,NK,uce_l3_logreg_probe
GGGATGAAGAGCTGGT_JIA_CD7_4,NK,NK,uce_l3_logreg_probe
CGTTCTGAGTGAAGAG_JIA_CD7_3,NK,NK,uce_l3_logreg_probe
CATTCTAAGACCATTC_JIA_DC_1,NK,NK,uce_l3_logreg_probe
TCGGTAAGTAGGCTGA_JIA_CD7_4,ILC,NK,uce_l3_logreg_probe
CGGAGCTGTAAATACG_JIA_CD7_4,NK,NK,uce_l3_logreg_probe
TTGACTTCAATAGCAA_JIA_Total_19,NK,NK,uce_l3_logreg_probe
TGATTTCTCAGGCCCA_JIA_Total_14,NK,NK,uce_l3_logreg_probe
CGCGGTACATGGGAAC_JIA_CD7_1,NK,NK,uce_l3_logreg_probe
CAGATCACAAGAGGCT_JIA_Total_24,NK,NK,uce_l3_logreg_probe
ATTACTCAGTACATGA_JIA_CD7_2,NK,NK,uce_l3_logreg_probe
TTTGGTTAGCGATATA_JIA_Total_1,NK,NK,uce_l3_logreg_probe
GGCAATTGTAGCGCTC_JIA_CD7_4,NK,NK,uce_l3_logreg_probe
CTAACTTCATACTCTT_JIA_Total_2,NK,NK,uce_l3_logreg_probe
GATCGCGCAAGCCTAT_JIA_CD7_1,NK,NK,uce_l3_logreg_probe
TTATGCTAGTCCAGGA_JIA_Total_14,NK,NK,uce_l3_logreg_probe
ACTTGTTTCCAATGGT_JIA_CD7_4,NK,ILC,uce_l3_logreg_probe
AGCGTATCAGACGTAG_JIA_CD7_4,NK,NK,uce_l3_logreg_probe
CCTCAGTAGCACAGGT_JIA_Total_1,NK,NK,uce_l3_logreg_probe
GATGAGGGTTATGTCG_JIA_DC_1,NK,NK,uce_l3_logreg_probe
CCTACACTCTTGAGGT_JIA_CD7_2,ILC,ILC,uce_l3_logreg_probe
AGAATAGGTAATAGCA_JIA_Total_17,NK,NK,uce_l3_logreg_probe
GAACATCAGACCACGA_JIA_CD7_5,NK,NK,uce_l3_logreg_probe
ATGCGATTCGTTGACA_JIA_CD7_3,NK,NK,uce_l3_logreg_probe
AAGGCAGGTAGCGTGA_JIA_CD7_2,NK,NK,uce_l3_logreg_probe
CGCTGGAAGCGATTCT_JIA_CD7_5,NK,NK,uce_l3_logreg_probe
GATCGCGAGATATGGT_JIA_CD7_3,NK,NK,uce_l3_logreg_probe
GTAGGCCTCTATCGCC_JIA_CD7_5,ILC,ILC,uce_l3_logreg_probe
GCGCCAATCGGCGCAT_JIA_Total_17,NK,NK,uce_l3_logreg_probe
GTCTCGTTCGATAGAA_JIA_CD7_3,ILC,ILC,uce_l3_logreg_probe
GACGCGTAGTGAATTG_JIA_CD7_5,NK,NK,uce_l3_logreg_probe
TGAGCATCATTATCTC_JIA_CD7_4,ILC,NK,uce_l3_logreg_probe
CCGTTCATCTGCCCTA_JIA_CD7_1,NK,NK,uce_l3_logreg_probe
TGCTGCTCATGCCTTC_JIA_Total_20,NK,NK,uce_l3_logreg_probe
GTCGTAAGTGCCTGTG_JIA_CD7_4,NK,NK,uce_l3_logreg_probe
CCTACCATCCTGCTTG_JIA_Total_2,NK,NK,uce_l3_logreg_probe
ACTTTCAGTTTAAGCC_JIA_CD7_3,NK,NK,uce_l3_logreg_probe
TAGGCATAGGAGCGAG_JIA_CD7_4,NK,NK,uce_l3_logreg_probe
GGGTTGCCAGTTTACG_JIA_CD7_3,NK,NK,uce_l3_logreg_probe
AGATCTGTCTTGCATT_JIA_Total_25,NK,NK,uce_l3_logreg_probe
CCACCTATCACCTCGT_JIA_Total_24,NK,NK,uce_l3_logreg_probe
CCTTCGAAGTCTCAAC_JIA_Total_13,NK,NK,uce_l3_logreg_probe
TACACGAAGAAACGAG_JIA_CD7_3,NK,NK,uce_l3_logreg_probe
TGGACGCTCGCGCCAA_JIA_CD7_4,NK,NK,uce_l3_logreg_probe
CGAGCACTCATCTGCC_JIA_CD7_3,NK,NK,uce_l3_logreg_probe
CCGTGGAGTCAACATC_JIA_CD7_3,NK,NK,uce_l3_logreg_probe
CGGACGTTCTCAAACG_JIA_CD7_4,NK,NK,uce_l3_logreg_probe
CAGCTAAGTAGTACCT_JIA_CD7_3,NK,NK,uce_l3_logreg_probe
TTTGTCATCACTATTC_JIA_Total_24,NK,NK,uce_l3_logreg_probe
CAAGAAATCAGATAAG_JIA_Total_25,NK,NK,uce_l3_logreg_probe
AGCGTATCAGGAATGC_JIA_CD7_2,NK,NK,uce_l3_logreg_probe
AAATGCCAGTACTTGC_JIA_CD7_5,NK,NK,uce_l3_logreg_probe
ACACCAATCAACACTG_JIA_CD7_5,NK,NK,uce_l3_logreg_probe
TGTTCCGAGGACGAAA_JIA_Total_1,NK,NK,uce_l3_logreg_probe
ATGGGAGGTTCGTCTC_JIA_CD7_3,NK,NK,uce_l3_logreg_probe
ACATGGTGTTCAGTAC_JIA_Total_24,NK,NK,uce_l3_logreg_probe
GAACCTAAGATGCGAC_JIA_CD7_5,ILC,ILC,uce_l3_logreg_probe
GGGAATGCAACAACCT_JIA_Total_2,NK,NK,uce_l3_logreg_probe
CCTTCGAAGCTAGTTC_JIA_CD7_5,NK,NK,uce_l3_logreg_probe
GAACACTTCAAGCCAT_JIA_DC_1,NK,NK,uce_l3_logreg_probe
TGGGAAGCAGCTATTG_JIA_CD7_3,NK,NK,uce_l3_logreg_probe
GGGCACTCACGGTGTC_JIA_CD7_5,NK,NK,uce_l3_logreg_probe
GGACATTAGACCTTTG_JIA_CD7_3,NK,NK,uce_l3_logreg_probe
CAGCGACCATATACGC_JIA_CD7_4,NK,NK,uce_l3_logreg_probe
CGATGTAGTATCTGCA_JIA_CD7_1,NK,NK,uce_l3_logreg_probe
TTAACTCCAACTGCTA_JIA_Total_20,NK,NK,uce_l3_logreg_probe
CTGATCCGTGACTCAT_JIA_CD7_1,NK,NK,uce_l3_logreg_probe
CTGATCCAGACACTAA_JIA_CD7_3,NK,NK,uce_l3_logreg_probe
TGGCGCATCCACGACG_JIA_CD7_5,NK,NK,uce_l3_logreg_probe
TACTCGCTCGTCCAGG_JIA_CD7_5,NK,NK,uce_l3_logreg_probe
CGCTGGATCCCATTTA_JIA_CD7_2,NK,NK,uce_l3_logreg_probe
TTCTCCTCATGACATC_JIA_CD7_3,NK,NK,uce_l3_logreg_probe
TTGCCGTTCTTACCGC_JIA_Total_1,NK,NK,uce_l3_logreg_probe
GAGCAGATCCATGAAC_JIA_CD7_5,NK,NK,uce_l3_logreg_probe
GATCGCGGTCGAATCT_JIA_CD7_4,NK,NK,uce_l3_logreg_probe
CACAAACAGATTACCC_JIA_CD7_4,NK,NK,uce_l3_logreg_probe
CAGTAACGTCCAGTGC_JIA_Total_25,NK,NK,uce_l3_logreg_probe
TGAGAGGGTGGCAAAC_JIA_Total_24,ILC,ILC,uce_l3_logreg_probe
CATATGGTCATGGTCA_JIA_Total_23,NK,ILC,uce_l3_logreg_probe
TCATTACGTTTGGGCC_JIA_Total_17,NK,NK,uce_l3_logreg_probe
CGAGCCATCAATACCG_JIA_Total_17,NK,NK,uce_l3_logreg_probe
CTCGAGGGTTGTTTGG_JIA_CD7_5,NK,NK,uce_l3_logreg_probe
GTTCTCGCATTGTGCA_JIA_CD7_4,NK,NK,uce_l3_logreg_probe
GGACAGACAAGTCTGT_JIA_Total_14,NK,NK,uce_l3_logreg_probe
GGCTCGAAGGGAGTAA_JIA_CD7_5,NK,NK,uce_l3_logreg_probe
GTTCGGGCACGTTGGC_JIA_Total_19,ILC,ILC,uce_l3_logreg_probe
CGAATGTTCGCGATCG_JIA_CD7_5,NK,NK,uce_l3_logreg_probe
TTCAGGATCCGGCTTT_JIA_CD45_2,NK,NK,uce_l3_logreg_probe
AAGCATCCATGGCCAC_JIA_DC_1,NK,NK,uce_l3_logreg_probe
CGAGAAGGTGATGTGG_JIA_Total_1,NK,NK,uce_l3_logreg_probe
GCATGATGTAATCACC_JIA_CD7_1,NK,NK,uce_l3_logreg_probe
CACAAACAGCTAACTC_JIA_CD7_4,NK,NK,uce_l3_logreg_probe
GACAGAGTCACTGGGC_JIA_Total_8,NK,NK,uce_l3_logreg_probe
TCCCGATTCCCGGATG_JIA_Total_19,NK,NK,uce_l3_logreg_probe
GTCGTAACAGACAAGC_JIA_Total_19,NK,NK,uce_l3_logreg_probe
GATTCAGCATCACGTA_JIA_CD7_3,NK,NK,uce_l3_logreg_probe
TACACGACACCTGGTG_JIA_Total_26,NK,ILC,uce_l3_logreg_probe
TACTCATTCACTCCTG_JIA_CD7_3,NK,NK,uce_l3_logreg_probe
TACGGTACAGCTGCTG_JIA_CD7_4,NK,NK,uce_l3_logreg_probe
TGTTCCGCAGTCGTGC_JIA_CD7_4,NK,NK,uce_l3_logreg_probe
AACTGGTCACATGGGA_JIA_CD7_5,NK,NK,uce_l3_logreg_probe
TCGCGTTCAGCCAGAA_JIA_CD7_4,NK,NK,uce_l3_logreg_probe
CTGAAACCACTGAAGG_JIA_CD7_1,NK,NK,uce_l3_logreg_probe
ACTGATGTCAATAAGG_JIA_Total_1,NK,NK,uce_l3_logreg_probe
CCTCTGAGTCCCTTGT_JIA_Total_17,NK,NK,uce_l3_logreg_probe
ACTGTCCAGAATGTTG_JIA_CD7_5,NK,NK,uce_l3_logreg_probe
CACATAGAGAAACGCC_JIA_CD7_5,NK,NK,uce_l3_logreg_probe
AGATCTGCATACGCTA_JIA_CD7_3,NK,NK,uce_l3_logreg_probe
GTCATTTAGGTGACCA_JIA_Total_26,NK,NK,uce_l3_logreg_probe
GATCGCGTCCGCTGTT_JIA_CD7_3,NK,NK,uce_l3_logreg_probe
CGGAGCTCATTGTGCA_JIA_CD7_4,NK,NK,uce_l3_logreg_probe
CACCTTGAGTCAAGGC_JIA_CD7_4,NK,ILC,uce_l3_logreg_probe
CTCGTCAAGACACGAC_JIA_CD7_5,NK,NK,uce_l3_logreg_probe
AACTGGTCATTGGTAC_JIA_CD7_4,NK,NK,uce_l3_logreg_probe
AGGTCATTCAGCACAT_JIA_CD7_4,NK,NK,uce_l3_logreg_probe
ACGGGCTTCTGTCTCG_JIA_CD7_5,NK,NK,uce_l3_logreg_probe
CTCAGAAGTTCGCGAC_JIA_CD7_5,NK,NK,uce_l3_logreg_probe
GGATTACAGAAGGCCT_JIA_Total_17,NK,NK,uce_l3_logreg_probe
AACACGTTCTGGCGAC_JIA_CD7_3,NK,NK,uce_l3_logreg_probe
AAGGCAGCACGAAAGC_JIA_CD7_5,NK,NK,uce_l3_logreg_probe
AGACGTTTCAGCGATT_JIA_Total_10,NK,NK,uce_l3_logreg_probe
GGGTTGCCAATCACAC_JIA_CD7_5,NK,NK,uce_l3_logreg_probe
CGGGTCACAACACCTA_JIA_Total_23,NK,NK,uce_l3_logreg_probe
TGAGCCGAGACTCGGA_JIA_CD7_3,NK,NK,uce_l3_logreg_probe
ACGCCAGCAGCTGTAT_JIA_CD7_3,ILC,ILC,uce_l3_logreg_probe
CAGCTAAGTGCACGAA_JIA_CD7_5,NK,NK,uce_l3_logreg_probe
CTGGTCTCAATTCCTT_JIA_CD7_3,ILC,ILC,uce_l3_logreg_probe
GCAAACTAGAGCTGGT_JIA_CD7_2,NK,NK,uce_l3_logreg_probe
CTAACTTGTACTTGAC_JIA_Total_1,NK,NK,uce_l3_logreg_probe
TCATTTGAGTGCTGCC_JIA_Total_1,NK,NK,uce_l3_logreg_probe
AGAGCGAGTCCGACGT_JIA_CD7_3,NK,NK,uce_l3_logreg_probe
AACCGCGCATAGACTC_JIA_Total_2,ILC,ILC,uce_l3_logreg_probe
GTACTTTGTAACGCGA_JIA_CD7_2,NK,NK,uce_l3_logreg_probe
GTCACAACACCCATTC_JIA_CD7_4,NK,NK,uce_l3_logreg_probe
CGTAGGCCATCCGCGA_JIA_CD7_3,NK,NK,uce_l3_logreg_probe
GGGATGACAACGATCT_JIA_Total_14,NK,NK,uce_l3_logreg_probe
CCACCTATCCAACCAA_JIA_Total_24,NK,NK,uce_l3_logreg_probe
ATTATCCAGTTTAGGA_JIA_CD7_2,NK,NK,uce_l3_logreg_probe
TTCGAAGTCAAACCGT_JIA_CD7_4,NK,NK,uce_l3_logreg_probe
TAAGCGTGTACTCTCC_JIA_CD7_5,NK,NK,uce_l3_logreg_probe
GGCGTGTGTGGTAACG_JIA_CD7_4,NK,NK,uce_l3_logreg_probe
GCTTCCAGTACTCGCG_JIA_CD7_3,NK,NK,uce_l3_logreg_probe
CATATGGTCTGAAAGA_JIA_CD7_5,NK,NK,uce_l3_logreg_probe
TGCGCAGAGTGGTAAT_JIA_CD7_4,NK,NK,uce_l3_logreg_probe
AAGACCTAGATCTGAA_JIA_CD7_5,NK,NK,uce_l3_logreg_probe
TGTTCCGAGGCGTACA_JIA_CD7_3,NK,ILC,uce_l3_logreg_probe
ATGTGTGTCTAACCGA_JIA_CD7_4,NK,NK,uce_l3_logreg_probe
CATGACAGTCAGAGGT_JIA_CD7_5,NK,NK,uce_l3_logreg_probe
GACGTTACAATGAATG_JIA_CD7_3,NK,NK,uce_l3_logreg_probe
CATCAGAAGTGGTAGC_JIA_CD7_1,NK,NK,uce_l3_logreg_probe
GATCAGTAGAGCAATT_JIA_CD7_5,NK,NK,uce_l3_logreg_probe
AGAATAGTCGCTAGCG_JIA_CD7_4,NK,NK,uce_l3_logreg_probe
CGAGAAGTCGAGCCCA_JIA_Total_23,ILC,ILC,uce_l3_logreg_probe
TCGCGTTTCATCGATG_JIA_CD7_4,NK,NK,uce_l3_logreg_probe
GCTGGGTCAATACGCT_JIA_Total_19,NK,ILC,uce_l3_logreg_probe
GATCGTAAGGGATACC_JIA_CD7_5,NK,NK,uce_l3_logreg_probe
GCAATCAGTCTCAACA_JIA_CD7_5,NK,NK,uce_l3_logreg_probe
AAACGGGCATAAGACA_JIA_CD7_5,NK,NK,uce_l3_logreg_probe
TATGCCCCATTCTCAT_JIA_CD7_4,NK,NK,uce_l3_logreg_probe
GTCAAGTGTTCCATGA_JIA_CD7_3,NK,NK,uce_l3_logreg_probe
AGAGCGACAATAGAGT_JIA_CD7_3,NK,NK,uce_l3_logreg_probe
AGAGCGATCACCACCT_JIA_Total_20,ILC,ILC,uce_l3_logreg_probe
TACGGGCTCAAGGCTT_JIA_CD7_2,NK,NK,uce_l3_logreg_probe
TGGTTCCCAAATTGCC_JIA_Total_26,NK,NK,uce_l3_logreg_probe
CAAGATCTCTGTTGAG_JIA_CD7_5,NK,NK,uce_l3_logreg_probe
GTATCTTCAAGCGTAG_JIA_CD7_3,NK,NK,uce_l3_logreg_probe
GAGTCCGTCACATAGC_JIA_Total_20,ILC,ILC,uce_l3_logreg_probe
TTGACTTGTTAGAACA_JIA_CD7_1,NK,NK,uce_l3_logreg_probe
CGTCTACAGAGTGACC_JIA_CD7_2,NK,NK,uce_l3_logreg_probe
TTGAACGGTAGCTTGT_JIA_Total_26,NK,NK,uce_l3_logreg_probe
CGGACACGTTTCCACC_JIA_CD7_5,NK,NK,uce_l3_logreg_probe
TGAGCATAGTACGCCC_JIA_Total_16,NK,NK,uce_l3_logreg_probe
CTCGTACTCGCAAGCC_JIA_CD7_3,NK,NK,uce_l3_logreg_probe
TACCTATTCTGAGGGA_JIA_CD7_1,NK,NK,uce_l3_logreg_probe
TAAGCGTGTTATGCGT_JIA_CD7_4,ILC,ILC,uce_l3_logreg_probe
TTAGGACTCAACACGT_JIA_CD7_5,NK,NK,uce_l3_logreg_probe
AAAGATGCACCAGGTC_JIA_CD7_5,NK,NK,uce_l3_logreg_probe
CTCGAGGTCTTTACAC_JIA_CD7_3,NK,NK,uce_l3_logreg_probe
CACATTTGTAAAGTCA_JIA_CD7_3,NK,NK,uce_l3_logreg_probe
GGCCGATAGCATGGCA_JIA_CD7_1,NK,NK,uce_l3_logreg_probe
TAAGCGTCATTCTTAC_JIA_CD7_5,ILC,ILC,uce_l3_logreg_probe
GCAATCAAGCTAAGAT_JIA_CD7_1,NK,NK,uce_l3_logreg_probe
CGTCAGGGTATTAGCC_JIA_CD7_1,NK,NK,uce_l3_logreg_probe
CTCGGGAGTCACTGGC_JIA_CD7_1,NK,ILC,uce_l3_logreg_probe
TTAGGACCATCAGTAC_JIA_CD7_5,NK,NK,uce_l3_logreg_probe
AGGTCATGTTTAGGAA_JIA_CD7_3,ILC,ILC,uce_l3_logreg_probe
GCACATAGTACTTCTT_JIA_CD7_1,NK,NK,uce_l3_logreg_probe
GCTCTGTGTCTAAACC_JIA_CD7_2,NK,NK,uce_l3_logreg_probe
TGTCCCAGTAGCGATG_JIA_Total_7,NK,NK,uce_l3_logreg_probe
GATGCTACAGATGAGC_JIA_Total_24,NK,NK,uce_l3_logreg_probe
CTTCTCTTCTCACATT_JIA_Total_23,NK,NK,uce_l3_logreg_probe
TACAGTGCAATTGCTG_JIA_CD7_5,NK,NK,uce_l3_logreg_probe
TGGCTGGAGTGGGTTG_JIA_Total_17,NK,NK,uce_l3_logreg_probe
CGATGGCGTCACCCAG_JIA_CD7_4,NK,NK,uce_l3_logreg_probe
GTCAAGTCAGGATTGG_JIA_CD7_2,NK,NK,uce_l3_logreg_probe
CTTTGCGAGCTCCCAG_JIA_CD7_4,NK,NK,uce_l3_logreg_probe
CAGTCCTCATCGACGC_JIA_CD7_5,NK,NK,uce_l3_logreg_probe
CTCGAGGGTGAGGGAG_JIA_CD7_1,NK,NK,uce_l3_logreg_probe
ATCTGCCGTAATCGTC_JIA_CD7_4,NK,NK,uce_l3_logreg_probe
TGCCAAACAGATGGCA_JIA_CD7_5,NK,NK,uce_l3_logreg_probe
CCTAAAGGTCACCCAG_JIA_CD7_4,NK,NK,uce_l3_logreg_probe
GGCTCGATCGCCAGCA_JIA_Total_24,NK,NK,uce_l3_logreg_probe
TTCGAAGGTCCTCTTG_JIA_CD7_2,NK,NK,uce_l3_logreg_probe
ACGATACGTCTAGGTT_JIA_CD7_3,NK,NK,uce_l3_logreg_probe
TCTTCGGGTCCGAATT_JIA_Total_19,NK,NK,uce_l3_logreg_probe
CGAACATGTCCTAGCG_JIA_Total_26,NK,NK,uce_l3_logreg_probe
GAACGGAGTTCGCGAC_JIA_CD7_1,NK,NK,uce_l3_logreg_probe
TATCAGGGTGTCTTGA_JIA_DC_2,NK,NK,uce_l3_logreg_probe
TCACGAACAGGTGCCT_JIA_CD7_1,NK,NK,uce_l3_logreg_probe
CATCAGAAGTGTCTCA_JIA_CD7_4,NK,NK,uce_l3_logreg_probe
CGCTTCATCTCTTGAT_JIA_CD7_3,NK,NK,uce_l3_logreg_probe
CGTTCTGGTACAGACG_JIA_CD7_5,NK,NK,uce_l3_logreg_probe
TATCTCAGTGGTCCGT_JIA_Total_26,NK,NK,uce_l3_logreg_probe
CGGAGTCAGTTTGCGT_JIA_CD7_2,NK,NK,uce_l3_logreg_probe
ATTGGACTCGTCACGG_JIA_CD7_4,NK,NK,uce_l3_logreg_probe
CTGGTCTAGCTTATCG_JIA_CD7_5,ILC,ILC,uce_l3_logreg_probe
CTTCTCTTCATTTGGG_JIA_CD7_5,NK,NK,uce_l3_logreg_probe
TGGGAAGTCTTGCATT_JIA_CD7_2,ILC,NK,uce_l3_logreg_probe
CACCTTGTCATGTCCC_JIA_CD7_1,NK,NK,uce_l3_logreg_probe
CATCAGATCTGGAGCC_JIA_CD7_4,NK,NK,uce_l3_logreg_probe
CGATGGCCAAGGACAC_JIA_Total_10,NK,NK,uce_l3_logreg_probe
CCTTACGCATGGTCTA_JIA_CD7_4,NK,NK,uce_l3_logreg_probe
GTGCTTCGTCGTTGTA_JIA_CD7_5,NK,NK,uce_l3_logreg_probe
GGCTCGATCCAGTATG_JIA_CD7_2,NK,NK,uce_l3_logreg_probe
AGTTGGTTCTTGCCGT_JIA_CD7_4,NK,NK,uce_l3_logreg_probe
TGCTGCTTCGCACTCT_JIA_CD7_4,NK,NK,uce_l3_logreg_probe
CGTGAGCTCTACCAGA_JIA_CD7_5,NK,NK,uce_l3_logreg_probe
TACTCATCAATCGAAA_JIA_Total_24,NK,NK,uce_l3_logreg_probe
GGCGACTGTGCTTCTC_JIA_CD7_4,ILC,ILC,uce_l3_logreg_probe
GCTCCTATCAGCTGGC_JIA_CD7_4,NK,NK,uce_l3_logreg_probe
GCCTCTAGTAAATGAC_JIA_CD7_3,NK,NK,uce_l3_logreg_probe
ACAGCCGGTTTCCACC_JIA_CD7_2,ILC,ILC,uce_l3_logreg_probe
CGGAGTCGTGGTGTAG_JIA_Total_19,NK,NK,uce_l3_logreg_probe
TTTATGCCATTCTCAT_JIA_CD7_4,NK,NK,uce_l3_logreg_probe
CGAGCACTCGGATGGA_JIA_CD7_5,NK,NK,uce_l3_logreg_probe
TACACGAAGGCGACAT_JIA_CD7_5,NK,NK,uce_l3_logreg_probe
ACAGCCGGTTAGGGTG_JIA_CD7_2,NK,NK,uce_l3_logreg_probe
ATGAGGGCACTACAGT_JIA_CD7_5,ILC,ILC,uce_l3_logreg_probe
CCCAATCGTGCCTGTG_JIA_Total_5,ILC,ILC,uce_l3_logreg_probe
CCGTACTGTATCAGTC_JIA_CD7_4,NK,NK,uce_l3_logreg_probe
CCTATTACACACTGCG_JIA_CD7_3,NK,NK,uce_l3_logreg_probe
CAGATCAGTATTCTCT_JIA_Total_26,NK,NK,uce_l3_logreg_probe
AGGTCATAGATGCGAC_JIA_CD7_4,NK,NK,uce_l3_logreg_probe
GTGCAGCCATTATCTC_JIA_CD7_5,NK,NK,uce_l3_logreg_probe
TCGCGAGCAGGCGATA_JIA_CD7_3,NK,NK,uce_l3_logreg_probe
CTTAGGAGTGTTGGGA_JIA_CD7_2,NK,NK,uce_l3_logreg_probe
CAAGTTGGTAAAGGAG_JIA_Total_20,NK,NK,uce_l3_logreg_probe
GCAGTTAAGGAGTTTA_JIA_CD7_4,NK,NK,uce_l3_logreg_probe
TACTCATTCGTAGGAG_JIA_CD7_1,NK,NK,uce_l3_logreg_probe
ATAGACCCAAAGGTGC_JIA_CD7_3,ILC,ILC,uce_l3_logreg_probe
CCTCAGTTCTTGTACT_JIA_CD7_5,NK,NK,uce_l3_logreg_probe
ACAACCACAATATCCG_JIA_DC_1,NK,NK,uce_l3_logreg_probe
ATAGACCCACGACTCG_JIA_CD7_5,NK,NK,uce_l3_logreg_probe
CGAGCCACATTCCTGC_JIA_Total_25,NK,NK,uce_l3_logreg_probe
AAATGCCAGGTGCACA_JIA_Total_26,NK,NK,uce_l3_logreg_probe
CCTAGCTGTTGGACCC_JIA_CD7_3,NK,NK,uce_l3_logreg_probe
AGAGCTTTCAGCACAT_JIA_CD7_4,NK,NK,uce_l3_logreg_probe
CACACAAAGTGACTCT_JIA_CD7_5,NK,NK,uce_l3_logreg_probe
GATTCAGAGCGATCCC_JIA_CD7_5,ILC,ILC,uce_l3_logreg_probe
GCGCAGTCATCACGTA_JIA_CD7_5,NK,NK,uce_l3_logreg_probe
CCTTTCTCATGAAGTA_JIA_CD7_1,ILC,ILC,uce_l3_logreg_probe
CTGCCTACAGCTCGCA_JIA_CD7_3,NK,NK,uce_l3_logreg_probe
GTGTTAGCATCCGGGT_JIA_CD7_4,ILC,ILC,uce_l3_logreg_probe
AGGGTGATCGTCCAGG_JIA_CD7_4,NK,NK,uce_l3_logreg_probe
CGTCCATCATTCCTCG_JIA_CD7_5,NK,NK,uce_l3_logreg_probe
GCAATCAGTCCGAGTC_JIA_Total_26,NK,NK,uce_l3_logreg_probe
CGAACATTCAGCGATT_JIA_CD7_5,NK,NK,uce_l3_logreg_probe
CGATGTACACACCGAC_JIA_CD7_5,NK,NK,uce_l3_logreg_probe
GGCGACTCATTTCACT_JIA_CD7_4,NK,NK,uce_l3_logreg_probe
ATCATGGCATGTTGAC_JIA_CD7_5,NK,NK,uce_l3_logreg_probe
GTTTCTATCGAATGGG_JIA_Total_24,NK,NK,uce_l3_logreg_probe
CATTCGCAGCCCAATT_JIA_CD7_4,ILC,ILC,uce_l3_logreg_probe
CCGGGATGTTTGTGTG_JIA_CD7_5,NK,NK,uce_l3_logreg_probe
GTACGTATCACGCGGT_JIA_CD7_2,NK,NK,uce_l3_logreg_probe
ACTGCTCAGACAGACC_JIA_Total_24,NK,NK,uce_l3_logreg_probe
CGCTTCACACCACGTG_JIA_Total_24,NK,NK,uce_l3_logreg_probe
GTATTCTTCGTGGACC_JIA_CD7_3,NK,NK,uce_l3_logreg_probe
ATCTACTCAAGGCTCC_JIA_CD7_5,NK,NK,uce_l3_logreg_probe
CGTAGGCCATTGGGCC_JIA_CD7_2,NK,NK,uce_l3_logreg_probe
TTCGAAGGTAGCTTGT_JIA_CD7_5,NK,NK,uce_l3_logreg_probe
CGACCTTTCGGAGGTA_JIA_CD7_5,ILC,ILC,uce_l3_logreg_probe
TACGGGCCACGGTGTC_JIA_Total_20,NK,NK,uce_l3_logreg_probe
TACAGTGGTGGCTCCA_JIA_CD7_5,NK,NK,uce_l3_logreg_probe
GGGATGAAGGTGGGTT_JIA_CD7_2,NK,NK,uce_l3_logreg_probe
CCTACCAAGAGGGCTT_JIA_CD7_5,NK,NK,uce_l3_logreg_probe
GTGTTAGTCTTTACAC_JIA_CD7_2,NK,NK,uce_l3_logreg_probe
CATGCCTAGTGAAGAG_JIA_Total_14,NK,NK,uce_l3_logreg_probe
GCTCCTAAGTTGTCGT_JIA_CD7_3,NK,NK,uce_l3_logreg_probe
GGATTACGTTCAGGCC_JIA_CD7_3,ILC,ILC,uce_l3_logreg_probe
GATAGAAAGCTCACTA_JIA_DC_1,NK,NK,uce_l3_logreg_probe
CTCATTAGTTACGTCA_JIA_CD7_5,NK,NK,uce_l3_logreg_probe
GGGAATGCAAGTCTAC_JIA_CD7_3,NK,NK,uce_l3_logreg_probe
CAGTAACGTCGGATCC_JIA_CD7_5,NK,NK,uce_l3_logreg_probe
GTACGTAAGTAGATGT_JIA_Total_17,NK,NK,uce_l3_logreg_probe
CTCGGAGGTGGTGTAG_JIA_CD7_5,NK,NK,uce_l3_logreg_probe
TGTTCCGAGAGTACAT_JIA_CD7_4,NK,NK,uce_l3_logreg_probe
ATCGAGTTCAAAGACA_JIA_CD7_4,NK,NK,uce_l3_logreg_probe
AAGGAGCCAGACGTAG_JIA_CD7_5,NK,NK,uce_l3_logreg_probe
TCGTAGAAGACCCACC_JIA_CD7_4,NK,NK,uce_l3_logreg_probe
ATCATCTCAGGGCATA_JIA_CD7_1,NK,NK,uce_l3_logreg_probe
TGTTCCGTCTAACCGA_JIA_CD7_5,NK,NK,uce_l3_logreg_probe
TTGAACGCATTCGACA_JIA_CD7_1,NK,NK,uce_l3_logreg_probe
GACTAACGTCCAGTGC_JIA_Total_23,NK,NK,uce_l3_logreg_probe
CGCTGGAGTACTTAGC_JIA_Total_13,NK,NK,uce_l3_logreg_probe
TCAACGAAGTTGAGTA_JIA_CD7_3,NK,NK,uce_l3_logreg_probe
CGACCTTCACATGGGA_JIA_CD7_1,NK,NK,uce_l3_logreg_probe
TGACGGCAGCCGTCGT_JIA_CD7_5,NK,NK,uce_l3_logreg_probe
GTTAAGCAGTTCGCAT_JIA_CD7_2,NK,NK,uce_l3_logreg_probe
TGTGGTAAGCGAAGGG_JIA_Total_10,NK,NK,uce_l3_logreg_probe
TAGTTGGGTTCGCGAC_JIA_CD7_3,NK,NK,uce_l3_logreg_probe
GTCGGGTCAGATGGCA_JIA_CD7_4,NK,NK,uce_l3_logreg_probe
TACTCGCAGGTGCTTT_JIA_Total_17,NK,NK,uce_l3_logreg_probe
ACACCAAGTATAGTAG_JIA_CD7_4,ILC,ILC,uce_l3_logreg_probe
TCAGCTCAGATAGCAT_JIA_CD7_4,NK,NK,uce_l3_logreg_probe
TTAGGCAAGTTGCAGG_JIA_CD7_2,NK,NK,uce_l3_logreg_probe
CAGTAACGTAGGGTAC_JIA_CD7_3,NK,NK,uce_l3_logreg_probe
AGAGCTTAGCTGAAAT_JIA_Total_4,NK,NK,uce_l3_logreg_probe
GAAGCAGAGCTGATAA_JIA_CD7_4,NK,NK,uce_l3_logreg_probe
CCCATACAGGCGCTCT_JIA_CD7_2,NK,NK,uce_l3_logreg_probe
GACCAATTCGTCCAGG_JIA_Total_25,NK,NK,uce_l3_logreg_probe
GTGCGGTAGGTGCACA_JIA_Total_25,NK,ILC,uce_l3_logreg_probe
TACGGGCAGCCAGTAG_JIA_CD7_4,NK,NK,uce_l3_logreg_probe
GAATAAGGTGCATCTA_JIA_Total_17,NK,NK,uce_l3_logreg_probe
AATCCAGCAAGTTCTG_JIA_Total_25,NK,NK,uce_l3_logreg_probe
ATAAGAGGTGCGAAAC_JIA_CD7_5,NK,NK,uce_l3_logreg_probe
GGCGACTAGCTCTCGG_JIA_CD7_5,NK,NK,uce_l3_logreg_probe
TACTCGCTCCATGAAC_JIA_CD7_5,NK,NK,uce_l3_logreg_probe
CACACAACATTTGCTT_JIA_Total_23,NK,NK,uce_l3_logreg_probe
ACAGCCGCATGGTAGG_JIA_CD7_5,NK,NK,uce_l3_logreg_probe
CGGAGCTTCTAACGGT_JIA_CD7_4,NK,NK,uce_l3_logreg_probe
CGTTGGGAGAATGTGT_JIA_Total_20,NK,NK,uce_l3_logreg_probe
GAACCTACACGGACAA_JIA_CD7_3,NK,NK,uce_l3_logreg_probe
CGCGTTTGTCGTCTTC_JIA_CD7_5,NK,NK,uce_l3_logreg_probe
CAGATTGGTCACCGCA_JIA_DC_2,NK,ILC,uce_l3_logreg_probe
GGGACCTAGTCACGCC_JIA_CD7_4,ILC,ILC,uce_l3_logreg_probe
CCACCTATCCATGAGT_JIA_CD7_5,NK,NK,uce_l3_logreg_probe
TCTATTGGTAGAGGAA_JIA_CD7_2,NK,NK,uce_l3_logreg_probe
GTAACGTTCGCAGGCT_JIA_CD7_5,NK,NK,uce_l3_logreg_probe
ACACTGACACGTAAGG_JIA_CD7_2,NK,NK,uce_l3_logreg_probe
TAAGCGTAGCGATCCC_JIA_CD7_5,NK,NK,uce_l3_logreg_probe
TCAGGATGTTGAACTC_JIA_CD7_4,NK,NK,uce_l3_logreg_probe
CCTCAGTGTTAAGGGC_JIA_CD7_1,NK,NK,uce_l3_logreg_probe
CTTAACTTCGCTGATA_JIA_CD7_5,NK,NK,uce_l3_logreg_probe
AACTTTCGTGCGATAG_JIA_CD7_2,NK,NK,uce_l3_logreg_probe
CACACTCAGGACACCA_JIA_CD7_5,NK,NK,uce_l3_logreg_probe
GGCCGATAGAGCTGCA_JIA_CD7_3,NK,NK,uce_l3_logreg_probe
ACGCAGCAGGGCTCTC_JIA_Total_11,NK,NK,uce_l3_logreg_probe
GATCGTACACTATCTT_JIA_CD7_4,NK,NK,uce_l3_logreg_probe
GGTGAAGTCGGTGTCG_JIA_CD7_1,NK,NK,uce_l3_logreg_probe
GAGTTGTTCACGGGCT_JIA_DC_2,NK,NK,uce_l3_logreg_probe
TAAGAGAAGACAGAGA_JIA_Total_20,NK,NK,uce_l3_logreg_probe
ACATGGTCACGAAATA_JIA_CD7_5,ILC,ILC,uce_l3_logreg_probe
GAGGTGAGTACTTAGC_JIA_CD7_1,NK,NK,uce_l3_logreg_probe
TCGCGTTAGGCCATAG_JIA_CD7_1,NK,NK,uce_l3_logreg_probe
TTTACTGTCTTACCGC_JIA_Total_14,NK,NK,uce_l3_logreg_probe
CATTCGCGTCCCTTGT_JIA_CD7_5,NK,NK,uce_l3_logreg_probe
GGACAAGAGGCTAGAC_JIA_CD7_4,NK,NK,uce_l3_logreg_probe
GATTCAGAGGCTCTTA_JIA_CD7_3,NK,NK,uce_l3_logreg_probe
TCGTACCAGACGCAAC_JIA_Total_26,ILC,ILC,uce_l3_logreg_probe
TGAGCCGTCCACTCCA_JIA_CD7_5,NK,NK,uce_l3_logreg_probe
CCTATTACACATTAGC_JIA_CD7_2,NK,NK,uce_l3_logreg_probe
CTGTCGTCACTAGGCC_JIA_CD45_1,ILC,ILC,uce_l3_logreg_probe
TTTATGCCATTACGAC_JIA_CD7_5,NK,NK,uce_l3_logreg_probe
ACTTGTTAGACACGAC_JIA_CD7_5,NK,NK,uce_l3_logreg_probe
CGGAGTCAGAAGCCCA_JIA_Total_17,NK,NK,uce_l3_logreg_probe
CCTTACGGTAGGGTAC_JIA_CD7_4,NK,NK,uce_l3_logreg_probe
TCGACCTAGAAGTATC_JIA_DC_1,NK,NK,uce_l3_logreg_probe
CTCGGGATCAGCCTAA_JIA_CD7_5,NK,NK,uce_l3_logreg_probe
CTAAGACAGAGGGCTT_JIA_CD7_1,NK,NK,uce_l3_logreg_probe
TATGCCCCAGCGAACA_JIA_CD7_2,NK,NK,uce_l3_logreg_probe
CCATGTCTCATTCACT_JIA_Total_7,NK,NK,uce_l3_logreg_probe
CCGTGGACAATCGAAA_JIA_CD7_5,NK,NK,uce_l3_logreg_probe
TTTATGCTCCTACAGA_JIA_CD7_4,NK,NK,uce_l3_logreg_probe
AGACGTTCACCCATGG_JIA_CD7_2,NK,NK,uce_l3_logreg_probe
CACACCTGTTGCGTTA_JIA_Total_11,NK,NK,uce_l3_logreg_probe
CACAGTATCTCCGGTT_JIA_CD7_1,NK,NK,uce_l3_logreg_probe
GTAACGTCACCTTGTC_JIA_Total_17,NK,NK,uce_l3_logreg_probe
GGCCGATTCATAGCAC_JIA_Total_20,NK,NK,uce_l3_logreg_probe
ACACCAATCTGCTGCT_JIA_CD7_2,NK,NK,uce_l3_logreg_probe
ATTACTCGTCTTGCGG_JIA_CD7_5,NK,NK,uce_l3_logreg_probe
CATCCACCAATAAGCA_JIA_CD7_4,NK,NK,uce_l3_logreg_probe
ACCTTTATCTCTTGAT_JIA_CD7_4,NK,NK,uce_l3_logreg_probe
ACGAGGATCCTTAATC_JIA_CD7_3,NK,NK,uce_l3_logreg_probe
AGGGTGATCGAATGGG_JIA_CD7_5,NK,NK,uce_l3_logreg_probe
AACTCAGCATGGGAAC_JIA_CD7_3,NK,NK,uce_l3_logreg_probe
TGACGGCCAGTATCTG_JIA_CD7_5,NK,NK,uce_l3_logreg_probe
AGTGAGGCACGAAATA_JIA_CD7_1,NK,NK,uce_l3_logreg_probe
CAGCAGCAGACTAGGC_JIA_Total_20,NK,NK,uce_l3_logreg_probe
CTCTACGTCGTTTGCC_JIA_CD7_1,NK,NK,uce_l3_logreg_probe
CGTGAGCGTGGTACAG_JIA_CD7_5,ILC,ILC,uce_l3_logreg_probe
TTCTTAGCACGTGAGA_JIA_CD7_5,ILC,ILC,uce_l3_logreg_probe
TTCCCAGGTCGGCTCA_JIA_Total_5,NK,NK,uce_l3_logreg_probe
GTACGTAAGAATGTTG_JIA_CD7_5,NK,NK,uce_l3_logreg_probe
CATATGGCAATTCCTT_JIA_CD7_3,NK,NK,uce_l3_logreg_probe
ATGTGTGAGTCGTTTG_JIA_CD7_3,NK,NK,uce_l3_logreg_probe
ATTGGTGGTCACACGC_JIA_Total_1,NK,NK,uce_l3_logreg_probe
CCATTCGAGTGTTAGA_JIA_CD7_4,NK,NK,uce_l3_logreg_probe
CTTAGGATCTGCGTAA_JIA_Total_19,NK,NK,uce_l3_logreg_probe
CCACCTATCGCCAAAT_JIA_CD7_2,NK,NK,uce_l3_logreg_probe
CGTCAGGGTACCTACA_JIA_CD7_3,NK,NK,uce_l3_logreg_probe
TCTCTAAAGCACAGGT_JIA_CD7_1,NK,NK,uce_l3_logreg_probe
GAGCAGATCACCATAG_JIA_Total_14,NK,NK,uce_l3_logreg_probe
CCCAGTTTCCTGTACC_JIA_CD7_3,NK,NK,uce_l3_logreg_probe
CCAATCCAGACTGGGT_JIA_CD7_2,ILC,NK,uce_l3_logreg_probe
CGGAGCTGTATGGTTC_JIA_CD7_5,NK,NK,uce_l3_logreg_probe
TAGCCGGTCTGCGGCA_JIA_Total_25,NK,NK,uce_l3_logreg_probe
ATTTCTGAGACAGACC_JIA_Total_25,NK,NK,uce_l3_logreg_probe
AACCATGCAATGAAAC_JIA_Total_25,NK,NK,uce_l3_logreg_probe
GGGATGAGTTAAGACA_JIA_CD7_2,NK,NK,uce_l3_logreg_probe
TGGACGCAGGGTTCCC_JIA_CD7_3,NK,NK,uce_l3_logreg_probe
CTGCTGTGTGTTCGAT_JIA_CD7_5,NK,NK,uce_l3_logreg_probe
TGGTTCCCAAACTGTC_JIA_CD7_4,NK,NK,uce_l3_logreg_probe
AAGACCTAGGCATTGG_JIA_Total_17,NK,NK,uce_l3_logreg_probe
CGTCCATTCAACACAC_JIA_CD7_4,NK,NK,uce_l3_logreg_probe
CCTATTAGTGTTAAGA_JIA_CD7_5,NK,NK,uce_l3_logreg_probe
AGAGTGGAGGAGTACC_JIA_CD7_4,ILC,ILC,uce_l3_logreg_probe
CATATGGTCCAAGCCG_JIA_Total_1,NK,NK,uce_l3_logreg_probe
CAGCTGGAGTGTTTGC_JIA_Total_24,NK,NK,uce_l3_logreg_probe
GAACATCGTGGAAAGA_JIA_CD7_5,NK,NK,uce_l3_logreg_probe
GCGACCAGTCTGATTG_JIA_CD7_1,ILC,ILC,uce_l3_logreg_probe
CCAATCCTCCAACCAA_JIA_Total_13,NK,NK,uce_l3_logreg_probe
TTAGGACAGATCACGG_JIA_CD7_5,NK,NK,uce_l3_logreg_probe
CACAGTACAGACGCCT_JIA_CD7_3,NK,NK,uce_l3_logreg_probe
CTTCTCTAGTGTCCCG_JIA_CD7_2,NK,NK,uce_l3_logreg_probe
CATCGGGTCTTGAGGT_JIA_Total_10,NK,NK,uce_l3_logreg_probe
TCGAGGCGTCGCTTTC_JIA_Total_1,NK,NK,uce_l3_logreg_probe
TGCTACCCAACAACCT_JIA_CD7_1,NK,NK,uce_l3_logreg_probe
TCGGGACAGTGACTCT_JIA_CD7_5,NK,NK,uce_l3_logreg_probe
GGGTCTGCATAAGACA_JIA_CD7_5,NK,NK,uce_l3_logreg_probe
AGAGCTTGTCATGCAT_JIA_CD7_5,NK,NK,uce_l3_logreg_probe
TACGGATGTCGGCATC_JIA_CD7_5,NK,NK,uce_l3_logreg_probe
GATGCTATCCTTTACA_JIA_Total_25,NK,NK,uce_l3_logreg_probe
CTGCGGATCATGCAAC_JIA_Total_23,NK,NK,uce_l3_logreg_probe
AAATGCCGTCTAGCGC_JIA_CD7_2,NK,NK,uce_l3_logreg_probe
CGGAGCTAGCTAGTCT_JIA_CD7_3,NK,NK,uce_l3_logreg_probe
GTAACGTGTCCTAGCG_JIA_Total_1,NK,NK,uce_l3_logreg_probe
GCTGGGTAGCGAAGGG_JIA_CD7_3,NK,NK,uce_l3_logreg_probe
AAAGTAGGTTTGACTG_JIA_CD7_2,NK,NK,uce_l3_logreg_probe
GGAATAACAAGACGTG_JIA_Total_2,NK,NK,uce_l3_logreg_probe
ATCTACTCATCGTCGG_JIA_CD7_2,NK,NK,uce_l3_logreg_probe
GAAGGGTCAGAGGTAC_JIA_DC_1,NK,NK,uce_l3_logreg_probe
GGACATTAGGACAGCT_JIA_CD7_5,NK,NK,uce_l3_logreg_probe
CACACAACATTCGACA_JIA_CD7_5,NK,NK,uce_l3_logreg_probe
GATCGTAAGCCCAACC_JIA_CD7_2,NK,NK,uce_l3_logreg_probe
TGACTAGCAATCTACG_JIA_Total_17,NK,NK,uce_l3_logreg_probe
AGTGGGAAGGCTCAGA_JIA_CD7_3,NK,NK,uce_l3_logreg_probe
ACCTTTAGTTAGGGTG_JIA_CD7_2,NK,NK,uce_l3_logreg_probe
CGGAGTCCACCAGTTA_JIA_CD7_3,NK,NK,uce_l3_logreg_probe
CTGAAACGTTCCTCCA_JIA_CD7_5,NK,NK,uce_l3_logreg_probe
GTACTCCAGTACGTTC_JIA_CD7_4,NK,NK,uce_l3_logreg_probe
CTCATTACAGCTGTTA_JIA_CD7_2,ILC,ILC,uce_l3_logreg_probe
TGAGGGAAGATGTAAC_JIA_CD7_4,ILC,ILC,uce_l3_logreg_probe
GTTCATTCATTATCTC_JIA_CD7_4,ILC,ILC,uce_l3_logreg_probe
AGAGCTTCATTAACCG_JIA_Total_23,NK,NK,uce_l3_logreg_probe
GATCGCGAGACCCACC_JIA_Total_1,NK,NK,uce_l3_logreg_probe
CGATGGCTCTGCCCTA_JIA_CD7_5,NK,NK,uce_l3_logreg_probe
GTGTGCGGTCACCTAA_JIA_Total_24,ILC,NK,uce_l3_logreg_probe
GCAGTTATCATGTCCC_JIA_CD7_5,NK,NK,uce_l3_logreg_probe
GAAGCAGAGTCCAGGA_JIA_Total_17,NK,NK,uce_l3_logreg_probe
CACACAACACTTGGAT_JIA_CD7_4,NK,NK,uce_l3_logreg_probe
TTAACTCCAACTTGAC_JIA_CD7_5,NK,NK,uce_l3_logreg_probe
GTACTCCTCCTTTACA_JIA_CD7_4,NK,NK,uce_l3_logreg_probe
CACCACTTCTCGTATT_JIA_Total_25,NK,NK,uce_l3_logreg_probe
CATCCACCAAGTACCT_JIA_CD7_2,ILC,ILC,uce_l3_logreg_probe
CTTAGGACAGGAACGT_JIA_Total_20,NK,NK,uce_l3_logreg_probe
TGAGGGACACAACTGT_JIA_CD7_1,NK,ILC,uce_l3_logreg_probe
TGAGCCGCATAAAGGT_JIA_CD7_3,NK,NK,uce_l3_logreg_probe
TTGTAGGTCTTATCTG_JIA_CD7_2,NK,NK,uce_l3_logreg_probe
ACGCCAGCAGATTGCT_JIA_CD7_4,NK,NK,uce_l3_logreg_probe
TACACGATCTTCGAGA_JIA_CD7_2,NK,NK,uce_l3_logreg_probe
TCATTTGGTGGTAACG_JIA_CD7_5,ILC,ILC,uce_l3_logreg_probe
TACTTGTCAAGACACG_JIA_CD7_5,NK,NK,uce_l3_logreg_probe
CGTAGGCGTTTCGCTC_JIA_CD7_3,NK,NK,uce_l3_logreg_probe
CTGAAACGTTGGACCC_JIA_CD7_3,NK,NK,uce_l3_logreg_probe
CCACTACGTTAAGACA_JIA_CD7_3,NK,NK,uce_l3_logreg_probe
TGCGCAGTCGGGAGTA_JIA_CD7_2,NK,NK,uce_l3_logreg_probe
GACGCGTGTGCAACGA_JIA_Total_4,NK,NK,uce_l3_logreg_probe
GCGCCAATCCAGAGGA_JIA_CD7_4,NK,NK,uce_l3_logreg_probe
TTGCGTCGTACAGTGG_JIA_CD7_1,ILC,ILC,uce_l3_logreg_probe
TAAGAGAGTACAAGTA_JIA_CD7_4,ILC,ILC,uce_l3_logreg_probe
GTATTCTCAGTAAGCG_JIA_CD7_4,NK,NK,uce_l3_logreg_probe
CTCTAATAGTGTCTCA_JIA_Total_10,NK,NK,uce_l3_logreg_probe
CACAGTATCGGAAATA_JIA_Total_26,NK,NK,uce_l3_logreg_probe
CTGATAGAGAATTGTG_JIA_CD7_3,NK,NK,uce_l3_logreg_probe
TAAGAGAGTACACCGC_JIA_CD7_4,NK,NK,uce_l3_logreg_probe
CTGATAGGTTCGCGAC_JIA_Total_26,NK,NK,uce_l3_logreg_probe
ACACCCTGTGAGCGAT_JIA_Total_24,ILC,ILC,uce_l3_logreg_probe
AGAGCGAGTCGTGGCT_JIA_CD7_3,NK,NK,uce_l3_logreg_probe
ATCGAGTGTCGGCTCA_JIA_CD7_2,NK,NK,uce_l3_logreg_probe
CGGTTAATCGTTGACA_JIA_CD7_1,NK,NK,uce_l3_logreg_probe
GTAACTGTCAACACGT_JIA_Total_20,NK,ILC,uce_l3_logreg_probe
GTACTCCAGGATATAC_JIA_CD7_5,ILC,ILC,uce_l3_logreg_probe
CCTACCATCGAATCCA_JIA_CD7_1,NK,NK,uce_l3_logreg_probe
AAGGTTCGTCTCGTTC_JIA_CD7_5,NK,NK,uce_l3_logreg_probe
GTCGTAATCTTGTTTG_JIA_CD7_5,NK,NK,uce_l3_logreg_probe
GCATGTAGTTCGGCAC_JIA_CD7_3,NK,NK,uce_l3_logreg_probe
TCAGCAACAAGGTGTG_JIA_CD7_4,NK,NK,uce_l3_logreg_probe
CGCTTCAGTCCAGTAT_JIA_CD7_4,ILC,ILC,uce_l3_logreg_probe
GCACTCTAGATGCGAC_JIA_CD7_3,NK,NK,uce_l3_logreg_probe
TTTGGTTTCGAACGGA_JIA_CD7_4,NK,NK,uce_l3_logreg_probe
GAACGGAGTATAGTAG_JIA_CD7_1,NK,NK,uce_l3_logreg_probe
CAGAGAGTCCCTCAGT_JIA_CD7_4,NK,NK,uce_l3_logreg_probe
CGGCTAGCATGCTAGT_JIA_Total_4,NK,NK,uce_l3_logreg_probe
CACAAACGTCACACGC_JIA_CD7_5,NK,NK,uce_l3_logreg_probe
CACAGGCGTAGTGAAT_JIA_CD7_5,NK,NK,uce_l3_logreg_probe
GTTCATTCATGGTAGG_JIA_Total_4,NK,NK,uce_l3_logreg_probe
CGGTTAAGTGTGACGA_JIA_Total_23,NK,NK,uce_l3_logreg_probe
GTCGGGTTCATTGCGA_JIA_Total_1,NK,NK,uce_l3_logreg_probe
GCTGCTTGTGCACTTA_JIA_Total_17,NK,NK,uce_l3_logreg_probe
CTTAACTGTGAAAGAG_JIA_CD7_2,NK,NK,uce_l3_logreg_probe
AAAGTAGAGTGAACGC_JIA_CD7_1,NK,NK,uce_l3_logreg_probe
TTCTCAATCATGTAGC_JIA_CD7_1,NK,NK,uce_l3_logreg_probe
TAGACCATCACAATGC_JIA_Total_2,NK,NK,uce_l3_logreg_probe
GAAATGAGTCCAACTA_JIA_CD7_4,NK,NK,uce_l3_logreg_probe
CTCGGGAAGTGTCTCA_JIA_CD7_5,NK,NK,uce_l3_logreg_probe
AGGGATGCAATCAGAA_JIA_CD7_3,ILC,ILC,uce_l3_logreg_probe
TACCTTAAGTGGTAAT_JIA_CD7_5,ILC,ILC,uce_l3_logreg_probe
GATTCAGTCACAGTAC_JIA_Total_24,NK,NK,uce_l3_logreg_probe
GTTACAGGTCGACTAT_JIA_CD7_2,NK,NK,uce_l3_logreg_probe
TCAGATGAGCTAGTGG_JIA_Total_17,NK,NK,uce_l3_logreg_probe
ATCCACCGTCTGATCA_JIA_Total_20,NK,NK,uce_l3_logreg_probe
ACCTTTAAGCTGCGAA_JIA_CD7_3,NK,NK,uce_l3_logreg_probe
ATAACGCAGGTCGGAT_JIA_Total_24,NK,NK,uce_l3_logreg_probe
TGCCCATAGCGTGTCC_JIA_CD7_5,ILC,NK,uce_l3_logreg_probe
ATAGACCAGTACGTTC_JIA_CD7_4,ILC,ILC,uce_l3_logreg_probe
CAGATCACAGTCGTGC_JIA_CD7_4,NK,NK,uce_l3_logreg_probe
TTTCCTCGTACTTCTT_JIA_Total_20,NK,NK,uce_l3_logreg_probe
CAGCATAGTACCATCA_JIA_CD7_5,NK,NK,uce_l3_logreg_probe
GGGATGACACATTAGC_JIA_Total_20,NK,NK,uce_l3_logreg_probe
ACCACAAGTATGCTAC_JIA_DC_1,ILC,ILC,uce_l3_logreg_probe
TTCATTGCACTGTTCC_JIA_CD45_2,NK,NK,uce_l3_logreg_probe
AGGGATGTCACGGTTA_JIA_Total_26,NK,NK,uce_l3_logreg_probe
AGTAGTCTCCAAAGTC_JIA_Total_11,NK,NK,uce_l3_logreg_probe
AACGTTGCATAAGACA_JIA_CD7_4,NK,NK,uce_l3_logreg_probe
CTTTGCGTCACGGTTA_JIA_Total_5,NK,NK,uce_l3_logreg_probe
ACACCCTTCAAGGCTT_JIA_CD7_5,NK,NK,uce_l3_logreg_probe
CAGCTAATCGGCGGTT_JIA_Total_23,NK,NK,uce_l3_logreg_probe
GTAGGCCCATCACGAT_JIA_CD7_4,NK,NK,uce_l3_logreg_probe
CATTATCGTCAGAGGT_JIA_Total_25,NK,NK,uce_l3_logreg_probe
CCTATTAGTGTGACCC_JIA_Total_19,NK,NK,uce_l3_logreg_probe
AACACGTTCGCTAGCG_JIA_CD7_5,NK,NK,uce_l3_logreg_probe
TCTTTCCCAGCTTCGG_JIA_CD7_5,NK,NK,uce_l3_logreg_probe
TCAACGAGTTCGTGAT_JIA_CD7_5,ILC,ILC,uce_l3_logreg_probe
CATCGAACAGATCTGT_JIA_CD7_4,NK,NK,uce_l3_logreg_probe
AAGGAGCGTGCATCTA_JIA_CD7_1,NK,NK,uce_l3_logreg_probe
AGCATACGTCACTGGC_JIA_CD7_4,NK,NK,uce_l3_logreg_probe
CCACTACTCACCAGGC_JIA_CD7_2,NK,NK,uce_l3_logreg_probe
TCAGGTACAGTCGTGC_JIA_Total_1,NK,NK,uce_l3_logreg_probe
GGGCATCTCCGCAGTG_JIA_Total_17,NK,NK,uce_l3_logreg_probe
GCACTCTTCTAACTTC_JIA_CD7_5,NK,NK,uce_l3_logreg_probe
CTTGGCTGTCCTAGCG_JIA_CD7_2,NK,NK,uce_l3_logreg_probe
AACCATGCAGCCTTTC_JIA_CD7_5,NK,NK,uce_l3_logreg_probe
CTAGTGAGTCTTCAAG_JIA_CD7_4,NK,NK,uce_l3_logreg_probe
CCACCTACACAAGCCC_JIA_CD7_5,NK,NK,uce_l3_logreg_probe
TGAGCCGCATGGTCTA_JIA_CD7_2,ILC,ILC,uce_l3_logreg_probe
TAGCCGGCACAGAGGT_JIA_Total_20,NK,NK,uce_l3_logreg_probe
CCGGTAGTCTCGAGTA_JIA_CD7_5,NK,NK,uce_l3_logreg_probe
AACACGTGTAAACGCG_JIA_CD7_5,NK,NK,uce_l3_logreg_probe
TTAACTCCACCGAAAG_JIA_CD7_4,NK,NK,uce_l3_logreg_probe
GGGCATCAGTATCTCG_JIA_CD7_1,NK,NK,uce_l3_logreg_probe
CCACTACAGCAGCGTA_JIA_CD7_5,ILC,ILC,uce_l3_logreg_probe
CTCAGAATCGGCATCG_JIA_CD7_4,ILC,ILC,uce_l3_logreg_probe
CTACCCAGTTGCCTCT_JIA_CD7_3,NK,NK,uce_l3_logreg_probe
AGCGGTCAGTGCGTGA_JIA_CD7_1,NK,NK,uce_l3_logreg_probe
CGGGTCACATCAGTAC_JIA_CD7_2,NK,NK,uce_l3_logreg_probe
GTCACGGAGCGATATA_JIA_CD7_5,NK,NK,uce_l3_logreg_probe
CTGAAGTCAACGATGG_JIA_CD7_5,NK,NK,uce_l3_logreg_probe
TCATTTGGTCTGCGGT_JIA_CD7_3,NK,NK,uce_l3_logreg_probe
CGATGGCCACAACGTT_JIA_CD7_5,NK,NK,uce_l3_logreg_probe
TTCTCCTGTAAGTTCC_JIA_CD7_5,NK,NK,uce_l3_logreg_probe
GTGAAGGCAATCTACG_JIA_CD7_5,NK,NK,uce_l3_logreg_probe
AACACGTTCACGCATA_JIA_CD7_5,ILC,ILC,uce_l3_logreg_probe
GAACGGAGTGACGCCT_JIA_CD7_5,NK,NK,uce_l3_logreg_probe
AAGGCAGGTTGGGACA_JIA_CD7_5,NK,NK,uce_l3_logreg_probe
GATTCAGCACGAAGCA_JIA_Total_13,NK,NK,uce_l3_logreg_probe
TTTGCGCCAGCATGAG_JIA_Total_14,NK,NK,uce_l3_logreg_probe
CATCCACAGAATGTTG_JIA_CD7_4,NK,NK,uce_l3_logreg_probe
ATCTACTTCTTGGGTA_JIA_CD7_5,ILC,ILC,uce_l3_logreg_probe
TAGTGGTCAACCGCCA_JIA_Total_16,NK,NK,uce_l3_logreg_probe
GCGAGAAGTTGTCGCG_JIA_CD7_3,NK,NK,uce_l3_logreg_probe
CCTCTGAAGGAGTTGC_JIA_CD7_5,NK,NK,uce_l3_logreg_probe
ATTGGTGTCTGTGCAA_JIA_CD7_4,NK,NK,uce_l3_logreg_probe
TTGTAGGGTCCCTTGT_JIA_CD7_5,NK,NK,uce_l3_logreg_probe
ACTGAGTTCTTGCAAG_JIA_CD7_2,ILC,ILC,uce_l3_logreg_probe
GATGCTATCTGTACGA_JIA_CD7_3,NK,NK,uce_l3_logreg_probe
TTCTTAGGTAGGACAC_JIA_CD7_4,ILC,ILC,uce_l3_logreg_probe
TGTATTCCAAATACAG_JIA_CD7_5,NK,NK,uce_l3_logreg_probe
GAACATCTCCTCAACC_JIA_CD7_4,NK,NK,uce_l3_logreg_probe
AACTTTCAGCGATAGC_JIA_CD7_2,NK,NK,uce_l3_logreg_probe
CTCTACGAGAGTTGGC_JIA_CD7_2,ILC,ILC,uce_l3_logreg_probe
ACCAGTAAGTCATGCT_JIA_CD7_2,ILC,ILC,uce_l3_logreg_probe
GCGCGATAGTTTCCTT_JIA_CD7_4,NK,NK,uce_l3_logreg_probe
CAGCATAAGAGGTACC_JIA_CD7_5,NK,NK,uce_l3_logreg_probe
ACCAGTATCAGGCCCA_JIA_CD7_4,NK,NK,uce_l3_logreg_probe
TCGCGAGGTACCGCTG_JIA_CD7_4,ILC,ILC,uce_l3_logreg_probe
CACACTCCAATCCGAT_JIA_CD7_2,NK,NK,uce_l3_logreg_probe
TACGGTATCCACGTTC_JIA_CD7_1,NK,NK,uce_l3_logreg_probe
GATTCAGTCTGCGTAA_JIA_CD7_2,NK,NK,uce_l3_logreg_probe
CGGCTAGCACTAGTAC_JIA_Total_7,NK,NK,uce_l3_logreg_probe
CATTATCTCCATGAAC_JIA_CD7_4,NK,NK,uce_l3_logreg_probe
CGACTTCTCACATGCA_JIA_CD7_4,NK,NK,uce_l3_logreg_probe
TGACTAGCATGGATGG_JIA_Total_26,NK,NK,uce_l3_logreg_probe
TCGCGTTAGGCCATAG_JIA_CD7_4,ILC,ILC,uce_l3_logreg_probe
AAAGCAAAGTGTTGAA_JIA_CD7_5,NK,NK,uce_l3_logreg_probe
CTAGAGTCATTTGCCC_JIA_CD7_4,NK,NK,uce_l3_logreg_probe
CCTTACGGTGAGTATA_JIA_CD7_4,NK,NK,uce_l3_logreg_probe
GCACATACAGGAATGC_JIA_CD7_1,NK,NK,uce_l3_logreg_probe
TGTCCCACACAACGTT_JIA_Total_20,NK,NK,uce_l3_logreg_probe
CATGACAGTCCCGACA_JIA_CD7_1,NK,NK,uce_l3_logreg_probe
CATTATCGTGCTAGCC_JIA_CD7_3,NK,NK,uce_l3_logreg_probe
CCGGGATGTTACGTCA_JIA_Total_26,ILC,NK,uce_l3_logreg_probe
CCTTTCTCATTCTCAT_JIA_CD7_4,NK,NK,uce_l3_logreg_probe
TCGATTTCAATGTCAC_JIA_DC_1,NK,NK,uce_l3_logreg_probe
AAAGCAACACGACGAA_JIA_CD7_4,NK,NK,uce_l3_logreg_probe
AGCGTCGGTCCTGCTT_JIA_CD7_1,NK,NK,uce_l3_logreg_probe
TTTCCTCAGGAGTAGA_JIA_CD7_5,NK,NK,uce_l3_logreg_probe
TGGTTCCGTCTGCGGT_JIA_CD7_3,NK,NK,uce_l3_logreg_probe
GCACTAAGTCCGTTTC_JIA_CD45_2,NK,NK,uce_l3_logreg_probe
CCGGGATCAAGCGAGT_JIA_CD7_4,NK,ILC,uce_l3_logreg_probe
ACATACGCAATCGGTT_JIA_CD7_4,NK,NK,uce_l3_logreg_probe
GTATCTTAGTCAAGCG_JIA_Total_4,NK,NK,uce_l3_logreg_probe
ACTTACTGTCTAAACC_JIA_CD7_5,ILC,ILC,uce_l3_logreg_probe
CCTTACGGTGTGGTTT_JIA_CD7_4,NK,ILC,uce_l3_logreg_probe
ACTTTCATCTGGGCCA_JIA_CD7_5,NK,NK,uce_l3_logreg_probe
ACCTTTATCTACTTAC_JIA_CD7_2,NK,NK,uce_l3_logreg_probe
AACTTTCAGCTTATCG_JIA_CD7_1,NK,NK,uce_l3_logreg_probe
CTACGTCTCACAGTAC_JIA_CD7_1,NK,NK,uce_l3_logreg_probe
GGACAGAAGCGTGAAC_JIA_CD7_2,NK,NK,uce_l3_logreg_probe
GTACGTACAATCCGAT_JIA_CD7_3,NK,NK,uce_l3_logreg_probe
CTCGTACGTATAGTAG_JIA_CD7_5,NK,NK,uce_l3_logreg_probe
ACTGCTCGTTCAGACT_JIA_Total_25,NK,NK,uce_l3_logreg_probe
CGTTGGGTCAAGATCC_JIA_CD7_5,NK,NK,uce_l3_logreg_probe
CTCTAATGTAATCACC_JIA_Total_4,NK,NK,uce_l3_logreg_probe
CTAGTGAGTGCACCAC_JIA_CD7_2,NK,NK,uce_l3_logreg_probe
GTATCTTGTAATCGTC_JIA_CD7_4,ILC,ILC,uce_l3_logreg_probe
TCGGTAAGTCTAGTCA_JIA_CD7_2,NK,NK,uce_l3_logreg_probe
ACGGCCAAGTAGTGCG_JIA_CD7_3,ILC,ILC,uce_l3_logreg_probe
CCTACACCAGGAATCG_JIA_CD7_3,NK,NK,uce_l3_logreg_probe
AGAATAGGTAAATGTG_JIA_Total_1,NK,NK,uce_l3_logreg_probe
ATCATCTTCTTGTCAT_JIA_CD7_5,NK,ILC,uce_l3_logreg_probe
GAGCTGCAGCCTCGTG_JIA_DC_1,NK,NK,uce_l3_logreg_probe
TTAGGACAGACAAAGG_JIA_Total_10,NK,NK,uce_l3_logreg_probe
AGTAGTCTCAGTACGT_JIA_CD7_1,NK,NK,uce_l3_logreg_probe
TGGCCAGAGCATGGCA_JIA_CD7_3,NK,NK,uce_l3_logreg_probe
CCTCTGAGTACCGCTG_JIA_Total_14,NK,NK,uce_l3_logreg_probe
CGTCACTGTAGCGTAG_JIA_CD7_5,NK,NK,uce_l3_logreg_probe
GGCTCGAGTCTAGCGC_JIA_CD7_5,NK,NK,uce_l3_logreg_probe
CACACTCTCTTGTTTG_JIA_Total_10,NK,NK,uce_l3_logreg_probe
CTACATTTCAGTACGT_JIA_Total_23,NK,NK,uce_l3_logreg_probe
CTTTGCGGTTTGACAC_JIA_CD7_4,NK,NK,uce_l3_logreg_probe
GGACAAGTCGAATCCA_JIA_CD7_5,NK,NK,uce_l3_logreg_probe
ACGCCAGGTTAGATGA_JIA_CD7_5,NK,NK,uce_l3_logreg_probe
GTTACAGAGAGCTGCA_JIA_CD7_2,NK,NK,uce_l3_logreg_probe
CACCTTGGTGCGCTTG_JIA_Total_17,NK,NK,uce_l3_logreg_probe
TTTACTGCACATTTCT_JIA_CD7_5,NK,NK,uce_l3_logreg_probe
CGGACGTGTACCGGCT_JIA_Total_10,NK,NK,uce_l3_logreg_probe
TAGTTGGAGCTAAGAT_JIA_CD7_5,NK,NK,uce_l3_logreg_probe
AATCGGTTCGAATGGG_JIA_CD7_5,NK,NK,uce_l3_logreg_probe
ACCAGTATCACTCCTG_JIA_Total_24,NK,NK,uce_l3_logreg_probe
GCGCAACCATGCCTAA_JIA_CD7_5,NK,NK,uce_l3_logreg_probe
CTGGTCTTCTCTGAGA_JIA_CD7_3,NK,NK,uce_l3_logreg_probe
ATTCGTTCACTGTCCT_JIA_DC_1,NK,NK,uce_l3_logreg_probe
GCAGCCACACCTGGTG_JIA_CD7_5,NK,NK,uce_l3_logreg_probe
ACGCAGCAGTAAGTAC_JIA_CD7_5,NK,NK,uce_l3_logreg_probe
TACCTATGTTCACGGC_JIA_CD7_5,NK,NK,uce_l3_logreg_probe
GTGCTTCTCTAACTTC_JIA_CD7_4,NK,NK,uce_l3_logreg_probe
GCAGCCATCCGTACAA_JIA_CD7_4,NK,NK,uce_l3_logreg_probe
TTGAACGTCCCTCAGT_JIA_CD7_2,ILC,ILC,uce_l3_logreg_probe
GGACAAGTCTAACTCT_JIA_CD7_2,NK,NK,uce_l3_logreg_probe
GAACGGATCCCGACTT_JIA_CD7_1,NK,NK,uce_l3_logreg_probe
TGCGGGTGTACTTAGC_JIA_CD7_5,NK,NK,uce_l3_logreg_probe
CGACCTTAGACTTGAA_JIA_CD7_5,NK,NK,uce_l3_logreg_probe
TGGCGCAAGTGCAAGC_JIA_CD7_4,NK,NK,uce_l3_logreg_probe
GCATACAGTAGTGAAT_JIA_CD7_5,ILC,ILC,uce_l3_logreg_probe
ACCGTAATCTTACCTA_JIA_CD7_1,NK,NK,uce_l3_logreg_probe
TACAGTGAGAAGGACA_JIA_CD7_2,NK,NK,uce_l3_logreg_probe
GTTCGGGCAGTGGGAT_JIA_CD7_4,ILC,ILC,uce_l3_logreg_probe
ACGGCCAGTCCATCCT_JIA_CD7_2,NK,NK,uce_l3_logreg_probe
CCCTCCTTCATGTCTT_JIA_CD7_5,NK,NK,uce_l3_logreg_probe
TGCGTGGAGTGGTAAT_JIA_CD7_2,ILC,ILC,uce_l3_logreg_probe
CGTAGGCCACATTAGC_JIA_Total_2,NK,NK,uce_l3_logreg_probe
AACACGTAGTGAACGC_JIA_CD7_3,NK,NK,uce_l3_logreg_probe
ATTCTACCAGTACACT_JIA_CD7_4,NK,NK,uce_l3_logreg_probe
AAAGCAAGTGGCTCCA_JIA_CD7_4,NK,NK,uce_l3_logreg_probe
CGGACTGGTCTCCCTA_JIA_CD7_4,NK,NK,uce_l3_logreg_probe
TTGAACGAGGGAAACA_JIA_Total_20,NK,NK,uce_l3_logreg_probe
ACACTGATCGGATGGA_JIA_CD7_5,NK,NK,uce_l3_logreg_probe
TCGGTAAGTCTTGATG_JIA_CD7_4,NK,NK,uce_l3_logreg_probe
GACGGCTCACCCATGG_JIA_CD7_1,NK,NK,uce_l3_logreg_probe
CAACCTCCAGCCAATT_JIA_Total_20,NK,ILC,uce_l3_logreg_probe
TCATTACAGACTCGGA_JIA_CD7_4,NK,NK,uce_l3_logreg_probe
CTGCCTAGTTCCGGCA_JIA_CD7_4,NK,ILC,uce_l3_logreg_probe
ACGATGTGTCAAACTC_JIA_Total_5,NK,NK,uce_l3_logreg_probe
CGTTAGACATCGGAAG_JIA_Total_19,NK,NK,uce_l3_logreg_probe
TCGTACCCACAGTCGC_JIA_CD7_4,ILC,NK,uce_l3_logreg_probe
CAAGAAACACCCAGTG_JIA_CD7_4,NK,NK,uce_l3_logreg_probe
CTGCTGTCACCGCTAG_JIA_CD7_5,NK,NK,uce_l3_logreg_probe
AAAGATGTCTAGCACA_JIA_CD7_4,NK,NK,uce_l3_logreg_probe
GCATACACAGCTTAAC_JIA_CD7_5,NK,NK,uce_l3_logreg_probe
TTGGCAATCGTCTGAA_JIA_CD7_5,ILC,ILC,uce_l3_logreg_probe
AAACGGGGTGCTAGCC_JIA_CD7_4,NK,NK,uce_l3_logreg_probe
TTTGCGCAGAGTCTGG_JIA_CD7_4,NK,NK,uce_l3_logreg_probe
TGGTTCCTCATGTGGT_JIA_CD7_5,NK,NK,uce_l3_logreg_probe
TGAAAGAAGCTAGCCC_JIA_CD7_5,NK,NK,uce_l3_logreg_probe
AAACGGGTCCGGCACA_JIA_CD7_4,NK,NK,uce_l3_logreg_probe
TCGCGAGTCGCATGGC_JIA_Total_23,ILC,ILC,uce_l3_logreg_probe
GGACATTGTCTAGCCG_JIA_CD7_4,NK,NK,uce_l3_logreg_probe
AGGCCGTAGTGAAGAG_JIA_CD7_1,NK,NK,uce_l3_logreg_probe
GGTGTCGTCTATGTGG_JIA_DC_1,NK,NK,uce_l3_logreg_probe
AACCGCGCAGTCACTA_JIA_Total_1,NK,NK,uce_l3_logreg_probe
CTCGTACTCCAATGGT_JIA_Total_20,ILC,ILC,uce_l3_logreg_probe
ACTTACTCACGGTTTA_JIA_CD7_5,NK,NK,uce_l3_logreg_probe
AATGCCACATCCGTTC_JIA_DC_1,NK,NK,uce_l3_logreg_probe
CGGAGTCGTACACCGC_JIA_CD7_5,NK,NK,uce_l3_logreg_probe
CGGACGTCAAAGGTGC_JIA_CD7_4,NK,NK,uce_l3_logreg_probe
GAGTCCGAGGAGTTGC_JIA_CD7_3,NK,NK,uce_l3_logreg_probe
TCATTACTCGAACTGT_JIA_CD7_5,NK,NK,uce_l3_logreg_probe
TCGAGGCAGGGTCTCC_JIA_CD7_5,NK,NK,uce_l3_logreg_probe
CATATGGAGCTTTGGT_JIA_CD7_4,NK,NK,uce_l3_logreg_probe
ACCGTAACAACACCTA_JIA_CD7_5,NK,NK,uce_l3_logreg_probe
TTAGTTCTCACATACG_JIA_CD7_4,ILC,ILC,uce_l3_logreg_probe
ACGGGCTTCCTACAGA_JIA_Total_1,NK,NK,uce_l3_logreg_probe
TGTCCCACAGCGATCC_JIA_CD7_4,NK,ILC,uce_l3_logreg_probe
CTGTTTAAGAGACGAA_JIA_Total_1,NK,NK,uce_l3_logreg_probe
ACATGGTTCAGATAAG_JIA_CD7_5,NK,NK,uce_l3_logreg_probe
CCTCTGAAGGTCGGAT_JIA_CD7_3,NK,NK,uce_l3_logreg_probe
GCACATACATCTATGG_JIA_Total_24,NK,NK,uce_l3_logreg_probe
CAGAATCCAAGAAGAG_JIA_Total_26,ILC,ILC,uce_l3_logreg_probe
TGGACGCCATTGGCGC_JIA_CD7_4,NK,NK,uce_l3_logreg_probe
TCAGATGTCTGGCGTG_JIA_CD7_5,NK,NK,uce_l3_logreg_probe
TGACGGCAGACTAGAT_JIA_CD7_5,NK,NK,uce_l3_logreg_probe
GACTAACTCGCCAGCA_JIA_CD7_4,ILC,ILC,uce_l3_logreg_probe
AGCGGTCAGTGTTTGC_JIA_Total_1,ILC,ILC,uce_l3_logreg_probe
TGAGCCGAGGGCATGT_JIA_CD7_4,NK,NK,uce_l3_logreg_probe
CCATGTCCACAGGTTT_JIA_Total_19,NK,NK,uce_l3_logreg_probe
CTAGAGTTCTGGCGTG_JIA_CD7_5,NK,NK,uce_l3_logreg_probe
CATCCACTCGTCCAGG_JIA_CD7_1,NK,NK,uce_l3_logreg_probe
ACGAGCCTCATCATTC_JIA_CD7_4,NK,NK,uce_l3_logreg_probe
GGATTACTCACGCGGT_JIA_CD7_2,NK,NK,uce_l3_logreg_probe
AAGTCTGAGGAGTTTA_JIA_CD7_1,ILC,ILC,uce_l3_logreg_probe
CCACTACCATTTCACT_JIA_CD7_4,NK,NK,uce_l3_logreg_probe
GACCAATCATGCAATC_JIA_CD7_3,ILC,ILC,uce_l3_logreg_probe
CAACCAATCGAGTGGA_JIA_DC_1,ILC,ILC,uce_l3_logreg_probe
CAAGGCCGTAGAGTGC_JIA_CD7_5,NK,NK,uce_l3_logreg_probe
CCTTCGACAGCTGGCT_JIA_CD7_5,NK,NK,uce_l3_logreg_probe
ATTATCCCACTAAGTC_JIA_CD7_3,NK,NK,uce_l3_logreg_probe
GAGGTGACATTTCACT_JIA_CD7_2,ILC,ILC,uce_l3_logreg_probe
ACGGAGAGTTGATTCG_JIA_CD7_5,NK,NK,uce_l3_logreg_probe
ACTATCTTCAGAAATG_JIA_CD7_4,NK,NK,uce_l3_logreg_probe
CGTGTCTTCTGCGACG_JIA_CD7_5,ILC,ILC,uce_l3_logreg_probe
CGGTTAATCCAGTAGT_JIA_Total_1,NK,NK,uce_l3_logreg_probe
CTGTGAAGTACGACTT_JIA_CD45_2,NK,NK,uce_l3_logreg_probe
TAGTGGTAGGGAACGG_JIA_CD7_3,NK,NK,uce_l3_logreg_probe
GAACCTATCTCCAACC_JIA_CD7_5,NK,NK,uce_l3_logreg_probe
CGTCTACTCAGATAAG_JIA_CD7_5,ILC,ILC,uce_l3_logreg_probe
CAACCTCAGCAGACTG_JIA_Total_26,NK,NK,uce_l3_logreg_probe
TGACAACAGAAACCGC_JIA_CD7_3,NK,NK,uce_l3_logreg_probe
TCGGGCACAAGCGATG_JIA_DC_1,NK,NK,uce_l3_logreg_probe
GCATACATCAGGTAAA_JIA_CD7_5,ILC,ILC,uce_l3_logreg_probe
CTGATCCTCGTCTGCT_JIA_CD7_5,NK,NK,uce_l3_logreg_probe
TGACTAGGTTGATTCG_JIA_CD7_5,NK,NK,uce_l3_logreg_probe
AGCTCCTGTGGTAACG_JIA_CD7_4,NK,NK,uce_l3_logreg_probe
TGAGCATGTTCGGCAC_JIA_CD7_5,NK,NK,uce_l3_logreg_probe
ACACCGGTCGACCAGC_JIA_CD7_4,NK,NK,uce_l3_logreg_probe
GTTAAGCAGATCCCGC_JIA_Total_25,NK,NK,uce_l3_logreg_probe
GCGACCACAGGGTTAG_JIA_CD7_5,NK,NK,uce_l3_logreg_probe
TAGGCATAGAGAGCTC_JIA_CD7_4,NK,NK,uce_l3_logreg_probe
CGTTGGGTCTCATTCA_JIA_Total_24,NK,NK,uce_l3_logreg_probe
TATCTCACATCTATGG_JIA_CD7_5,ILC,ILC,uce_l3_logreg_probe
ACATGGTAGCGCTCCA_JIA_CD7_3,NK,NK,uce_l3_logreg_probe
CGAACATGTGTGTGCC_JIA_CD7_5,NK,NK,uce_l3_logreg_probe
CGGAGCTGTGTTGAGG_JIA_CD7_2,NK,NK,uce_l3_logreg_probe
GTTACAGTCGGCGCTA_JIA_Total_2,NK,NK,uce_l3_logreg_probe
TAGACCATCTGATACG_JIA_Total_10,NK,NK,uce_l3_logreg_probe
CTCTAATGTATAGGTA_JIA_CD7_4,NK,NK,uce_l3_logreg_probe
CGTAGCGGTGAAAGAG_JIA_Total_24,NK,NK,uce_l3_logreg_probe
GTTGTGAGTGGACTAG_JIA_CD45_1,NK,NK,uce_l3_logreg_probe
GGCAATTAGAGAACAG_JIA_CD7_4,NK,NK,uce_l3_logreg_probe
ACTGCTCAGCGAGAAA_JIA_CD7_5,NK,NK,uce_l3_logreg_probe
AGTCTTTCATATGGTC_JIA_CD7_5,NK,NK,uce_l3_logreg_probe
CGATCGGCACCTCGGA_JIA_CD7_4,NK,NK,uce_l3_logreg_probe
GGCTCGACAAGGCTCC_JIA_CD7_2,NK,NK,uce_l3_logreg_probe
TGAGGGAAGAGCTATA_JIA_CD7_1,NK,NK,uce_l3_logreg_probe
GGGTCTGGTATAGTAG_JIA_Total_24,NK,NK,uce_l3_logreg_probe
ACGAGCCTCACCTTAT_JIA_CD7_5,NK,NK,uce_l3_logreg_probe
CTACGTCCAGGAATCG_JIA_CD7_2,NK,NK,uce_l3_logreg_probe
TCAGATGGTGTGGTTT_JIA_Total_2,NK,NK,uce_l3_logreg_probe
GCGGGTTGTTTGTTGG_JIA_CD7_5,NK,NK,uce_l3_logreg_probe
CGCTGGAGTCCGAGTC_JIA_CD7_5,NK,NK,uce_l3_logreg_probe
GTCGGGTTCTGTTGAG_JIA_CD7_5,NK,NK,uce_l3_logreg_probe
CGATGCGGTGACTAAA_JIA_DC_1,NK,NK,uce_l3_logreg_probe
TCATTTGCATCTACGA_JIA_CD7_2,NK,NK,uce_l3_logreg_probe
ACTTACTCATGGTCTA_JIA_CD7_4,NK,NK,uce_l3_logreg_probe
CACATTTTCTGAGTGT_JIA_CD7_5,NK,NK,uce_l3_logreg_probe
GCTGGGTAGATCGGGT_JIA_CD7_1,NK,NK,uce_l3_logreg_probe
GACCAATAGCTTCGCG_JIA_CD7_1,NK,NK,uce_l3_logreg_probe
AGGTCCGAGGGTATCG_JIA_CD7_5,NK,NK,uce_l3_logreg_probe
GGGTTGCGTGGTGTAG_JIA_CD7_4,NK,NK,uce_l3_logreg_probe
CTGATCCCACTTACGA_JIA_Total_4,NK,NK,uce_l3_logreg_probe
GGCCGATGTAAATACG_JIA_CD7_5,NK,NK,uce_l3_logreg_probe
CGATCGGTCACTTACT_JIA_CD7_2,NK,NK,uce_l3_logreg_probe
CATATTCCATGGATGG_JIA_CD7_4,NK,NK,uce_l3_logreg_probe
ACTGATGAGAGACGAA_JIA_Total_25,NK,NK,uce_l3_logreg_probe
AGGGATGTCACATAGC_JIA_CD7_5,NK,NK,uce_l3_logreg_probe
AAATGCCGTTACGTCA_JIA_CD7_4,NK,NK,uce_l3_logreg_probe
ACGCAGCGTCATACTG_JIA_Total_25,NK,NK,uce_l3_logreg_probe
GCGGGTTCAGTATAAG_JIA_CD7_1,NK,NK,uce_l3_logreg_probe
ACGCCGAAGACGCACA_JIA_CD7_1,NK,NK,uce_l3_logreg_probe
CTCGGGAGTAAAGTCA_JIA_CD7_3,NK,NK,uce_l3_logreg_probe
TAGACCACATTACCTT_JIA_CD7_1,NK,NK,uce_l3_logreg_probe
GACGGCTGTTGGTAAA_JIA_CD7_4,NK,NK,uce_l3_logreg_probe
GACTACAGTTTAAGCC_JIA_CD7_2,NK,NK,uce_l3_logreg_probe
CTAATGGAGCTCCTCT_JIA_CD7_1,NK,NK,uce_l3_logreg_probe
GGCCGATCAATCAGAA_JIA_CD7_2,NK,NK,uce_l3_logreg_probe
AGAGCGAGTTAAAGAC_JIA_CD7_3,NK,NK,uce_l3_logreg_probe
CACCACTCATTGCGGC_JIA_CD7_2,ILC,ILC,uce_l3_logreg_probe
TGAAAGATCCCTGACT_JIA_CD7_1,NK,NK,uce_l3_logreg_probe
CCGTACTCAACACCCG_JIA_CD7_3,NK,NK,uce_l3_logreg_probe
TGCGTGGCAATGACCT_JIA_CD7_5,NK,NK,uce_l3_logreg_probe
GCATGATGTAGGCATG_JIA_CD7_3,NK,NK,uce_l3_logreg_probe
GAGCAGAAGAGCTTCT_JIA_Total_5,NK,NK,uce_l3_logreg_probe
CAACCTCAGGGTATCG_JIA_CD7_5,NK,NK,uce_l3_logreg_probe
CTAACTTCAAGGACAC_JIA_Total_20,NK,NK,uce_l3_logreg_probe
TTCGAAGGTATCGCAT_JIA_CD7_5,NK,NK,uce_l3_logreg_probe
TCGGTAAAGCTCTCGG_JIA_CD7_4,NK,NK,uce_l3_logreg_probe
GCTGCGATCCACGCAG_JIA_CD7_1,NK,NK,uce_l3_logreg_probe
CTCATTACACAGACTT_JIA_CD7_3,NK,NK,uce_l3_logreg_probe
ACCGTAAAGGGCACTA_JIA_Total_17,NK,NK,uce_l3_logreg_probe
CATATTCTCTGCGTAA_JIA_CD7_3,NK,NK,uce_l3_logreg_probe
GGATTACAGGAATGGA_JIA_CD7_5,NK,NK,uce_l3_logreg_probe
CACCACTGTTCCTCCA_JIA_CD7_4,NK,NK,uce_l3_logreg_probe
TCGAGGCAGGGAGTAA_JIA_CD7_4,NK,NK,uce_l3_logreg_probe
TTATGCTCAAGCTGTT_JIA_CD7_4,ILC,ILC,uce_l3_logreg_probe
CTAAGACGTCAATGTC_JIA_CD7_4,NK,NK,uce_l3_logreg_probe
CATATTCGTACAGACG_JIA_CD7_5,NK,NK,uce_l3_logreg_probe
TAAACCGAGTCCGGTC_JIA_CD7_4,NK,NK,uce_l3_logreg_probe
CTGAAACTCCAAGCCG_JIA_Total_4,NK,ILC,uce_l3_logreg_probe
TAAGAGATCTGCTGCT_JIA_CD7_4,NK,NK,uce_l3_logreg_probe
CAGCATACAGGGTATG_JIA_CD7_4,NK,NK,uce_l3_logreg_probe
GATGAAACAGCATACT_JIA_Total_26,NK,NK,uce_l3_logreg_probe
ACGTCAAAGGCTCTTA_JIA_Total_13,NK,NK,uce_l3_logreg_probe
AGCGGTCCAGACGCTC_JIA_CD7_4,NK,NK,uce_l3_logreg_probe
GTACTTTTCCAGTATG_JIA_CD7_5,NK,NK,uce_l3_logreg_probe
TTGAACGAGGAATCGC_JIA_CD7_2,NK,NK,uce_l3_logreg_probe
CTGCTGTGTAGCGCTC_JIA_CD7_5,NK,NK,uce_l3_logreg_probe
GATGAGGGTATAGTAG_JIA_CD7_2,NK,NK,uce_l3_logreg_probe
CTAAGACTCGCTAGCG_JIA_CD7_3,NK,NK,uce_l3_logreg_probe
TACTTACGTTGTCGCG_JIA_CD7_4,ILC,ILC,uce_l3_logreg_probe
AACCATGTCCAGAGGA_JIA_CD7_5,NK,NK,uce_l3_logreg_probe
CCATGTCAGGCCCGTT_JIA_CD7_1,NK,NK,uce_l3_logreg_probe
CGACTTCAGTGAACGC_JIA_Total_1,NK,NK,uce_l3_logreg_probe
TGATTTCTCGAATGGG_JIA_CD7_5,NK,NK,uce_l3_logreg_probe
CTACGTCAGCGTTGCC_JIA_Total_23,NK,NK,uce_l3_logreg_probe
GCATGCGCAAACGTGG_JIA_CD7_5,NK,NK,uce_l3_logreg_probe
AGGTCCGCATAGAAAC_JIA_Total_2,NK,NK,uce_l3_logreg_probe
GCAATCACACGGTTTA_JIA_CD7_2,ILC,ILC,uce_l3_logreg_probe
TCCCGATGTCGAGTTT_JIA_CD7_4,NK,NK,uce_l3_logreg_probe
GTCCTCATCGCGCCAA_JIA_Total_8,ILC,ILC,uce_l3_logreg_probe
CTCCGATAGGCGTTGA_JIA_CD45_2,NK,NK,uce_l3_logreg_probe
TAGTGGTGTGACCAAG_JIA_CD7_4,NK,ILC,uce_l3_logreg_probe
TGTGTTTGTCTCGTTC_JIA_Total_24,NK,NK,uce_l3_logreg_probe
ACCTTTACAGGCGATA_JIA_CD7_5,NK,NK,uce_l3_logreg_probe
GCGACCACAAACGTGG_JIA_CD7_2,NK,NK,uce_l3_logreg_probe
TGGGCGTTCTTTACAC_JIA_CD7_5,NK,NK,uce_l3_logreg_probe
TCTTCGGCATCACGAT_JIA_CD7_5,NK,ILC,uce_l3_logreg_probe
GCTGCGAGTCCGTCAG_JIA_CD7_2,NK,NK,uce_l3_logreg_probe
AAACCTGTCGAATCCA_JIA_CD7_3,NK,NK,uce_l3_logreg_probe
GCAGCCATCCAGGGCT_JIA_CD7_4,NK,NK,uce_l3_logreg_probe
TGAGCCGAGAAGGTTT_JIA_CD7_5,NK,NK,uce_l3_logreg_probe
CAAGATCAGAGGTTGC_JIA_CD7_3,NK,NK,uce_l3_logreg_probe
TGCGGGTAGTACGTTC_JIA_Total_2,NK,NK,uce_l3_logreg_probe
ACATACGCATTCCTCG_JIA_CD7_5,NK,NK,uce_l3_logreg_probe
GGTGCGTTCTTTAGGG_JIA_CD7_1,NK,NK,uce_l3_logreg_probe
GCGACCAGTGCACGAA_JIA_CD7_2,ILC,ILC,uce_l3_logreg_probe
CCTTTCTCACGCTTTC_JIA_CD7_5,NK,NK,uce_l3_logreg_probe
CAGCAGCCATGGGACA_JIA_CD7_3,NK,NK,uce_l3_logreg_probe
CATCGAAGTAGCTAAA_JIA_CD7_5,NK,NK,uce_l3_logreg_probe
CTGATCCAGAGCTATA_JIA_CD7_4,NK,NK,uce_l3_logreg_probe
CAAGGCCCATTGGGCC_JIA_CD7_5,NK,NK,uce_l3_logreg_probe
TGGGAAGTCACAATGC_JIA_CD7_5,NK,ILC,uce_l3_logreg_probe
ACTTACTGTACTCAAC_JIA_Total_25,NK,NK,uce_l3_logreg_probe
AAACGGGGTTTGACTG_JIA_CD7_4,NK,NK,uce_l3_logreg_probe
GTCAAGTGTGTTGGGA_JIA_Total_17,NK,NK,uce_l3_logreg_probe
GTGCGGTAGGCTAGCA_JIA_CD7_3,NK,NK,uce_l3_logreg_probe
CCCAGTTTCTAACGGT_JIA_CD7_3,ILC,ILC,uce_l3_logreg_probe
GAACATCTCGCCTGAG_JIA_CD7_1,NK,NK,uce_l3_logreg_probe
TCTGTCGTCTTACTGT_JIA_DC_3,NK,ILC,uce_l3_logreg_probe
CATCCACAGGCTCAGA_JIA_CD7_3,NK,NK,uce_l3_logreg_probe
ACATGGTAGTGCTGCC_JIA_CD7_4,NK,NK,uce_l3_logreg_probe
TCAGCAACATATGGTC_JIA_CD7_4,NK,NK,uce_l3_logreg_probe
CACAGTACAGGACCCT_JIA_CD7_3,NK,NK,uce_l3_logreg_probe
AGTTGGTAGTGGACGT_JIA_Total_1,NK,NK,uce_l3_logreg_probe
CGCGTTTAGCTAAACA_JIA_Total_26,ILC,ILC,uce_l3_logreg_probe
ACACTGACATGCCACG_JIA_Total_17,NK,NK,uce_l3_logreg_probe
TCAGGTACATGCAACT_JIA_Total_10,NK,NK,uce_l3_logreg_probe
ACGCCAGGTACTCAAC_JIA_CD7_4,NK,NK,uce_l3_logreg_probe
TTTACTGGTGAGGCTA_JIA_Total_24,NK,ILC,uce_l3_logreg_probe
ACTGCTCCAGCGATCC_JIA_CD7_5,NK,NK,uce_l3_logreg_probe
GAATAAGGTCTAAAGA_JIA_CD7_2,NK,NK,uce_l3_logreg_probe
CAGCTGGAGAAGGTTT_JIA_CD7_5,NK,NK,uce_l3_logreg_probe
CTAACTTTCGTCGTTC_JIA_CD7_2,ILC,ILC,uce_l3_logreg_probe
CCATGTCTCTCGGACG_JIA_CD7_4,NK,NK,uce_l3_logreg_probe
CTGCGGATCGGTGTCG_JIA_Total_10,NK,NK,uce_l3_logreg_probe
ACGGGCTGTGTTTGGT_JIA_CD7_3,NK,NK,uce_l3_logreg_probe
CCATGTCAGTGTGAAT_JIA_CD7_4,NK,NK,uce_l3_logreg_probe
CAGCTGGAGGCTAGAC_JIA_CD7_4,NK,NK,uce_l3_logreg_probe
CTACCCACACAGGAGT_JIA_CD7_3,NK,NK,uce_l3_logreg_probe
CGTTGGGTCCAAGTAC_JIA_CD7_5,NK,NK,uce_l3_logreg_probe
GTCCTCAGTCATGCCG_JIA_CD7_3,NK,NK,uce_l3_logreg_probe
CCTAACCAGTCACTCA_JIA_DC_3,NK,NK,uce_l3_logreg_probe
TTATGCTCAGCGATCC_JIA_CD7_5,NK,NK,uce_l3_logreg_probe
CTACCCATCTCAACTT_JIA_CD7_4,NK,NK,uce_l3_logreg_probe
ACTGTCCGTTCTGGTA_JIA_CD7_3,NK,NK,uce_l3_logreg_probe
CATATGGGTTGATTGC_JIA_CD7_5,NK,NK,uce_l3_logreg_probe
GGCTGGTCACCAGCAC_JIA_Total_16,NK,NK,uce_l3_logreg_probe
ATTATCCAGACGCAAC_JIA_CD7_2,NK,NK,uce_l3_logreg_probe
CTGTTTAAGCTACCGC_JIA_Total_13,NK,NK,uce_l3_logreg_probe
GGATGTTGTTCACGGC_JIA_CD7_3,NK,NK,uce_l3_logreg_probe
GCTTCCAAGTGGTCCC_JIA_Total_1,NK,NK,uce_l3_logreg_probe
GCATGTATCGGAATCT_JIA_Total_2,NK,NK,uce_l3_logreg_probe
ATCCGAAGTTGTGGCC_JIA_Total_13,NK,NK,uce_l3_logreg_probe
ACGATACGTACAGTTC_JIA_CD7_5,NK,NK,uce_l3_logreg_probe
CGTAGCGTCTGTCAAG_JIA_Total_25,NK,NK,uce_l3_logreg_probe
GGGAGATCACCACCAG_JIA_CD7_1,NK,NK,uce_l3_logreg_probe
CCTCTGAGTTGAGGTG_JIA_CD7_5,NK,NK,uce_l3_logreg_probe
ATCCGAAAGATCTGCT_JIA_CD7_5,NK,NK,uce_l3_logreg_probe
GCTCCTATCAACACCA_JIA_Total_20,NK,NK,uce_l3_logreg_probe
GAATAAGAGTGGCACA_JIA_CD7_2,NK,NK,uce_l3_logreg_probe
ATTGTTCAGAGGTTAT_JIA_CD45_1,NK,NK,uce_l3_logreg_probe
CGTTGGGTCTCCAACC_JIA_CD7_3,NK,NK,uce_l3_logreg_probe
CGCTTCAGTATAGGTA_JIA_CD7_2,NK,NK,uce_l3_logreg_probe
AAACGGGGTAGAGTGC_JIA_CD7_5,NK,NK,uce_l3_logreg_probe
GGACAGACACAGACAG_JIA_CD7_5,NK,NK,uce_l3_logreg_probe
TATCAGGAGTTTAGGA_JIA_CD7_2,ILC,ILC,uce_l3_logreg_probe
CGTCCATTCATCTGCC_JIA_CD7_5,NK,NK,uce_l3_logreg_probe
ATGTGTGAGCCATCGC_JIA_CD7_5,NK,NK,uce_l3_logreg_probe
AGCTTGAGTCCGAATT_JIA_CD7_3,NK,NK,uce_l3_logreg_probe
TTGCCGTAGTATGACA_JIA_CD7_3,ILC,ILC,uce_l3_logreg_probe
CTGCGGAGTCTAGCCG_JIA_CD7_4,NK,NK,uce_l3_logreg_probe
CGAACATCAGCCTTGG_JIA_CD7_5,NK,NK,uce_l3_logreg_probe
ACATCAGAGCTGTCTA_JIA_CD7_5,NK,NK,uce_l3_logreg_probe
TTCGGTCGTTTGGCGC_JIA_CD7_3,NK,NK,uce_l3_logreg_probe
CGAGAAGTCTCTTGAT_JIA_CD7_2,ILC,ILC,uce_l3_logreg_probe
CCAGCGATCTGAGGGA_JIA_CD7_4,NK,NK,uce_l3_logreg_probe
GCACATATCTGACCTC_JIA_CD7_2,NK,NK,uce_l3_logreg_probe
AGTGTCAAGCCAGTAG_JIA_Total_23,ILC,ILC,uce_l3_logreg_probe
CCGGGATGTCTCTCGT_JIA_CD7_1,NK,NK,uce_l3_logreg_probe
AGAGCAGAGAGAGTTT_JIA_DC_3,NK,NK,uce_l3_logreg_probe
CGAATGTTCTGTCCGT_JIA_Total_25,NK,NK,uce_l3_logreg_probe
GGACATTGTGCAGACA_JIA_CD7_5,NK,NK,uce_l3_logreg_probe
CACATAGGTATAGGGC_JIA_CD7_4,NK,NK,uce_l3_logreg_probe
AGCGGTCTCCTAGAAC_JIA_CD7_5,NK,NK,uce_l3_logreg_probe
AGCGTATAGCGATATA_JIA_CD7_2,NK,NK,uce_l3_logreg_probe
CCATGTCTCATAAAGG_JIA_CD7_2,ILC,ILC,uce_l3_logreg_probe
CTACCCATCCAGGGCT_JIA_CD7_5,NK,NK,uce_l3_logreg_probe
CGGACTGTCTGGGCCA_JIA_CD7_2,ILC,ILC,uce_l3_logreg_probe
GGACAAGAGTCTTGCA_JIA_CD7_4,NK,NK,uce_l3_logreg_probe
CACAGGCAGGCGACAT_JIA_CD7_1,NK,NK,uce_l3_logreg_probe
GATCAGTAGAGTACCG_JIA_Total_19,NK,NK,uce_l3_logreg_probe
GTAACGTCAAGGACAC_JIA_CD7_5,NK,NK,uce_l3_logreg_probe
GCTCTGTCAAGTCATC_JIA_CD7_5,NK,NK,uce_l3_logreg_probe
GCTCTGTAGTGAATTG_JIA_CD7_5,NK,NK,uce_l3_logreg_probe
TAGGCATTCCGCATAA_JIA_CD7_4,NK,NK,uce_l3_logreg_probe
CGACTTCGTAGAGGAA_JIA_Total_19,NK,NK,uce_l3_logreg_probe
CGGAGTCGTCATCCCT_JIA_Total_23,NK,NK,uce_l3_logreg_probe
CCACGGAAGTGTCCAT_JIA_CD7_1,NK,NK,uce_l3_logreg_probe
GAAGCAGCACGAGAGT_JIA_CD7_1,NK,NK,uce_l3_logreg_probe
TCATATCAGGGCCAAT_JIA_CD45_2,NK,NK,uce_l3_logreg_probe
TTGTAGGTCGTAGGAG_JIA_CD7_4,NK,NK,uce_l3_logreg_probe
CTCTACGTCGGCTACG_JIA_CD7_5,NK,NK,uce_l3_logreg_probe
TGCGCAGTCCAGAAGG_JIA_CD7_4,NK,NK,uce_l3_logreg_probe
GACCTGGTCCAAGCCG_JIA_Total_17,NK,NK,uce_l3_logreg_probe
CCTTACGTCCAAACAC_JIA_CD7_4,NK,NK,uce_l3_logreg_probe
TGACTTTGTCTACCTC_JIA_CD7_2,ILC,ILC,uce_l3_logreg_probe
CGGAGTCGTAGGAGTC_JIA_Total_4,NK,NK,uce_l3_logreg_probe
CGTTGGGCAGGTGGAT_JIA_Total_19,NK,NK,uce_l3_logreg_probe
CACACTCAGTGATCGG_JIA_Total_17,NK,NK,uce_l3_logreg_probe
ACGAGCCCATAACCTG_JIA_CD7_5,NK,NK,uce_l3_logreg_probe
TCGCGTTCAGCCACCA_JIA_CD7_2,NK,NK,uce_l3_logreg_probe
AACTCTTGTGAAATCA_JIA_Total_26,NK,NK,uce_l3_logreg_probe
CTCCTAGAGAGCTATA_JIA_CD7_5,NK,NK,uce_l3_logreg_probe
AATCCAGAGCAATCTC_JIA_CD7_5,NK,NK,uce_l3_logreg_probe
TTTCCTCGTACAGACG_JIA_CD7_5,NK,NK,uce_l3_logreg_probe
CTGATAGAGGCACATG_JIA_CD7_1,ILC,ILC,uce_l3_logreg_probe
GCTCTGTTCTCAACTT_JIA_Total_17,NK,NK,uce_l3_logreg_probe
ACTATCTGTCACTTCC_JIA_CD7_5,ILC,ILC,uce_l3_logreg_probe
TCGTACCGTCTGATTG_JIA_CD7_4,NK,NK,uce_l3_logreg_probe
TTGGCAAGTTAGTGGG_JIA_Total_17,NK,NK,uce_l3_logreg_probe
CAGCGTGCAAGCCTGC_JIA_DC_2,NK,NK,uce_l3_logreg_probe
CGGACGTTCACCACCT_JIA_CD7_4,NK,NK,uce_l3_logreg_probe
GCGACCACATCGATGT_JIA_CD7_3,NK,NK,uce_l3_logreg_probe
TAGACCACACTGAAGG_JIA_Total_16,NK,NK,uce_l3_logreg_probe
CGGAGCTGTGCGATAG_JIA_CD7_5,NK,NK,uce_l3_logreg_probe
CTGCGGAAGTGAAGTT_JIA_CD7_4,NK,NK,uce_l3_logreg_probe
TATCTCAGTGCTCTTC_JIA_CD7_5,ILC,ILC,uce_l3_logreg_probe
ATCGAGTTCTTGTATC_JIA_Total_25,NK,NK,uce_l3_logreg_probe
TCTTTCCAGCTAGTCT_JIA_CD7_4,NK,NK,uce_l3_logreg_probe
TCGCGAGAGGCTACGA_JIA_CD7_1,NK,NK,uce_l3_logreg_probe
GCAGTTAAGTGCTGCC_JIA_CD7_1,ILC,ILC,uce_l3_logreg_probe
GGAACTTGTGATAAAC_JIA_CD7_5,NK,NK,uce_l3_logreg_probe
CTGAAACCAGACAAGC_JIA_CD7_5,NK,NK,uce_l3_logreg_probe
TTAGGACTCCACTGGG_JIA_CD7_3,NK,NK,uce_l3_logreg_probe
TTTACTGTCTCGAGTA_JIA_CD7_5,NK,NK,uce_l3_logreg_probe
CAACCAAAGCCAGTAG_JIA_Total_16,NK,NK,uce_l3_logreg_probe
TGCACCTAGTAAGTAC_JIA_CD7_2,NK,NK,uce_l3_logreg_probe
TCTTCGGAGATCTGCT_JIA_CD7_2,NK,NK,uce_l3_logreg_probe
AGCAGCCCACGACTCG_JIA_Total_13,NK,ILC,uce_l3_logreg_probe
GGAATAAGTAAATGTG_JIA_CD7_4,NK,NK,uce_l3_logreg_probe
AAGACCTCAGGACCCT_JIA_Total_1,NK,NK,uce_l3_logreg_probe
TGTTCTATCATTGGTG_JIA_DC_1,NK,NK,uce_l3_logreg_probe
AACACGTCACGCATCG_JIA_Total_1,ILC,ILC,uce_l3_logreg_probe
ACTGCTCGTGATGCCC_JIA_Total_4,NK,NK,uce_l3_logreg_probe
CGTCACTGTGGCGAAT_JIA_CD7_4,NK,NK,uce_l3_logreg_probe
CATGCCTCAGTCAGAG_JIA_CD7_4,NK,NK,uce_l3_logreg_probe
GCGCGATCATGCCTAA_JIA_CD7_3,NK,NK,uce_l3_logreg_probe
GAGTCCGGTCGTGGCT_JIA_CD7_2,ILC,ILC,uce_l3_logreg_probe
GGGCACTAGCTCCCAG_JIA_CD7_3,ILC,ILC,uce_l3_logreg_probe
GTACGTAAGAGTACCG_JIA_CD7_4,NK,NK,uce_l3_logreg_probe
ACATACGAGGATGTAT_JIA_Total_20,NK,NK,uce_l3_logreg_probe
TCTGAGAAGACACTAA_JIA_CD7_4,NK,NK,uce_l3_logreg_probe
CTTAGGAGTCCGTTAA_JIA_Total_19,NK,NK,uce_l3_logreg_probe
CGCTATCCACCCATGG_JIA_CD7_5,NK,NK,uce_l3_logreg_probe
CTAAGACAGGACAGAA_JIA_CD7_3,NK,NK,uce_l3_logreg_probe
CGTTAGAAGGTGACCA_JIA_Total_20,NK,NK,uce_l3_logreg_probe
ACACCGGTCCTTTACA_JIA_CD7_5,NK,NK,uce_l3_logreg_probe
AGTGGGAGTTTGGCGC_JIA_CD7_3,NK,NK,uce_l3_logreg_probe
CATTCGCCACGCTTTC_JIA_Total_1,NK,NK,uce_l3_logreg_probe
AATCGGTGTAGTACCT_JIA_CD7_5,NK,NK,uce_l3_logreg_probe
GGACAAGGTAAACGCG_JIA_Total_14,NK,NK,uce_l3_logreg_probe
TGGGAAGGTTCGGGCT_JIA_Total_24,NK,NK,uce_l3_logreg_probe
CCGGTGAGTATCGAGG_JIA_DC_3,NK,NK,uce_l3_logreg_probe
CGTCTACCACGTAAGG_JIA_Total_14,NK,NK,uce_l3_logreg_probe
CTCGTCATCTTGGGTA_JIA_CD7_2,ILC,ILC,uce_l3_logreg_probe
TCTCATACACAACGCC_JIA_CD7_4,NK,NK,uce_l3_logreg_probe
AATCCAGGTACTTGAC_JIA_Total_1,NK,NK,uce_l3_logreg_probe
CGTCTACTCAGGTTCA_JIA_CD7_4,NK,NK,uce_l3_logreg_probe
AGCAGCCCAGGTCCAC_JIA_Total_20,NK,NK,uce_l3_logreg_probe
GTCGTAAAGTGTACTC_JIA_CD7_5,NK,NK,uce_l3_logreg_probe
CGGTTAAGTTCACGGC_JIA_CD7_5,NK,NK,uce_l3_logreg_probe
TACTTGTTCGAACGGA_JIA_CD7_5,NK,NK,uce_l3_logreg_probe
CTAATGGTCCAGTATG_JIA_CD7_3,NK,NK,uce_l3_logreg_probe
GGCAATTGTACTCGCG_JIA_CD7_5,NK,NK,uce_l3_logreg_probe
GAACGGAGTCTAGTCA_JIA_Total_25,NK,NK,uce_l3_logreg_probe
CTCGAAAAGGCTCAGA_JIA_CD7_4,NK,ILC,uce_l3_logreg_probe
CATGACAGTCTTCAAG_JIA_Total_5,NK,NK,uce_l3_logreg_probe
GTTCATTTCATTCACT_JIA_Total_20,ILC,ILC,uce_l3_logreg_probe
GCTGCGAAGCCCAACC_JIA_CD7_5,NK,NK,uce_l3_logreg_probe
GGATGTTTCATGGTCA_JIA_CD7_2,NK,NK,uce_l3_logreg_probe
GATCTAGTCTACTTAC_JIA_CD7_4,NK,NK,uce_l3_logreg_probe
AACGTTGAGTGCCATT_JIA_Total_19,NK,NK,uce_l3_logreg_probe
CAAGTTGGTAGCTTGT_JIA_CD7_4,ILC,ILC,uce_l3_logreg_probe
GGGAATGGTCCAACTA_JIA_CD7_5,NK,NK,uce_l3_logreg_probe
AGATCTGCACGAAATA_JIA_Total_1,NK,NK,uce_l3_logreg_probe
GTCCTCAAGTCGATAA_JIA_CD7_3,ILC,ILC,uce_l3_logreg_probe
AAGGAGCCAGCTGTAT_JIA_CD7_3,NK,NK,uce_l3_logreg_probe
GTAGTCAGTCTAAAGA_JIA_CD7_5,NK,NK,uce_l3_logreg_probe
CTTACCGTCCATGAGT_JIA_CD7_2,NK,NK,uce_l3_logreg_probe
TCGCGTTTCCGGGTGT_JIA_CD7_2,NK,NK,uce_l3_logreg_probe
ACTGCTCCATATGCTG_JIA_CD7_3,ILC,ILC,uce_l3_logreg_probe
AATCCAGCACCAGCAC_JIA_Total_23,ILC,ILC,uce_l3_logreg_probe
TCTTTCCGTTGCGCAC_JIA_CD7_3,NK,NK,uce_l3_logreg_probe
TATTACCGTTCCATGA_JIA_CD7_5,NK,NK,uce_l3_logreg_probe
GGATGTTAGGGTATCG_JIA_CD7_4,NK,NK,uce_l3_logreg_probe
TCAGTTTCAATTAGGA_JIA_DC_1,NK,NK,uce_l3_logreg_probe
TCAGGTAAGTGGGATC_JIA_CD7_4,NK,NK,uce_l3_logreg_probe
GTGCTTCAGAGTCTGG_JIA_Total_19,NK,NK,uce_l3_logreg_probe
CTCCTAGCAATCGGTT_JIA_CD7_3,NK,NK,uce_l3_logreg_probe
ATTTCTGGTAGCAAAT_JIA_CD7_4,NK,NK,uce_l3_logreg_probe
GGGCATCTCGGGAGTA_JIA_CD7_1,NK,NK,uce_l3_logreg_probe
GAGAGGTAGTTGGGAC_JIA_DC_1,NK,NK,uce_l3_logreg_probe
ACTGATGAGGACAGAA_JIA_Total_24,NK,NK,uce_l3_logreg_probe
CTCGTCATCACAGTAC_JIA_CD7_4,NK,NK,uce_l3_logreg_probe
ACACCAAGTAGGGTAC_JIA_CD7_4,NK,NK,uce_l3_logreg_probe
GCAAACTCAAGTAATG_JIA_CD7_3,NK,NK,uce_l3_logreg_probe
ATGGGAGCAACTGCTA_JIA_CD7_3,NK,NK,uce_l3_logreg_probe
CGAGCCACAATGGTCT_JIA_CD7_4,ILC,ILC,uce_l3_logreg_probe
AGAGCTTGTAAGGATT_JIA_CD7_5,NK,NK,uce_l3_logreg_probe
ACAGCTAAGCCAGTTT_JIA_CD7_2,NK,NK,uce_l3_logreg_probe
ACTTTCATCTGATTCT_JIA_CD7_3,NK,NK,uce_l3_logreg_probe
CACCACTAGCCTTGAT_JIA_Total_10,NK,NK,uce_l3_logreg_probe
CGTTAGATCTCTAAGG_JIA_CD7_5,ILC,ILC,uce_l3_logreg_probe
AACTCTTTCTTTACAC_JIA_CD7_5,NK,NK,uce_l3_logreg_probe
CGGCTAGAGACTCGGA_JIA_CD7_3,NK,NK,uce_l3_logreg_probe
CGGACACCACTCGACG_JIA_CD7_5,ILC,ILC,uce_l3_logreg_probe
GCTGGGTGTCGACTAT_JIA_CD7_1,NK,NK,uce_l3_logreg_probe
GTGCTTCTCACGCGGT_JIA_CD7_5,NK,NK,uce_l3_logreg_probe
GGGACCTTCATGCATG_JIA_CD7_5,NK,NK,uce_l3_logreg_probe
TCTCTAACAAAGTCAA_JIA_CD7_1,NK,NK,uce_l3_logreg_probe
CAGATCATCCCTGACT_JIA_CD7_1,NK,NK,uce_l3_logreg_probe
CACTCCACAGACAAAT_JIA_CD7_2,NK,NK,uce_l3_logreg_probe
ACCGTAATCTTAGAGC_JIA_CD7_5,NK,NK,uce_l3_logreg_probe
GGGAGATGTTAAAGAC_JIA_CD7_3,ILC,ILC,uce_l3_logreg_probe
ATTATCCGTACATCCA_JIA_Total_5,NK,NK,uce_l3_logreg_probe
GTATTCTGTGTCGCTG_JIA_CD7_5,NK,NK,uce_l3_logreg_probe
ACTGATGCAGGCTCAC_JIA_CD7_1,NK,NK,uce_l3_logreg_probe
TGCGTGGGTAAGTGTA_JIA_CD7_4,NK,NK,uce_l3_logreg_probe
GGACATTCAACCGCCA_JIA_CD7_2,NK,NK,uce_l3_logreg_probe
CACAGGCTCCGCATAA_JIA_CD7_4,NK,NK,uce_l3_logreg_probe
AGGTCCGAGCTCCTCT_JIA_CD7_5,NK,NK,uce_l3_logreg_probe
CTCTGGTCATAAGACA_JIA_Total_17,NK,NK,uce_l3_logreg_probe
CGGAGCTTCTGCTGTC_JIA_CD7_4,ILC,ILC,uce_l3_logreg_probe
CGAACATCATAGACTC_JIA_Total_26,NK,NK,uce_l3_logreg_probe
CACATAGTCCTGCCAT_JIA_Total_25,NK,NK,uce_l3_logreg_probe
CCTAGCTCAGCTGTGC_JIA_CD7_4,NK,NK,uce_l3_logreg_probe
GGGACCTAGCGTAATA_JIA_Total_23,NK,NK,uce_l3_logreg_probe
CGTTAGAGTTTGTTGG_JIA_CD7_5,NK,NK,uce_l3_logreg_probe
CCGTGGATCCCATTTA_JIA_CD7_3,NK,NK,uce_l3_logreg_probe
GACGGCTCAAGCGTAG_JIA_CD7_1,NK,NK,uce_l3_logreg_probe
CATCAAGCAAGTACCT_JIA_CD7_1,NK,NK,uce_l3_logreg_probe
CTGAAGTGTCGACTGC_JIA_CD7_4,NK,NK,uce_l3_logreg_probe
ACTGAGTCACCGAAAG_JIA_CD7_5,ILC,ILC,uce_l3_logreg_probe
AAGCGTTAGGCCACTC_JIA_CD45_2,NK,NK,uce_l3_logreg_probe
AGCTTGATCTTAGAGC_JIA_CD7_2,NK,NK,uce_l3_logreg_probe
TACGGTAAGCAGCCTC_JIA_CD7_5,ILC,ILC,uce_l3_logreg_probe
GGCGTGTCATTAGGCT_JIA_CD7_3,NK,NK,uce_l3_logreg_probe
GCACATATCTCAAGTG_JIA_Total_19,NK,NK,uce_l3_logreg_probe
GCTCTGTGTTATTCTC_JIA_CD7_4,NK,NK,uce_l3_logreg_probe
GGGTATTTCGCCTTTG_JIA_DC_1,NK,NK,uce_l3_logreg_probe
CATGCCTTCTCTGTCG_JIA_CD7_4,NK,NK,uce_l3_logreg_probe
ATCTGCCCAATCAGAA_JIA_Total_26,NK,NK,uce_l3_logreg_probe
CCACTACTCGCACTCT_JIA_CD7_5,NK,NK,uce_l3_logreg_probe
CTGATCCCACCTGGTG_JIA_CD7_5,NK,NK,uce_l3_logreg_probe
CATTCGCTCCAAACTG_JIA_CD7_4,NK,NK,uce_l3_logreg_probe
GACTGCGCACATGGGA_JIA_Total_20,NK,NK,uce_l3_logreg_probe
CTGGTCTCACAGATTC_JIA_Total_20,NK,NK,uce_l3_logreg_probe
GTGAAGGCAAACTGTC_JIA_Total_10,NK,NK,uce_l3_logreg_probe
AATCGGTAGAGTGAGA_JIA_Total_2,NK,NK,uce_l3_logreg_probe
ATGAGGGGTATGAATG_JIA_Total_26,ILC,ILC,uce_l3_logreg_probe
TGACGGCTCCTCAACC_JIA_Total_11,NK,NK,uce_l3_logreg_probe
TGGTTAGGTATCACCA_JIA_CD7_5,NK,NK,uce_l3_logreg_probe
TGGGAAGTCGACCAGC_JIA_CD7_1,NK,NK,uce_l3_logreg_probe
GTGCATATCCTTGCCA_JIA_Total_24,NK,NK,uce_l3_logreg_probe
ATCATCTCACCGAAAG_JIA_CD7_3,NK,NK,uce_l3_logreg_probe
TGACTTTTCAACACGT_JIA_CD7_5,NK,NK,uce_l3_logreg_probe
AACTTTCGTAGAGCTG_JIA_Total_13,NK,NK,uce_l3_logreg_probe
GTACAACTCTCTGCTG_JIA_DC_2,NK,ILC,uce_l3_logreg_probe
GCTTCCACACACGCTG_JIA_CD7_4,NK,NK,uce_l3_logreg_probe
GTTACAGTCGCGATCG_JIA_CD7_4,NK,NK,uce_l3_logreg_probe
TTCGGTCCACACATGT_JIA_CD7_4,NK,NK,uce_l3_logreg_probe
GTGTGCGAGGGTGTTG_JIA_Total_19,NK,NK,uce_l3_logreg_probe
GACGTTACACACCGAC_JIA_CD7_1,NK,NK,uce_l3_logreg_probe
CAGCTGGGTTGGACCC_JIA_Total_2,NK,NK,uce_l3_logreg_probe
TACACGAGTCTGGTCG_JIA_CD7_4,NK,NK,uce_l3_logreg_probe
CTGATAGTCTCTTATG_JIA_CD7_5,NK,NK,uce_l3_logreg_probe
GGGAATGTCTCGTTTA_JIA_CD7_5,NK,NK,uce_l3_logreg_probe
TAGTTGGGTACAGTGG_JIA_CD7_2,NK,NK,uce_l3_logreg_probe
TTGGCAAGTAAACCTC_JIA_CD7_3,NK,NK,uce_l3_logreg_probe
ATTACTCGTCATCCCT_JIA_CD7_5,NK,NK,uce_l3_logreg_probe
TGGCGCAGTTATGCGT_JIA_CD7_5,NK,NK,uce_l3_logreg_probe
CTTAACTTCCCAAGAT_JIA_CD7_2,NK,NK,uce_l3_logreg_probe
TACTCGCGTTCGCGAC_JIA_CD7_4,ILC,ILC,uce_l3_logreg_probe
TCTGGAACATACAGCT_JIA_Total_25,NK,NK,uce_l3_logreg_probe
GTGTGCGTCAAGATCC_JIA_CD7_5,NK,NK,uce_l3_logreg_probe
GGCCGATGTGCTGTAT_JIA_CD7_5,NK,NK,uce_l3_logreg_probe
TGAGGGAGTCCGAATT_JIA_CD7_4,NK,NK,uce_l3_logreg_probe
CCTACCAAGTGCCATT_JIA_Total_20,NK,NK,uce_l3_logreg_probe
ATTGGTGCAAGCCGCT_JIA_CD7_2,NK,NK,uce_l3_logreg_probe
CTTTGCGCACCAGTTA_JIA_Total_1,NK,NK,uce_l3_logreg_probe
CAGCCGATCAGAGGTG_JIA_CD7_5,NK,NK,uce_l3_logreg_probe
GGGTTGCTCAGGTTCA_JIA_CD7_1,NK,NK,uce_l3_logreg_probe
CGTAGCGCAGACGCCT_JIA_CD7_4,NK,NK,uce_l3_logreg_probe
CAGCAGCGTAATCGTC_JIA_CD7_1,ILC,ILC,uce_l3_logreg_probe
GGAATAATCAGTTCGA_JIA_CD7_1,NK,NK,uce_l3_logreg_probe
AAGGCAGCAAAGCAAT_JIA_CD7_2,ILC,ILC,uce_l3_logreg_probe
GGCAATTGTGGTAACG_JIA_Total_25,NK,NK,uce_l3_logreg_probe
CCATTCGAGACTAAGT_JIA_Total_2,NK,NK,uce_l3_logreg_probe
CAAGAAAGTAAAGTCA_JIA_CD7_2,ILC,ILC,uce_l3_logreg_probe
GCGCGATCATGGTCAT_JIA_CD7_1,NK,NK,uce_l3_logreg_probe
GACGTTACACCTCGGA_JIA_Total_19,NK,NK,uce_l3_logreg_probe
GGATTACAGACGCAAC_JIA_CD7_4,NK,NK,uce_l3_logreg_probe
GACGGCTCACTTAAGC_JIA_CD7_5,NK,NK,uce_l3_logreg_probe
GTGCAGCCACAGAGGT_JIA_CD7_3,NK,NK,uce_l3_logreg_probe
TCAGCTCCACGAGAGT_JIA_Total_10,NK,NK,uce_l3_logreg_probe
ATTGGACTCGCGTTTC_JIA_CD7_4,NK,NK,uce_l3_logreg_probe
ACACCAATCCAGTATG_JIA_CD7_4,NK,NK,uce_l3_logreg_probe
CTGTTTAAGGACAGCT_JIA_CD7_1,NK,NK,uce_l3_logreg_probe
CATCAAGGTAGAGGAA_JIA_CD7_2,ILC,ILC,uce_l3_logreg_probe
CTTTGCGCAGCCTTTC_JIA_CD7_5,NK,NK,uce_l3_logreg_probe
TCGCGAGTCCTTTACA_JIA_CD7_2,NK,NK,uce_l3_logreg_probe
CAGGTGCAGACTTTCG_JIA_Total_20,NK,NK,uce_l3_logreg_probe
GGGCACTGTAAGAGAG_JIA_CD7_5,NK,NK,uce_l3_logreg_probe
ATCTGCCGTTGTCGCG_JIA_Total_24,NK,NK,uce_l3_logreg_probe
CGGACACCAGTTAACC_JIA_Total_20,NK,NK,uce_l3_logreg_probe
TAGACCAAGTTGAGTA_JIA_CD7_2,NK,NK,uce_l3_logreg_probe
GTATTCTAGAAGCCCA_JIA_CD7_4,NK,NK,uce_l3_logreg_probe
CCCTCCTGTTAAAGTG_JIA_CD7_2,NK,NK,uce_l3_logreg_probe
TTCGAAGCAGCTCGAC_JIA_CD7_1,NK,NK,uce_l3_logreg_probe
TCGGTAAAGTACGCGA_JIA_CD7_5,NK,NK,uce_l3_logreg_probe
AGTCTTTTCATGGTCA_JIA_CD7_1,NK,NK,uce_l3_logreg_probe
TGGCTGGGTACCTACA_JIA_Total_7,NK,NK,uce_l3_logreg_probe
CGTCACTTCAATCACG_JIA_CD7_3,NK,NK,uce_l3_logreg_probe
GTCTCGTGTGGAAAGA_JIA_CD7_4,NK,NK,uce_l3_logreg_probe
GCTGCTTTCATCACCC_JIA_CD7_4,NK,NK,uce_l3_logreg_probe
AAGGTTCAGGTGTTAA_JIA_Total_20,ILC,ILC,uce_l3_logreg_probe
ACTTGTTGTATCAGTC_JIA_CD7_5,NK,NK,uce_l3_logreg_probe
GCACATATCCTAGAGT_JIA_DC_1,NK,NK,uce_l3_logreg_probe
ACGGCCACACAGCGTC_JIA_CD7_3,NK,NK,uce_l3_logreg_probe
CACACAATCGACGGAA_JIA_Total_1,ILC,ILC,uce_l3_logreg_probe
AGGTCATGTGCGATAG_JIA_CD7_4,NK,NK,uce_l3_logreg_probe
GGAGCAACATGGTTGT_JIA_Total_4,NK,NK,uce_l3_logreg_probe
CTCGGAGCAGCGTCCA_JIA_CD7_4,NK,NK,uce_l3_logreg_probe
CTCGAAAGTGTGCGTC_JIA_CD7_4,NK,NK,uce_l3_logreg_probe
CCTTACGCAGAGCCAA_JIA_Total_13,ILC,ILC,uce_l3_logreg_probe
GAGCAGAAGAGGGCTT_JIA_Total_26,NK,NK,uce_l3_logreg_probe
CGGAGTCAGCGTTGCC_JIA_Total_19,NK,NK,uce_l3_logreg_probe
GGCTGGTCAGGGAGAG_JIA_CD7_4,NK,NK,uce_l3_logreg_probe
GTTCATTCACAGATTC_JIA_Total_25,NK,NK,uce_l3_logreg_probe
CACCAGGGTATCACCA_JIA_Total_20,NK,NK,uce_l3_logreg_probe
AGTAGTCTCAGTTGAC_JIA_Total_1,NK,NK,uce_l3_logreg_probe
CTAACCCGTTGTTGCA_JIA_DC_1,ILC,ILC,uce_l3_logreg_probe
GCACATAAGTGTACCT_JIA_Total_1,NK,NK,uce_l3_logreg_probe
ATCGAGTCACCGTTGG_JIA_CD7_2,NK,NK,uce_l3_logreg_probe
ATGTGTGCAACACGCC_JIA_CD7_3,NK,NK,uce_l3_logreg_probe
ATGCGATCAGCTCGAC_JIA_CD7_3,NK,NK,uce_l3_logreg_probe
GCGCAGTTCCGAAGAG_JIA_CD7_1,ILC,ILC,uce_l3_logreg_probe
ATAGGCTCACTGTGAT_JIA_DC_2,NK,NK,uce_l3_logreg_probe
CTTACCGCATCACAAC_JIA_CD7_3,NK,NK,uce_l3_logreg_probe
CGGAGTCCAGCCTTTC_JIA_CD7_2,NK,NK,uce_l3_logreg_probe
TGAGGGACACTTGGAT_JIA_Total_5,NK,NK,uce_l3_logreg_probe
ACGGCCAAGCGTAGTG_JIA_CD7_3,NK,NK,uce_l3_logreg_probe
AGCGTATAGAATAGGG_JIA_CD7_5,NK,NK,uce_l3_logreg_probe
CGTAGGCTCTGACCTC_JIA_Total_24,NK,NK,uce_l3_logreg_probe
ATCATGGAGGTAAACT_JIA_Total_19,NK,NK,uce_l3_logreg_probe
TATCTCAAGAGCCCAA_JIA_CD7_4,NK,NK,uce_l3_logreg_probe
CGTCAGGTCGCTGATA_JIA_CD7_3,NK,NK,uce_l3_logreg_probe
GTGTTAGCACACCGAC_JIA_CD7_5,NK,NK,uce_l3_logreg_probe
TGCGTGGAGCGTCTAT_JIA_CD7_5,NK,NK,uce_l3_logreg_probe
GGACAAGCAGGTGCCT_JIA_CD7_5,NK,NK,uce_l3_logreg_probe
TGTATTCGTCGTGGCT_JIA_CD7_3,NK,NK,uce_l3_logreg_probe
AGTCTTTGTAGAGTGC_JIA_CD7_3,NK,NK,uce_l3_logreg_probe
ATAACGCCAGATCTGT_JIA_CD7_4,ILC,ILC,uce_l3_logreg_probe
TGCGTGGCATGCCTAA_JIA_CD7_5,NK,NK,uce_l3_logreg_probe
CAAGGCCAGAGGTACC_JIA_CD7_3,NK,NK,uce_l3_logreg_probe
TGGCTGGCATCTCCCA_JIA_Total_1,NK,NK,uce_l3_logreg_probe
AACTGGTCAGGGCATA_JIA_Total_1,NK,NK,uce_l3_logreg_probe
TGACAACAGACAGGCT_JIA_CD7_1,NK,NK,uce_l3_logreg_probe
TGAGAGGGTACTCAAC_JIA_CD7_5,NK,NK,uce_l3_logreg_probe
CCCAGTTCATTACCTT_JIA_Total_1,NK,NK,uce_l3_logreg_probe
GTCAAGTCAGTGACAG_JIA_CD7_3,NK,NK,uce_l3_logreg_probe
AGCAGCCTCATTGCCC_JIA_CD7_4,NK,NK,uce_l3_logreg_probe
CGTGTCTTCTGCCCTA_JIA_Total_10,NK,NK,uce_l3_logreg_probe
GTATCTTAGACAGACC_JIA_CD7_3,NK,NK,uce_l3_logreg_probe
CATGACATCTTATCTG_JIA_Total_1,NK,NK,uce_l3_logreg_probe
CCCAGTTAGGTGTTAA_JIA_CD7_4,NK,NK,uce_l3_logreg_probe
TCATTTGGTTCGCTAA_JIA_CD7_3,NK,NK,uce_l3_logreg_probe
CTCGGAGTCCATGAAC_JIA_CD7_5,NK,NK,uce_l3_logreg_probe
AGATCGTTCTGCCCTA_JIA_DC_1,NK,NK,uce_l3_logreg_probe
CCTAAGATCGTACACA_JIA_DC_1,NK,NK,uce_l3_logreg_probe
TGGTTCCCAAACCCAT_JIA_CD7_4,NK,NK,uce_l3_logreg_probe
CAGTAACCAAAGAATC_JIA_CD7_3,NK,NK,uce_l3_logreg_probe
TCACAAGTCCGCGCAA_JIA_CD7_3,NK,NK,uce_l3_logreg_probe
TAAACCGTCGCTGATA_JIA_CD7_5,NK,NK,uce_l3_logreg_probe
GGTATTGGTCGTGGCT_JIA_Total_16,NK,NK,uce_l3_logreg_probe
GCATGTACACATAACC_JIA_Total_1,NK,NK,uce_l3_logreg_probe
CTGAAACCACATGGGA_JIA_CD7_4,NK,ILC,uce_l3_logreg_probe
GCAAACTGTTAAGAAC_JIA_Total_25,NK,NK,uce_l3_logreg_probe
CACCAGGAGAAACGAG_JIA_Total_4,NK,NK,uce_l3_logreg_probe
GACGTTACACAGGTTT_JIA_CD7_5,NK,NK,uce_l3_logreg_probe
CTGCCTAAGCGATTCT_JIA_Total_14,NK,ILC,uce_l3_logreg_probe
CTCGGAGGTTTGGCGC_JIA_Total_14,NK,NK,uce_l3_logreg_probe
TGCCAAATCCCAACGG_JIA_CD7_5,NK,NK,uce_l3_logreg_probe
AACTCAGCAAGGTTCT_JIA_CD7_2,ILC,ILC,uce_l3_logreg_probe
AGTTGGTAGGAGTTTA_JIA_CD7_2,NK,NK,uce_l3_logreg_probe
TCGAGGCTCTGCGACG_JIA_CD7_2,ILC,ILC,uce_l3_logreg_probe
TGAGCCGAGGCCCTTG_JIA_CD7_5,NK,NK,uce_l3_logreg_probe
ACTATCTTCTTACCTA_JIA_CD7_4,NK,ILC,uce_l3_logreg_probe
ATAGACCTCTGCAGTA_JIA_CD7_4,NK,NK,uce_l3_logreg_probe
GCATGTAGTTGATTGC_JIA_Total_26,NK,NK,uce_l3_logreg_probe
GCGCAGTAGTCCATAC_JIA_CD7_4,NK,NK,uce_l3_logreg_probe
GTAACGTCACAAGCCC_JIA_CD7_5,NK,NK,uce_l3_logreg_probe
TGCCAAACACACATGT_JIA_CD7_4,NK,NK,uce_l3_logreg_probe
CACACCTGTCAGCTAT_JIA_Total_14,NK,NK,uce_l3_logreg_probe
GTGAAGGGTAAGTGGC_JIA_CD7_1,NK,NK,uce_l3_logreg_probe
GTAACGTCATGCCTTC_JIA_CD7_4,NK,NK,uce_l3_logreg_probe
TCTCTAACAACACCTA_JIA_Total_2,NK,NK,uce_l3_logreg_probe
CCTTCGAGTGTGACCC_JIA_CD7_5,NK,NK,uce_l3_logreg_probe
GCGACCAAGCGTTTAC_JIA_CD7_2,NK,NK,uce_l3_logreg_probe
CAGAATCGTGCCTGGT_JIA_CD7_3,NK,NK,uce_l3_logreg_probe
CCTTCGACATGCCTTC_JIA_Total_4,NK,NK,uce_l3_logreg_probe
CTGAAACAGCTACCGC_JIA_CD7_2,ILC,ILC,uce_l3_logreg_probe
GGGATGACATAGGATA_JIA_Total_20,NK,NK,uce_l3_logreg_probe
TGCGTGGTCATATCGG_JIA_CD7_4,NK,NK,uce_l3_logreg_probe
AGCAGCCTCTAACTTC_JIA_CD7_5,NK,NK,uce_l3_logreg_probe
TTGGAACTCCAAATGC_JIA_CD7_4,NK,NK,uce_l3_logreg_probe
GGACGTCGTCTTCGTC_JIA_CD7_3,NK,NK,uce_l3_logreg_probe
GCGACCACACGAAGCA_JIA_Total_4,NK,NK,uce_l3_logreg_probe
TTGAACGGTACAGTGG_JIA_Total_2,NK,NK,uce_l3_logreg_probe
AGAGCTTTCGCTAGCG_JIA_CD7_4,NK,NK,uce_l3_logreg_probe
GGAATAATCTCGGACG_JIA_CD7_2,ILC,ILC,uce_l3_logreg_probe
GGCAATTTCATCACCC_JIA_CD7_3,NK,NK,uce_l3_logreg_probe
TTTCCTCCATCGATTG_JIA_Total_26,NK,NK,uce_l3_logreg_probe
AGCCTAAAGAACAACT_JIA_CD7_5,NK,NK,uce_l3_logreg_probe
GTCTTCGTCCTGCCAT_JIA_Total_1,NK,NK,uce_l3_logreg_probe
CGTCCATAGCCACTAT_JIA_CD7_5,NK,NK,uce_l3_logreg_probe
CACAGTAAGCCAGGAT_JIA_CD7_5,NK,NK,uce_l3_logreg_probe
GACGTGCAGACATAAC_JIA_CD7_1,NK,NK,uce_l3_logreg_probe
GGAGCAATCCACGTGG_JIA_CD7_2,NK,NK,uce_l3_logreg_probe
AGAGTGGCAGTGGAGT_JIA_CD7_4,NK,NK,uce_l3_logreg_probe
CTCGGGAGTGTGGTTT_JIA_CD7_4,NK,NK,uce_l3_logreg_probe
CAGCCAGTCAAAGGAT_JIA_DC_1,NK,NK,uce_l3_logreg_probe
ACGTCAAAGTGGAGAA_JIA_Total_20,NK,ILC,uce_l3_logreg_probe
ATAGACCGTCTCGTTC_JIA_CD7_5,NK,NK,uce_l3_logreg_probe
CTCAGAATCGAGAGCA_JIA_CD7_2,NK,NK,uce_l3_logreg_probe
TGGCCAGGTGATGATA_JIA_Total_17,NK,NK,uce_l3_logreg_probe
TACTTGTCACGCTTTC_JIA_CD7_4,NK,NK,uce_l3_logreg_probe
ATTGGTGAGTGGTCCC_JIA_CD7_3,NK,NK,uce_l3_logreg_probe
TCACGAAAGTAGGTGC_JIA_CD7_4,NK,NK,uce_l3_logreg_probe
CTCGTACCACGAAACG_JIA_CD7_5,NK,NK,uce_l3_logreg_probe
AACTGGTGTACATCCA_JIA_CD7_1,NK,NK,uce_l3_logreg_probe
CAGAGAGTCATTGCGA_JIA_CD7_2,NK,NK,uce_l3_logreg_probe
AACCGCGCACAAGACG_JIA_Total_10,NK,NK,uce_l3_logreg_probe
TGATTTCCATTGCGGC_JIA_Total_25,ILC,ILC,uce_l3_logreg_probe
CAGTCCTTCAGAGCTT_JIA_CD7_4,NK,NK,uce_l3_logreg_probe
TTTGCGCAGTCCCACG_JIA_CD7_4,NK,NK,uce_l3_logreg_probe
ATAAGAGTCTTAACCT_JIA_CD7_1,NK,NK,uce_l3_logreg_probe
TCTCATAAGTATCGAA_JIA_CD7_5,NK,NK,uce_l3_logreg_probe
TGTGGTAGTTCCAACA_JIA_CD7_4,NK,NK,uce_l3_logreg_probe
ATCTGCCCACCAACCG_JIA_CD7_5,NK,NK,uce_l3_logreg_probe
CAAGTTGCAGCTCGCA_JIA_CD7_5,NK,NK,uce_l3_logreg_probe
CGATCGGAGTCAAGGC_JIA_CD7_4,NK,NK,uce_l3_logreg_probe
AGGTCATAGAGCCCAA_JIA_CD7_1,NK,NK,uce_l3_logreg_probe
GTTCATTAGAGTCTGG_JIA_Total_14,NK,NK,uce_l3_logreg_probe
TGCGTGGGTGAGTGAC_JIA_CD7_5,NK,NK,uce_l3_logreg_probe
AACTCTTGTGACAAAT_JIA_CD7_2,NK,NK,uce_l3_logreg_probe
CCGTGGAGTAAATGAC_JIA_CD7_5,NK,NK,uce_l3_logreg_probe
TAAGAGAGTTACTGAC_JIA_CD7_4,NK,NK,uce_l3_logreg_probe
CCACCTAAGACGACGT_JIA_CD7_2,ILC,ILC,uce_l3_logreg_probe
GTGGGTCAGATGGCGT_JIA_CD7_2,NK,NK,uce_l3_logreg_probe
AGGTCCGGTCTCTCGT_JIA_CD7_5,NK,NK,uce_l3_logreg_probe
CTAACTTTCATACGGT_JIA_CD7_4,NK,NK,uce_l3_logreg_probe
TTCTTAGGTGTAACGG_JIA_CD7_5,NK,NK,uce_l3_logreg_probe
CCAATCCTCAACCATG_JIA_Total_1,NK,NK,uce_l3_logreg_probe
CTTAGGATCAAACCAC_JIA_Total_20,NK,NK,uce_l3_logreg_probe
GTCACGGTCGGAATCT_JIA_CD7_3,NK,NK,uce_l3_logreg_probe
GCCAGGTTCTCCAATT_JIA_DC_1,NK,NK,uce_l3_logreg_probe
CACACCTCATTACCTT_JIA_Total_1,NK,NK,uce_l3_logreg_probe
GACGGCTAGAAGCCCA_JIA_CD7_3,NK,NK,uce_l3_logreg_probe
TAAGTGCGTTCAGGCC_JIA_CD7_5,NK,NK,uce_l3_logreg_probe
GGCAATTCACGGCGTT_JIA_Total_2,NK,NK,uce_l3_logreg_probe
TACCTTAAGATACACA_JIA_CD7_2,NK,NK,uce_l3_logreg_probe
ACATACGCAAAGCGGT_JIA_CD7_5,NK,ILC,uce_l3_logreg_probe
CCTTACGCAGGGCATA_JIA_CD7_5,NK,NK,uce_l3_logreg_probe
AAACGGGTCTTAACCT_JIA_CD7_5,NK,NK,uce_l3_logreg_probe
CAGCATATCCGTTGTC_JIA_CD7_4,ILC,ILC,uce_l3_logreg_probe
CCGGGATTCGCCTGTT_JIA_CD7_5,NK,NK,uce_l3_logreg_probe
CGTTCTGAGAAGGGTA_JIA_Total_17,NK,NK,uce_l3_logreg_probe
CTACCCACAGCTGTGC_JIA_Total_19,NK,NK,uce_l3_logreg_probe
AGCATACCAACACCCG_JIA_CD7_5,NK,NK,uce_l3_logreg_probe
GAATAAGAGTTAAGTG_JIA_CD7_4,NK,ILC,uce_l3_logreg_probe
GATCTAGGTAGTACCT_JIA_CD7_5,NK,NK,uce_l3_logreg_probe
ACGAGCCCAGCCTTGG_JIA_CD7_2,ILC,ILC,uce_l3_logreg_probe
CGTAGCGGTCACCCAG_JIA_CD7_1,NK,NK,uce_l3_logreg_probe
GCCAAATTCAGTTTGG_JIA_Total_1,NK,NK,uce_l3_logreg_probe
AAGCCGCTCTCTTGAT_JIA_CD7_1,ILC,ILC,uce_l3_logreg_probe
TGACGGCGTAATCGTC_JIA_CD7_2,NK,NK,uce_l3_logreg_probe
ACTGATGGTACATGTC_JIA_CD7_5,NK,NK,uce_l3_logreg_probe
CTTCTCTCACACTGCG_JIA_CD7_4,ILC,ILC,uce_l3_logreg_probe
GAGTCCGGTCGGGTCT_JIA_CD7_5,NK,NK,uce_l3_logreg_probe
CTCTAATAGCTAGCCC_JIA_CD7_5,NK,NK,uce_l3_logreg_probe
GATGAAACACGAAGCA_JIA_CD7_3,NK,NK,uce_l3_logreg_probe
GCTGCGAGTTGCGCAC_JIA_CD7_4,NK,NK,uce_l3_logreg_probe
GGTCACGGTGTTAGCT_JIA_DC_1,NK,NK,uce_l3_logreg_probe
TGCCCATGTCGAAAGC_JIA_CD7_2,ILC,ILC,uce_l3_logreg_probe
GCTCCTACAGGATTGG_JIA_CD7_5,NK,NK,uce_l3_logreg_probe
